cache_last_updated,dataset_id,webstore_last_updated,id,size,state,last_modified,hash,description,format,mimetype_inner,url_type,mimetype,cache_url,name,created,url,webstore_url,position,revision_id,resource_type,DL_LINK_ID
,data-00000001,,,0,active,,,官公庁施設の情報（国・府・市の機関）,CSV,,,,,01_施設情報ポイントデータ（官公庁）,2020-02-09T19:28:05,https://www.mapnavi.city.osaka.lg.jp/osakacity/osakacity/opendatafile/map_1/CSV/opendata_1001.csv,,1,,,
,data-00000001,,,0,active,,,学校・保育所施設の情報（幼稚園・保育所・小学校・中学校・高等学校・大学等）,CSV,,,,,02_施設情報ポイントデータ（学校・保育所）,2020-02-09T19:28:05,https://www.mapnavi.city.osaka.lg.jp/osakacity/osakacity/opendatafile/map_1/CSV/opendata_1002.csv,,2,,,
,data-00000001,,,0,active,,,市営住宅の情報,CSV,,,,,03_施設情報ポイントデータ（市営住宅）,2022-03-07T00:00:00,https://www.mapnavi.city.osaka.lg.jp/osakacity/osakacity/opendatafile/map_1/CSV/opendata_1035.csv,,3,,,
,data-00000001,,,0,active,,,公園・児童遊園・広場・スポーツ施設の情報,CSV,,,,,04_施設情報ポイントデータ（公園・スポーツ）,2020-02-09T19:28:09,https://www.mapnavi.city.osaka.lg.jp/osakacity/osakacity/opendatafile/map_1/CSV/opendata_1003.csv,,4,,,
,data-00000001,,,0,active,,,会館・ホール・地域集会所・老人憩いの家施設の情報,CSV,,,,,05_施設情報ポイントデータ（会館・ホール）,2020-02-09T21:38:20,https://www.mapnavi.city.osaka.lg.jp/osakacity/osakacity/opendatafile/map_1/CSV/opendata_1004.csv,,5,,,
,data-00000001,,,0,active,,,文化・観光施設の情報（図書館・美術館・博物館・都市景観資源等）,CSV,,,,,06_施設情報ポイントデータ（文化・観光）,2020-02-09T19:28:18,https://www.mapnavi.city.osaka.lg.jp/osakacity/osakacity/opendatafile/map_1/CSV/opendata_1005.csv,,6,,,
,data-00000001,,,0,active,,,警察・交番・消防施設の情報,CSV,,,,,07_施設情報ポイントデータ（警察・消防）,2020-02-09T19:28:20,https://www.mapnavi.city.osaka.lg.jp/osakacity/osakacity/opendatafile/map_1/CSV/opendata_1006.csv,,7,,,
,data-00000001,,,0,active,,,医療・福祉施設の情報（病院・診療所・福祉施設）,CSV,,,,,08_施設情報ポイントデータ（医療・福祉）,2020-02-09T19:28:23,https://www.mapnavi.city.osaka.lg.jp/osakacity/osakacity/opendatafile/map_1/CSV/opendata_1007.csv,,8,,,
,data-00000001,,,0,active,,,社寺・名所・旧跡の情報,CSV,,,,,09_施設情報ポイントデータ（名所・旧跡）,2020-02-09T19:28:25,https://www.mapnavi.city.osaka.lg.jp/osakacity/osakacity/opendatafile/map_1/CSV/opendata_1008.csv,,9,,,
,data-00000001,,,0,active,,,駅・バス停施設の情報,CSV,,,,,10_施設情報ポイントデータ（駅・バス停）,2020-02-09T19:28:33,https://www.mapnavi.city.osaka.lg.jp/osakacity/osakacity/opendatafile/map_1/CSV/opendata_1009.csv,,10,,,
,data-00000001,,,0,active,,,駐車場・駐輪場施設の情報（バイク駐車場・駅周辺駐輪場・自転車保管所・パーク&ライド駐車場）,CSV,,,,,11_施設情報ポイントデータ（駐車場・駐輪場）,2020-02-09T19:28:38,https://www.mapnavi.city.osaka.lg.jp/osakacity/osakacity/opendatafile/map_1/CSV/opendata_1010.csv,,11,,,
,data-00000001,,,0,active,,,駐車場・駐輪場の管理事務所の情報,CSV,,,,,12_施設情報ポイントデータ（駐車場・駐輪場（管理事務所））,2022-03-07T00:00:00,https://www.mapnavi.city.osaka.lg.jp/osakacity/osakacity/opendatafile/map_1/CSV/opendata_1034.csv,,12,,,
,data-00000001,,,0,active,,,公衆トイレの情報,CSV,,,,,13_施設情報ポイントデータ（公衆トイレ）,2020-02-09T19:28:40,https://www.mapnavi.city.osaka.lg.jp/osakacity/osakacity/opendatafile/map_1/CSV/opendata_1011.csv,,13,,,
,data-00000001,,,0,active,,,環境・リサイクル施設の情報（古紙回収協力店、喫煙可能場所）,CSV,,,,,14_施設情報ポイントデータ（環境・リサイクル）,2020-02-09T19:28:40,https://www.mapnavi.city.osaka.lg.jp/osakacity/osakacity/opendatafile/map_1/CSV/opendata_1012.csv,,14,,,
,data-00000001,,,0,active,,,公衆無線LANスポットの情報,CSV,,,,,15_施設情報ポイントデータ（無線LANスポット）,2020-02-09T20:56:12,https://www.mapnavi.city.osaka.lg.jp/osakacity/osakacity/opendatafile/map_1/CSV/opendata_1013.csv,,15,,,
,data-00000001,,,0,active,,,他のカテゴリに当てはまらない施設情報（市設霊園・船着場・協会など）,CSV,,,,,16_施設情報ポイントデータ（その他）,2020-02-09T20:56:13,https://www.mapnavi.city.osaka.lg.jp/osakacity/osakacity/opendatafile/map_1/CSV/opendata_1014.csv,,16,,,
,data-00000001,,,0,active,,,樹木のもつ機能や価値に関する情報,CSV,,,,,17_樹木情報ポイントデータ,2025-05-30T00:00:00,https://www.mapnavi.city.osaka.lg.jp/osakacity/osakacity/opendatafile/map_99/CSV/opendata_1061.csv,,17,,,
,data-00000001,,,0,active,,,災害時避難所・一時避難場所に関する情報,CSV,,,,,18_防災関連施設ポイントデータ（災害時避難所・一時避難場所）,2020-02-09T19:29:52,https://www.mapnavi.city.osaka.lg.jp/osakacity/osakacity/opendatafile/map_2/CSV/opendata_2015.csv,,18,,,
,data-00000001,,,0,active,,,災害時用へリポートに関する情報,CSV,,,,,19_防災関連施設ポイントデータ（災害時用ヘリポート）,2020-02-09T19:29:58,https://www.mapnavi.city.osaka.lg.jp/osakacity/osakacity/opendatafile/map_2/CSV/opendata_2017.csv,,19,,,
,data-00000001,,,0,active,,,防火水槽等に関する情報,CSV,,,,,20_防災関連施設ポイントデータ（防火水槽など）,2020-02-09T19:28:55,https://www.mapnavi.city.osaka.lg.jp/osakacity/osakacity/opendatafile/map_2/CSV/opendata_2013.csv,,20,,,
,data-00000001,,,0,active,,,防災スピーカーに関する情報,CSV,,,,,21_防災関連施設ポイントデータ（防災スピーカー）,2020-02-09T19:30:01,https://www.mapnavi.city.osaka.lg.jp/osakacity/osakacity/opendatafile/map_2/CSV/opendata_2018.csv,,21,,,
,data-00000001,,,0,active,,,津波避難ビルに関する情報,CSV,,,,,22_防災関連施設ポイントデータ（津波避難ビル）,2020-02-09T19:29:58,https://www.mapnavi.city.osaka.lg.jp/osakacity/osakacity/opendatafile/map_2/CSV/opendata_2016.csv,,22,,,
,data-00000001,,,0,active,,,標高に関する情報,CSV,,,,,23_防災関連施設ポイントデータ（標高),2020-02-09T19:29:47,https://www.mapnavi.city.osaka.lg.jp/osakacity/osakacity/opendatafile/map_2/CSV/opendata_2014.csv,,23,,,
,data-00000001,,,0,active,,,防災関連施設の広域避難場所（ポリゴン）に関する情報,CSV,,,,,24_防災関連施設エリアデータ（広域避難場所）,2020-02-09T19:28:44,https://www.mapnavi.city.osaka.lg.jp/osakacity/osakacity/opendatafile/map_2/Shape/opendata_2008.zip,,24,,,
,data-00000001,,,0,active,,,防災関連施設の避難経路（ライン）に関する情報,CSV,,,,,25_防災関連施設エリアデータ（避難経路）,2020-02-24T08:35:52,https://www.mapnavi.city.osaka.lg.jp/osakacity/osakacity/opendatafile/map_2/Shape/opendata_2009.zip,,25,,,
,data-00000001,,,0,active,,,防災関連施設の緊急交通路_広域(重点14路線)(ライン)に関する情報,CSV,,,,,26_防災関連施設エリアデータ(緊急交通路_広域(重点14路線)),2020-02-24T08:35:53,https://www.mapnavi.city.osaka.lg.jp/osakacity/osakacity/opendatafile/map_2/Shape/opendata_2010.zip,,26,,,
,data-00000001,,,0,active,,,防災関連施設の緊急交通路_広域(重点14路線以外)(ライン)に関する情報,CSV,,,,,27_防災関連施設エリアデータ(緊急交通路_広域(重点14路線以外)),2020-02-24T08:35:53,https://www.mapnavi.city.osaka.lg.jp/osakacity/osakacity/opendatafile/map_2/Shape/opendata_2011.zip,,27,,,
,data-00000001,,,0,active,,,防災関連施設の緊急交通路_地域(ライン)に関する情報,CSV,,,,,28_防災関連施設エリアデータ(緊急交通路_地域),2020-02-24T08:35:54,https://www.mapnavi.city.osaka.lg.jp/osakacity/osakacity/opendatafile/map_2/Shape/opendata_2012.zip,,28,,,
,data-00000001,,,0,active,,,地価公示に関する情報,CSV,,,,,29_地価公示,2020-02-09T19:28:44,https://www.mapnavi.city.osaka.lg.jp/osakacity/osakacity/opendatafile/map_4/CSV/opendata_4001.csv,,29,,,
,data-00000001,,,0,active,,,地価調査に関する情報,CSV,,,,,30_地価調査,2020-02-09T19:28:44,https://www.mapnavi.city.osaka.lg.jp/osakacity/osakacity/opendatafile/map_4/CSV/opendata_4002.csv,,30,,,
,data-00000002,,,0,active,2026-03-31T00:00:00,,市内の土地利用の状況について現況を調査し、データ化したもの,CSV,,,,,31_土地利用情報（令和2年度）,2026-03-31T00:00:00,https://www.city.osaka.lg.jp/contents/wdu090/opendata/mapinfo/tochiriyo_R2.zip,,0,,,
,data-00000002,,,0,active,2022-04-01T00:00:00,,マップナビおおさかで使用している住所検索用情報,CSV,,,,,32_住所データ,2015-01-09T00:00:00,https://www.city.osaka.lg.jp/contents/wdu090/opendata/mapnavoskdat_csv/jusho.csv,,1,,,
,data-00000002,,,0,active,2022-04-01T00:00:00,,住所データで使用している区コード情報（項目名「CODE_ME」の下2けた）,CSV,,,,,33_区コード,2015-01-09T00:00:00,https://www.city.osaka.lg.jp/contents/wdu090/opendata/mapnavoskdat_csv/kucode.csv,,2,,,
,data-00000002,,,0,active,2022-04-01T00:00:00,,住所データで使用している町コード情報（項目名「CODE_ME」の下4けた）,CSV,,,,,34_町コード,2015-01-09T00:00:00,https://www.city.osaka.lg.jp/contents/wdu090/opendata/mapnavoskdat_csv/chocode.csv,,3,,,
,data-00000005,,,0,active,2019-01-22T20:00:33,,24区の区域画像のワードオートシェイプ（地図上で左クリックすると書式変更可能）,DOCX,,,,,区域画像（docx）,2020-02-26T10:46:11,https://www.city.osaka.lg.jp/contents/wdu090/opendata/mapinfo/24kuiki_word.docx,,0,,,
,data-00000006,,,0,active,2019-01-20T21:20:57,,24区別の町丁目を表現したワードオートシェイプ（地図上で左クリックすると書式変更可能）のDOCXファイルをZIP圧縮したもの,zip(docx),,,,,区別町丁目画像（docx）,2019-01-20T21:20:57,https://www.city.osaka.lg.jp/contents/wdu090/opendata/mapinfo/24kutyomokubetu.zip,,0,,,
,data-00000008,,,27058777,active,2025-12-08T10:59:40,,,CSV,,,,,特定歴史公文書等の目録（2022年1月現在）,2025-12-08T10:59:40,https://www.city.osaka.lg.jp/contents/wdu290/opendata/dataset/data-00000008/mokuroku.csv,,0,,,
,data-00000009,,,4079,active,2025-01-28T10:58:16,,,CSV,,,,,平野区内の市立小学校・市立中学校・市立幼稚園・私立幼稚園,2025-01-28T10:58:16,https://www.city.osaka.lg.jp/contents/wdu290/opendata/dataset/data-00000009/20250128_hiranoku_gakkouichiran.csv,,0,,,
,data-00000010,,,190401,active,2025-12-12T16:18:46,,,CSV,,,,,AED設置場所一覧（オープンデータ）,2025-12-12T16:18:46,https://www.city.osaka.lg.jp/contents/wdu290/opendata/dataset/data-00000010/271004_aed.csv,,0,,,
,data-00000010,,,35103,active,2025-12-12T15:47:50,,,CSV,,,,,24時間の利用が可能なAED設置場所一覧表（オープンデータ）,2025-12-12T15:47:50,https://www.city.osaka.lg.jp/contents/wdu290/opendata/dataset/data-00000010/271004_24haed.csv,,1,,,
,data-00000011,,,1579,active,2020-02-03T00:38:00,,,CSV,,,,,投票場所と投票区域（2020年2月5日時点）,2020-02-03T00:38:00,https://www.city.osaka.lg.jp/contents/wdu290/opendata/dataset/data-00000011/20200202_touhyousyo_20200201.csv,,0,,,
,data-00000012,,,0,active,2020-01-23T23:00:26,,,CSV,,,,,市政モニターアンケート「こどもの貧困対策について」（平成30年度）,2020-01-23T23:00:25,https://www.city.osaka.lg.jp/contents/wdu290/opendata/dataset/data-00000012/rawdata_2018_kosei_kodomohinkon.csv,,0,,,
,data-00000013,,,121871,active,2020-01-27T15:58:35,,,CSV,,,,,世論調査「市政に関する市民意識」2回目（平成30年度）,2020-01-23T23:00:26,https://www.city.osaka.lg.jp/contents/wdu290/opendata/dataset/data-00000013/rawdata_2018_shiseikaikaku_shisei2.csv,,0,,,
,data-00000013,,,173910,active,2020-01-27T15:58:06,,,CSV,,,,,世論調査「市政に関する市民意識」（平成30年度）,2020-01-23T23:00:25,https://www.city.osaka.lg.jp/contents/wdu290/opendata/dataset/data-00000013/rawdata_2018_shiseikaikaku_shisei1.csv,,1,,,
,data-00000013,,,110473,active,2020-01-27T15:59:02,,,CSV,,,,,世論調査「市政に関する市民意識」2回目（平成29年度）,2020-01-23T23:00:26,https://www.city.osaka.lg.jp/contents/wdu290/opendata/dataset/data-00000013/rawdata_2017_shiseikaikaku_shisei2.csv,,2,,,
,data-00000014,,,213231,active,2026-05-01T16:33:01,,,CSV,,,,,居宅介護支援,2022-06-24T13:55:56,https://www.city.osaka.lg.jp/contents/wdu290/opendata/dataset/data-00000014/kyotakukaigoshien.csv,,0,,,
,data-00000015,,,414837,active,2026-05-01T16:33:01,,,CSV,,,,,訪問介護,2023-08-23T13:20:49,https://www.city.osaka.lg.jp/contents/wdu290/opendata/dataset/data-00000015/houmonnkaigo.csv,,0,,,
,data-00000015,,,4952,active,2026-05-01T16:33:01,,,CSV,,,,,訪問入浴介護,2022-06-24T15:14:32,https://www.city.osaka.lg.jp/contents/wdu290/opendata/dataset/data-00000015/houmonnnyuuyoku.csv,,1,,,
,data-00000015,,,159261,active,2026-05-01T16:33:01,,,CSV,,,,,訪問看護,2022-06-24T15:15:57,https://www.city.osaka.lg.jp/contents/wdu290/opendata/dataset/data-00000015/houmonnkanngo.csv,,2,,,
,data-00000015,,,6649,active,2026-05-01T16:33:01,,,CSV,,,,,訪問リハビリテーション,2023-08-23T13:21:00,https://www.city.osaka.lg.jp/contents/wdu290/opendata/dataset/data-00000015/houmonnriahabiri.csv,,3,,,
,data-00000015,,,67916,active,2026-05-01T16:33:01,,,CSV,,,,,通所介護,2023-08-23T13:26:47,https://www.city.osaka.lg.jp/contents/wdu290/opendata/dataset/data-00000015/tuusyokaigo.csv,,4,,,
,data-00000015,,,35954,active,2026-05-01T16:33:01,,,CSV,,,,,通所リハビリテーション,2023-08-23T13:27:01,https://www.city.osaka.lg.jp/contents/wdu290/opendata/dataset/data-00000015/tuusyorihabiri.csv,,5,,,
,data-00000015,,,59065,active,2026-05-01T16:33:01,,,CSV,,,,,福祉用具貸与,2022-06-24T15:22:11,https://www.city.osaka.lg.jp/contents/wdu290/opendata/dataset/data-00000015/fukusiyougutaiyo.csv,,6,,,
,data-00000015,,,52156,active,2026-05-01T16:33:01,,,CSV,,,,,特定福祉用具販売,2022-06-24T15:23:42,https://www.city.osaka.lg.jp/contents/wdu290/opendata/dataset/data-00000015/tokuteifukusiyouguhannbai.csv,,7,,,
,data-00000015,,,26116,active,2026-05-01T16:33:01,,,CSV,,,,,短期入所生活介護,2023-08-23T13:25:59,https://www.city.osaka.lg.jp/contents/wdu290/opendata/dataset/data-00000015/tannkinyuusyoseikatukaigo.csv,,8,,,
,data-00000015,,,13797,active,2026-05-01T16:33:01,,,CSV,,,,,短期入所療養介護,2023-08-23T13:36:38,https://www.city.osaka.lg.jp/contents/wdu290/opendata/dataset/data-00000015/tannkinyuusyoryouyoukaigo.csv,,9,,,
,data-00000016,,,5942,active,2026-05-01T16:33:01,,,CSV,,,,,定期巡回・随時対応型訪問介護看護,2022-06-24T15:32:30,https://www.city.osaka.lg.jp/contents/wdu290/opendata/dataset/data-00000016/teikijyunnkai.csv,,0,,,
,data-00000016,,,1261,active,2026-05-01T16:33:01,,,CSV,,,,,夜間対応型訪問介護,2022-06-24T16:47:03,https://www.city.osaka.lg.jp/contents/wdu290/opendata/dataset/data-00000016/yakanntaiougata.csv,,1,,,
,data-00000016,,,83580,active,2026-05-01T16:33:01,,,CSV,,,,,地域密着型通所介護,2023-08-23T13:26:22,https://www.city.osaka.lg.jp/contents/wdu290/opendata/dataset/data-00000016/tiikimixtrucyakugatatuusyo.csv,,2,,,
,data-00000016,,,9476,active,2026-05-01T16:33:01,,,CSV,,,,,認知症対応型通所介護,2023-08-23T13:23:38,https://www.city.osaka.lg.jp/contents/wdu290/opendata/dataset/data-00000016/ninntisyoutaiougatatuusyo.csv,,3,,,
,data-00000017,,,13872,active,2026-05-01T16:33:01,,,CSV,,,,,介護予防支援,2022-06-24T19:17:46,https://www.city.osaka.lg.jp/contents/wdu290/opendata/dataset/data-00000017/kaigoyobousienn.csv,,0,,,
,data-00000018,,,375692,active,2026-05-01T16:33:01,,,CSV,,,,,介護予防型訪問サービス,2022-06-24T19:29:00,https://www.city.osaka.lg.jp/contents/wdu290/opendata/dataset/data-00000018/yobouhoumonn.csv,,0,,,
,data-00000018,,,335251,active,2026-05-01T16:33:01,,,CSV,,,,,生活援助型訪問サービス,2023-08-23T13:23:45,https://www.city.osaka.lg.jp/contents/wdu290/opendata/dataset/data-00000018/seikatuennjyo.csv,,1,,,
,data-00000018,,,143563,active,2026-05-01T16:33:01,,,CSV,,,,,介護予防型通所サービス,2022-06-24T15:58:33,https://www.city.osaka.lg.jp/contents/wdu290/opendata/dataset/data-00000018/yoboutuusyo.csv,,2,,,
,data-00000018,,,81890,active,2026-05-01T16:33:01,,,CSV,,,,,短時間型通所サービス,2023-08-23T13:24:01,https://www.city.osaka.lg.jp/contents/wdu290/opendata/dataset/data-00000018/tannjikanngata.csv,,3,,,
,data-00000018,,,3627,active,2026-05-01T16:33:37,,,CSV,,,,,選択型通所サービス,2023-08-23T13:20:38,https://www.city.osaka.lg.jp/contents/wdu290/opendata/dataset/data-00000018/senntakugatatuusyo.csv,,4,,,
,data-00000019,,,1660559,active,2022-03-10T04:32:00,,,CSV,,,,,大阪市オープンデータデータセットアクセス数（2019年2月～2022年2月）,2022-03-10T04:32:00,https://www.city.osaka.lg.jp/contents/wdu290/opendata/dataset/data-00000019/od_dataset_access.csv,,0,,,
,data-00000021,,,591293,active,2022-03-02T06:57:00,,「合計イベント数」はダウンロード回数の総数、「ユニークイベント数」は1セッション中に重複したダウンロードを省いた回数です。,CSV,,,,,大阪市オープンデータリソースダウンロード数（2019年3月～2022年2月）,2022-03-02T06:57:00,https://www.city.osaka.lg.jp/contents/wdu290/opendata/dataset/data-00000021/od_download.csv,,0,,,
,data-00000022,,,5833863,active,2026-08-31T00:00:00,,,CSV,,,,,公金支出情報（2026年6月）,2026-08-31T00:00:00,https://www.city.osaka.lg.jp/contents/wdu290/opendata/dataset/data-00000022/koukin3.csv,,0,,,
,data-00000022,,,250756295,active,2026-07-31T00:00:00,,,CSV,,,,,公金支出情報（2022年12月～2026年5月）,2022-12-16T00:00:00,https://www.city.osaka.lg.jp/contents/wdu290/opendata/dataset/data-00000022/koukin2.csv,,1,,,
,data-00000022,,,242057569,active,2022-12-16T00:00:00,,,CSV,,,,,公金支出情報（2019年4月～2022年11月）,2022-03-16T06:53:48,https://www.city.osaka.lg.jp/contents/wdu290/opendata/dataset/data-00000022/koukin1.csv,,2,,,
,data-00000023,,,223441,active,2022-06-07T10:39:18,,ごみの分別方法を50音順で一覧にまとめています。,CSV,,,,,品目別収集区分一覧表,2019-11-28T01:00:00,https://www.city.osaka.lg.jp/contents/wdu290/opendata/dataset/data-00000023/list.csv,,0,,,
,data-00000024,,,706,active,2020-02-20T03:06:00,,,CSV,,,,,此花区内の投票所（2020年2月時点）,2020-02-20T03:06:00,https://www.city.osaka.lg.jp/contents/wdu290/opendata/dataset/data-00000024/20200219_tohyobasyo.csv,,0,,,
,data-00000025,,,275956,active,2026-07-03T13:25:22,,,CSV,,,,,理容所開設施設一覧（令和8年3月末時点）,2026-07-03T13:25:22,https://www.city.osaka.lg.jp/contents/wdu290/opendata/dataset/data-00000025/riyo.csv,,0,,,
,data-00000025,,,1499799,active,2026-07-03T13:25:22,,,CSV,,,,,美容所開設施設一覧（令和7年3月末時点）,2026-07-03T13:25:22,https://www.city.osaka.lg.jp/contents/wdu290/opendata/dataset/data-00000025/biyo.csv,,1,,,
,data-00000027,,,10198,active,2026-05-08T14:21:41,,,CSV,,,,,実施状況一覧（令和7年度）,2026-05-08T14:21:41,https://www.city.osaka.lg.jp/contents/wdu290/opendata/dataset/data-00000027/2025_ichiran.csv,,0,,,
,data-00000027,,,81085,active,2026-05-08T14:21:41,,,CSV,,,,,実施状況詳細（令和7年度）,2026-05-08T14:21:41,https://www.city.osaka.lg.jp/contents/wdu290/opendata/dataset/data-00000027/2025_shousai.csv,,1,,,
,data-00000027,,,7260,active,2025-05-07T15:37:11,,,CSV,,,,,実施状況一覧（令和6年度）,2025-05-07T15:37:11,https://www.city.osaka.lg.jp/contents/wdu290/opendata/dataset/data-00000027/2024_ichiran.csv,,2,,,
,data-00000027,,,51238,active,2025-05-07T15:37:11,,,CSV,,,,,実施状況詳細（令和6年度）,2025-05-07T15:37:11,https://www.city.osaka.lg.jp/contents/wdu290/opendata/dataset/data-00000027/2024_shousai.csv,,3,,,
,data-00000027,,,11347,active,2024-05-01T09:19:14,,,CSV,,,,,実施状況一覧（令和5年度）,2024-05-01T09:19:14,https://www.city.osaka.lg.jp/contents/wdu290/opendata/dataset/data-00000027/2023_ichiran.csv,,4,,,
,data-00000027,,,68135,active,2024-05-01T09:19:14,,,CSV,,,,,実施状況詳細（令和5年度）,2024-05-01T09:19:14,https://www.city.osaka.lg.jp/contents/wdu290/opendata/dataset/data-00000027/2023_shousai.csv,,5,,,
,data-00000027,,,7071,active,2022-08-17T16:07:56,,,CSV,,,,,実施状況一覧（令和3年度）,2022-08-17T16:07:56,https://www.city.osaka.lg.jp/contents/wdu290/opendata/dataset/data-00000027/2021_ichiran.csv,,6,,,
,data-00000027,,,55392,active,2022-08-17T16:07:15,,,CSV,,,,,実施状況詳細（令和3年度）,2022-08-17T16:07:15,https://www.city.osaka.lg.jp/contents/wdu290/opendata/dataset/data-00000027/2021_shousai.csv,,7,,,
,data-00000027,,,16505,active,2022-08-17T16:06:56,,,CSV,,,,,実施状況一覧（令和2年度）,2022-08-17T16:06:56,https://www.city.osaka.lg.jp/contents/wdu290/opendata/dataset/data-00000027/2020_ichiran.csv,,8,,,
,data-00000027,,,50762,active,2022-08-17T16:06:15,,,CSV,,,,,実施状況詳細（令和2年度）,2022-08-17T16:06:15,https://www.city.osaka.lg.jp/contents/wdu290/opendata/dataset/data-00000027/2020_shousai.csv,,9,,,
,data-00000027,,,6870,active,2022-08-17T16:05:29,,,CSV,,,,,実施状況一覧（令和元年度）,2022-08-17T16:05:29,https://www.city.osaka.lg.jp/contents/wdu290/opendata/dataset/data-00000027/2019_ichiran.csv,,10,,,
,data-00000027,,,66489,active,2022-08-17T16:05:41,,,CSV,,,,,実施状況詳細（令和元年度）,2022-08-17T16:05:41,https://www.city.osaka.lg.jp/contents/wdu290/opendata/dataset/data-00000027/2019_shousai.csv,,11,,,
,data-00000028,,,1307,active,2026-07-28T11:13:13,,（-）の入っている年齢については、受入していないため、申込自体ができませんのでご注意ください。,CSV,,,,,令和8年8月1日時点空き情報（令和8月9月入所分）,2026-07-28T11:13:13,https://www.city.osaka.lg.jp/contents/wdu290/opendata/dataset/data-00000028/R080801.csv,,0,,,
,data-00000028,,,1307,active,2026-06-24T11:31:01,,（-）の入っている年齢については、受入していないため、申込自体ができませんのでご注意ください。,CSV,,,,,令和8年7月1日時点空き情報（令和8月8月入所分）,2026-06-24T11:31:01,https://www.city.osaka.lg.jp/contents/wdu290/opendata/dataset/data-00000028/R080701.csv,,1,,,
,data-00000028,,,1301,active,2026-05-25T13:10:26,,（-）の入っている年齢については、受入していないため、申込自体ができませんのでご注意ください。,CSV,,,,,令和8年6月1日時点空き情報（令和8月7月入所分）,2026-05-25T13:10:26,https://www.city.osaka.lg.jp/contents/wdu290/opendata/dataset/data-00000028/R080601.csv,,2,,,
,data-00000028,,,1307,active,2026-04-27T13:22:53,,（-）の入っている年齢については、受入していないため、申込自体ができませんのでご注意ください。,CSV,,,,,令和8年5月1日時点空き情報（令和8月6月入所分）,2026-04-27T13:22:53,https://www.city.osaka.lg.jp/contents/wdu290/opendata/dataset/data-00000028/R080501.csv,,3,,,
,data-00000028,,,1065,active,2026-03-25T18:33:02,,（-）の入っている年齢については、受入していないため、申込自体ができませんのでご注意ください。,CSV,,,,,令和8年4月1日時点空き情報（令和8月5月入所分）,2026-03-25T18:33:02,https://www.city.osaka.lg.jp/contents/wdu290/opendata/dataset/data-00000028/R080401.csv,,4,,,
,data-00000028,,,1301,active,2026-01-26T18:21:45,,（-）の入っている年齢については、受入していないため、申込自体ができませんのでご注意ください。,CSV,,,,,令和8年2月1日時点空き情報（令和8年3月入所分）,2026-01-26T18:21:45,https://www.city.osaka.lg.jp/contents/wdu290/opendata/dataset/data-00000028/R080201.csv,,5,,,
,data-00000028,,,1301,active,2025-12-24T13:05:01,,（-）の入っている年齢については、受入していないため、申込自体ができませんのでご注意ください。,CSV,,,,,令和8年1月1日時点空き情報（令和8年2月入所分）,2025-12-24T13:05:01,https://www.city.osaka.lg.jp/contents/wdu290/opendata/dataset/data-00000028/R080101.csv,,6,,,
,data-00000028,,,989,active,2025-11-26T13:26:36,,（-）の入っている年齢については、受入していないため、申込自体ができませんのでご注意ください。,CSV,,,,,令和7年12月1日時点空き情報（令和8年1月入所分）,2025-11-26T13:26:36,https://www.city.osaka.lg.jp/contents/wdu290/opendata/dataset/data-00000028/R071201.csv,,7,,,
,data-00000028,,,946,active,2025-10-29T08:53:05,,（-）の入っている年齢については、受入していないため、申込自体ができませんのでご注意ください。,CSV,,,,,令和7年11月1日時点空き情報（令和7年12月入所分）,2025-10-29T08:53:05,https://www.city.osaka.lg.jp/contents/wdu290/opendata/dataset/data-00000028/R071101.csv,,8,,,
,data-00000028,,,947,active,2025-09-24T16:21:15,,（-）の入っている年齢については、受入していないため、申込自体ができませんのでご注意ください。,CSV,,,,,令和7年10月1日時点空き情報（令和7年11月入所分）,2025-09-24T16:21:15,https://www.city.osaka.lg.jp/contents/wdu290/opendata/dataset/data-00000028/R071001.csv,,9,,,
,data-00000028,,,947,active,2025-08-25T11:44:14,,（-）の入っている年齢については、受入していないため、申込自体ができませんのでご注意ください。,CSV,,,,,令和7年9月1日時点空き情報（令和7年10月入所分）,2025-08-25T11:44:14,https://www.city.osaka.lg.jp/contents/wdu290/opendata/dataset/data-00000028/R070901.csv,,10,,,
,data-00000028,,,947,active,2025-07-30T09:26:34,,（-）の入っている年齢については、受入していないため、申込自体ができませんのでご注意ください。,CSV,,,,,令和7年8月1日時点空き情報（令和7年9月入所分）,2025-07-30T09:26:34,https://www.city.osaka.lg.jp/contents/wdu290/opendata/dataset/data-00000028/R070801.csv,,11,,,
,data-00000028,,,947,active,2025-06-24T14:36:44,,（-）の入っている年齢については、受入していないため、申込自体ができませんのでご注意ください。,CSV,,,,,令和7年7月1日時点空き情報（令和7年8月入所分）,2025-06-24T14:36:44,https://www.city.osaka.lg.jp/contents/wdu290/opendata/dataset/data-00000028/R070701.csv,,12,,,
,data-00000028,,,875,active,2025-05-26T16:18:52,,（-）の入っている年齢については、受入していないため、申込自体ができませんのでご注意ください。,CSV,,,,,令和7年6月1日時点空き情報（令和7年7月入所分）,2025-05-26T16:18:52,https://www.city.osaka.lg.jp/contents/wdu290/opendata/dataset/data-00000028/R070601.csv,,13,,,
,data-00000028,,,875,active,2025-04-28T17:11:40,,（-）の入っている年齢については、受入していないため、申込自体ができませんのでご注意ください。,CSV,,,,,令和7年5月1日時点空き情報（令和7年6月入所分）,2025-04-28T17:11:40,https://www.city.osaka.lg.jp/contents/wdu290/opendata/dataset/data-00000028/R070501.csv,,14,,,
,data-00000028,,,875,active,2025-03-21T13:57:26,,（-）の入っている年齢については、受入していないため、申込自体ができませんのでご注意ください。,CSV,,,,,令和7年4月1日時点空き情報（令和7年5月入所分）,2025-03-21T13:57:26,https://www.city.osaka.lg.jp/contents/wdu290/opendata/dataset/data-00000028/R070401.csv,,15,,,
,data-00000028,,,876,active,2025-01-23T15:05:03,,（-）の入っている年齢については、受入していないため、申込自体ができませんのでご注意ください。,CSV,,,,,令和7年2月1日時点空き情報（令和7年3月入所分）,2025-01-23T15:05:03,https://www.city.osaka.lg.jp/contents/wdu290/opendata/dataset/data-00000028/R070201.csv,,16,,,
,data-00000028,,,876,active,2024-12-20T13:57:32,,（-）の入っている年齢については、受入していないため、申込自体ができませんのでご注意ください。,CSV,,,,,令和7年1月1日時点空き情報（令和7年2月入所分）,2024-12-20T13:57:32,https://www.city.osaka.lg.jp/contents/wdu290/opendata/dataset/data-00000028/R070101.csv,,17,,,
,data-00000028,,,876,active,2024-12-02T12:17:28,,（-）の入っている年齢については、受入していないため、申込自体ができませんのでご注意ください。,CSV,,,,,令和6年12月1日時点空き情報（令和7年1月入所分）,2024-11-21T10:13:03,https://www.city.osaka.lg.jp/contents/wdu290/opendata/dataset/data-00000028/R061201.csv,,18,,,
,data-00000028,,,911,active,2024-10-22T09:59:57,,あっぷる保育園の申し込み・入所可能日については、直接あっぷる保育園へご確認ください。（-）の入っている年齢については、受入していないため、申込自体ができませんのでご注意ください。,CSV,,,,,令和6年11月1日時点空き情報（令和6年12月入所分）,2024-10-22T09:59:57,https://www.city.osaka.lg.jp/contents/wdu290/opendata/dataset/data-00000028/R061101.csv,,19,,,
,data-00000028,,,911,active,2024-09-20T14:13:00,,あっぷる保育園の申し込み・入所可能日については、直接あっぷる保育園へご確認ください。（-）の入っている年齢については、受入していないため、申込自体ができませんのでご注意ください。,CSV,,,,,令和6年10月1日時点空き情報（令和6年11月入所分）,2024-09-20T14:13:00,https://www.city.osaka.lg.jp/contents/wdu290/opendata/dataset/data-00000028/R061001.csv,,20,,,
,data-00000028,,,885,active,2024-08-26T11:56:22,,,CSV,,,,,令和6年9月1日時点空き情報（令和6年10月入所分）,2024-08-26T11:56:22,https://www.city.osaka.lg.jp/contents/wdu290/opendata/dataset/data-00000028/R060901.csv,,21,,,
,data-00000028,,,885,active,2024-07-24T09:35:03,,,CSV,,,,,令和6年8月1日時点空き情報（令和6年9月入所分）,2024-07-24T09:35:03,https://www.city.osaka.lg.jp/contents/wdu290/opendata/dataset/data-00000028/R060801.csv,,22,,,
,data-00000028,,,885,active,2024-06-24T15:38:38,,,CSV,,,,,令和6年7月1日時点空き情報（令和6年8月入所分）,2024-06-24T15:38:38,https://www.city.osaka.lg.jp/contents/wdu290/opendata/dataset/data-00000028/R060701.csv,,23,,,
,data-00000028,,,885,active,2024-05-27T16:00:20,,,CSV,,,,,令和6年6月1日時点空き情報（令和6年7月入所分）,2024-05-27T16:00:20,https://www.city.osaka.lg.jp/contents/wdu290/opendata/dataset/data-00000028/R060601.csv,,24,,,
,data-00000028,,,884,active,2024-04-25T18:24:59,,,CSV,,,,,令和6年5月1日時点空き情報（令和6年6月入所分）,2024-04-25T18:24:59,https://www.city.osaka.lg.jp/contents/wdu290/opendata/dataset/data-00000028/R060501.csv,,25,,,
,data-00000028,,,865,active,2023-02-27T19:17:41,,入所申込み手続等、詳しくは保育担当窓口(区役所1階7番窓口)へお問い合わせください。,CSV,,,,,令和5年3月1日時点空き情報（令和5年5月入所分）,2023-02-27T19:17:41,https://www.city.osaka.lg.jp/contents/wdu290/opendata/dataset/data-00000028/R050501.csv,,26,,,
,data-00000028,,,865,active,2023-01-26T10:11:55,,入所申込み手続等、詳しくは保育担当窓口(区役所1階7番窓口)へお問い合わせください。,CSV,,,,,令和5年2月1日時点空き情報（令和5年3月入所分）,2023-01-26T10:11:55,https://www.city.osaka.lg.jp/contents/wdu290/opendata/dataset/data-00000028/R050301.csv,,27,,,
,data-00000028,,,889,active,2022-12-26T19:51:11,,入所申込み手続等、詳しくは保育担当窓口(区役所1階7番窓口)へお問い合わせください。,CSV,,,,,令和5年1月1日時点空き情報（令和5年2月入所分）,2022-12-26T19:51:11,https://www.city.osaka.lg.jp/contents/wdu290/opendata/dataset/data-00000028/R050101.csv,,28,,,
,data-00000028,,,866,active,2022-11-24T18:15:11,,入所申込み手続等、詳しくは保育担当窓口(区役所1階7番窓口)へお問い合わせください。,CSV,,,,,令和4年12月1日時点空き情報（令和5年1月入所分）,2022-11-24T18:15:11,https://www.city.osaka.lg.jp/contents/wdu290/opendata/dataset/data-00000028/R041201.csv,,29,,,
,data-00000028,,,867,active,2022-10-26T15:36:27,,入所申込み手続等、詳しくは保育担当窓口(区役所1階7番窓口)へお問い合わせください。,CSV,,,,,令和4年11月1日時点空き情報（令和4年12月入所分）,2022-10-26T15:36:27,https://www.city.osaka.lg.jp/contents/wdu290/opendata/dataset/data-00000028/R041101.csv,,30,,,
,data-00000028,,,899,active,2022-09-22T17:26:23,,入所申込み手続等、詳しくは保育担当窓口(区役所1階7番窓口)へお問い合わせください。,CSV,,,,,令和4年10月1日時点空き情報（令和4年11月入所分）,2022-09-22T17:26:23,https://www.city.osaka.lg.jp/contents/wdu290/opendata/dataset/data-00000028/R041001.csv,,31,,,
,data-00000028,,,899,active,2022-08-25T10:17:14,,入所申込み手続等、詳しくは保育担当窓口(区役所1階7番窓口)へお問い合わせください。,CSV,,,,,令和4年9月1日時点空き情報（令和4年10月入所分）,2022-08-25T10:17:14,https://www.city.osaka.lg.jp/contents/wdu290/opendata/dataset/data-00000028/R040901.csv,,32,,,
,data-00000028,,,887,active,2022-08-01T00:00:00,,入所申込み手続等、詳しくは保育担当窓口(区役所1階7番窓口)へお問い合わせください。,CSV,,,,,令和4年8月1日時点空き情報（令和4年9月入所分）,2022-08-01T00:00:00,https://www.city.osaka.lg.jp/contents/wdu290/opendata/dataset/data-00000028/R040801.csv,,33,,,
,data-00000028,,,887,active,2022-07-01T00:00:00,,入所申込み手続等、詳しくは保育担当窓口(区役所1階7番窓口)へお問い合わせください。,CSV,,,,,令和4年7月1日時点空き情報（令和4年8月入所分）,2022-07-01T00:00:00,https://www.city.osaka.lg.jp/contents/wdu290/opendata/dataset/data-00000028/R040701.csv,,34,,,
,data-00000028,,,853,active,2022-06-01T00:00:00,,入所申込み手続等、詳しくは保育担当窓口(区役所1階7番窓口)へお問い合わせください。,CSV,,,,,令和4年6月1日時点空き情報（令和4年7月入所分）,2022-06-01T00:00:00,https://www.city.osaka.lg.jp/contents/wdu290/opendata/dataset/data-00000028/R040601.csv,,35,,,
,data-00000028,,,853,active,2022-05-01T00:00:00,,入所申込み手続等、詳しくは保育担当窓口(区役所1階7番窓口)へお問い合わせください。,CSV,,,,,令和4年5月1日時点空き情報（令和4年6月入所分）,2022-05-01T00:00:00,https://www.city.osaka.lg.jp/contents/wdu290/opendata/dataset/data-00000028/R040501.csv,,36,,,
,data-00000028,,,853,active,2022-04-01T00:00:00,,入所申込み手続等、詳しくは保育担当窓口(区役所1階7番窓口)へお問い合わせください。,CSV,,,,,令和4年4月1日時点空き情報（令和4年5月入所分）,2022-04-01T00:00:00,https://www.city.osaka.lg.jp/contents/wdu290/opendata/dataset/data-00000028/R040401.csv,,37,,,
,data-00000028,,,852,active,2022-03-01T02:17:48,,入所申込み手続等、詳しくは保育担当窓口(区役所1階7番窓口)へお問い合わせください。,CSV,,,,,令和4年3月1日時点空き情報（令和4年5月入所分）,2022-03-01T02:17:48,https://www.city.osaka.lg.jp/contents/wdu290/opendata/dataset/data-00000028/R040301.csv,,38,,,
,data-00000028,,,852,active,2022-02-01T00:14:48,,入所申込み手続等、詳しくは保育担当窓口(区役所1階7番窓口)へお問い合わせください。,CSV,,,,,令和4年2月1日時点空き情報（令和4年3月入所分）,2022-02-01T00:14:48,https://www.city.osaka.lg.jp/contents/wdu290/opendata/dataset/data-00000028/R040201.csv,,39,,,
,data-00000028,,,852,active,2022-01-03T22:57:48,,入所申込み手続等、詳しくは保育担当窓口(区役所1階7番窓口)へお問い合わせください。,CSV,,,,,令和4年1月1日時点空き情報（令和4年2月入所分）,2022-01-03T22:57:48,https://www.city.osaka.lg.jp/contents/wdu290/opendata/dataset/data-00000028/R040101.csv,,40,,,
,data-00000028,,,851,active,2021-12-01T20:12:00,,入所申込み手続等、詳しくは保育担当窓口(区役所1階7番窓口)へお問い合わせください。,CSV,,,,,令和3年12月1日時点空き情報（令和4年1月入所分）,2021-12-01T20:12:00,https://www.city.osaka.lg.jp/contents/wdu290/opendata/dataset/data-00000028/R031201.csv,,41,,,
,data-00000028,,,851,active,2021-11-01T00:58:00,,入所申込み手続等、詳しくは保育担当窓口(区役所1階7番窓口)へお問い合わせください。,CSV,,,,,令和3年11月1日時点空き情報（令和3年12月入所分）,2021-11-01T00:58:00,https://www.city.osaka.lg.jp/contents/wdu290/opendata/dataset/data-00000028/R031101.csv,,42,,,
,data-00000028,,,851,active,2021-10-01T03:20:00,,入所申込み手続等、詳しくは保育担当窓口(区役所1階7番窓口)へお問い合わせください。,CSV,,,,,令和3年10月1日時点空き情報（令和3年11月入所分）,2021-10-01T03:20:00,https://www.city.osaka.lg.jp/contents/wdu290/opendata/dataset/data-00000028/R031001.csv,,43,,,
,data-00000028,,,851,active,2021-09-01T01:30:00,,入所申込み手続等、詳しくは保育担当窓口(区役所1階7番窓口)へお問い合わせください。,CSV,,,,,令和3年9月1日時点空き情報（令和3年10月入所分）,2021-09-01T01:30:00,https://www.city.osaka.lg.jp/contents/wdu290/opendata/dataset/data-00000028/R030901.csv,,44,,,
,data-00000028,,,851,active,2021-08-02T01:08:48,,入所申込み手続等、詳しくは保育担当窓口(区役所1階7番窓口)へお問い合わせください。,CSV,,,,,令和3年8月1日時点空き情報（令和3年9月入所分）,2021-08-02T01:08:48,https://www.city.osaka.lg.jp/contents/wdu290/opendata/dataset/data-00000028/R030801.csv,,45,,,
,data-00000028,,,851,active,2021-07-01T00:57:00,,入所申込み手続等、詳しくは保育担当窓口(区役所1階7番窓口)へお問い合わせください。,CSV,,,,,令和3年7月1日時点空き情報（令和3年8月入所分）,2021-07-01T00:57:00,https://www.city.osaka.lg.jp/contents/wdu290/opendata/dataset/data-00000028/R030701.csv,,46,,,
,data-00000028,,,851,active,2021-06-01T08:07:00,,入所申込み手続等、詳しくは保育担当窓口(区役所1階7番窓口)へお問い合わせください。,CSV,,,,,令和3年6月1日時点空き情報（令和3年7月入所分）,2021-06-01T08:07:00,https://www.city.osaka.lg.jp/contents/wdu290/opendata/dataset/data-00000028/R030601.csv,,47,,,
,data-00000028,,,852,active,2021-05-05T22:57:00,,入所申込み手続等、詳しくは保育担当窓口(区役所1階7番窓口)へお問い合わせください。,CSV,,,,,令和3年5月1日時点空き情報（令和3年6月入所分）,2021-05-05T22:57:00,https://www.city.osaka.lg.jp/contents/wdu290/opendata/dataset/data-00000028/R030501.csv,,48,,,
,data-00000028,,,852,active,2021-04-01T10:53:00,,入所申込み手続等、詳しくは保育担当窓口(区役所1階7番窓口)へお問い合わせください。,CSV,,,,,令和3年4月1日時点空き情報（令和3年5月入所分）,2021-04-01T10:53:00,https://www.city.osaka.lg.jp/contents/wdu290/opendata/dataset/data-00000028/R030401.csv,,49,,,
,data-00000028,,,852,active,2021-03-01T21:13:44,,入所申込み手続等、詳しくは保育担当窓口(区役所1階7番窓口)へお問い合わせください。,CSV,,,,,令和3年3月1日時点空き情報（令和3年5月途中入所分）,2021-03-01T21:13:44,https://www.city.osaka.lg.jp/contents/wdu290/opendata/dataset/data-00000028/R030301.csv,,50,,,
,data-00000029,,,1723,active,2020-03-03T05:57:00,,大正区の投票所一覧です。,CSV,,,,,投票場所一覧（2020年3月）,2020-03-03T05:57:00,https://www.city.osaka.lg.jp/contents/wdu290/opendata/dataset/data-00000029/20200302_touhyouzyo.csv,,0,,,
,data-00000030,,,2164,active,2021-10-01T02:02:00,,,CSV,,,,,大正区投票区別選挙人名簿登録者数（2020年6月1日～2021年9月1日）,2021-10-01T02:02:00,https://www.city.osaka.lg.jp/contents/wdu290/opendata/dataset/data-00000030/taisho_touhyoukubetu.csv,,0,,,
,data-00000032,,,2849,active,2021-04-28T00:04:01,,,CSV,,,,,法律相談日一覧表（2021年4月20日時点）,2021-04-28T00:04:01,https://www.city.osaka.lg.jp/contents/wdu290/opendata/dataset/data-00000032/houritusoudann_20210420.csv,,0,,,
,data-00000033,,,1056,active,2021-03-22T21:39:00,,,CSV,,,,,浪速区内名所一覧（2021年3月19日時点）,2021-03-22T21:39:00,https://www.city.osaka.lg.jp/contents/wdu290/opendata/dataset/data-00000033/20210319_meisyo.csv,,0,,,
,data-00000034,,,688,active,2020-03-27T01:40:00,,,CSV,,,,,浪速区内碑の一覧（2020年3月30日時点）,2020-03-27T01:40:00,https://www.city.osaka.lg.jp/contents/wdu290/opendata/dataset/data-00000034/20200326_naniwa-monument.csv,,0,,,
,data-00000035,,,514,active,2020-03-30T08:25:00,,,CSV,,,,,天王寺区内投票場所一覧（2020年4月1日時点),2020-03-30T08:25:00,https://www.city.osaka.lg.jp/contents/wdu290/opendata/dataset/data-00000035/20200329_touhyoujo.csv,,0,,,
,data-00000036,,,3871,active,2020-03-31T02:12:00,,,CSV,,,,,天王寺区内ポスター掲示場一覧（2020年4月1日時点),2020-03-31T02:12:00,https://www.city.osaka.lg.jp/contents/wdu290/opendata/dataset/data-00000036/20200330_posterkeiji.csv,,0,,,
,data-00000037,,,3245,active,2020-03-31T03:10:00,,,CSV,,,,,東住吉区内各種施設（2020年3月31日時点）,2020-03-31T03:10:00,https://www.city.osaka.lg.jp/contents/wdu290/opendata/dataset/data-00000037/20200330_kusisetunado.csv,,0,,,
,data-00000038,,,543336,active,2025-11-20T09:15:51,,,CSV,,,,,公有財産一覧表（一般会計、政令等特別会計及び準公営企業会計）（令和7年3月31日時点）,2025-11-20T09:15:51,https://www.city.osaka.lg.jp/contents/wdu290/opendata/dataset/data-00000038/ichiran-ippan.csv,,0,,,
,data-00000038,,,4610,active,2025-11-20T09:15:51,,,CSV,,,,,公有財産一覧表（水道局）（令和7年3月31日時点）,2025-11-20T09:15:51,https://www.city.osaka.lg.jp/contents/wdu290/opendata/dataset/data-00000038/ichiran-suido.csv,,1,,,
,data-00000039,,,131347,active,2025-08-26T15:11:54,,大阪市未利用地の現状や活用方針の一覧です。詳細については関連URLをご参照ください。,CSV,,,,,未利用地活用方針一覧表（令和7年3月31日時点）,2025-08-26T15:11:54,https://www.city.osaka.lg.jp/contents/wdu290/opendata/dataset/data-00000039/ichiranhyou.csv,,0,,,
,data-00000039,,,65665,active,2025-08-26T15:09:43,,,CSV,,,,,活用済一覧表（令和7年3月31日時点）,2025-08-26T15:09:43,https://www.city.osaka.lg.jp/contents/wdu290/opendata/dataset/data-00000039/katsuyouzumi.csv,,1,,,
,data-00000039,,,92962,active,2025-08-27T09:18:38,,,CSV,,,,,処分済一覧表（令和7年3月31日時点）,2025-08-27T09:18:38,https://www.city.osaka.lg.jp/contents/wdu290/opendata/dataset/data-00000039/shobunzumi.csv,,2,,,
,data-00000040,,,142148,active,2026-06-26T15:18:25,,,CSV,,,,,取扱医療機関一覧（全区）令和8年6月25日時点,2026-06-26T15:18:25,https://www.city.osaka.lg.jp/contents/wdu290/opendata/dataset/data-00000040/20260625_fusiniryokikan.csv,,0,,,
,data-00000063,,,25856,active,2026-03-23T13:23:04,,,CSV,,,,,児童いきいき放課後事業（愛称「いきいき」）実施場所一覧,2026-03-23T13:23:04,https://www.city.osaka.lg.jp/contents/wdu290/opendata/dataset/data-00000063/ikiiki.csv,,0,,,
,data-00000064,,,8350,active,2020-12-11T11:33:05,,,CSV,,,,,留守家庭児童対策事業　実施場所一覧（令和2年9月1日現在）,2020-12-11T11:33:05,https://www.city.osaka.lg.jp/contents/wdu290/opendata/dataset/data-00000064/rusukatei_20200901.csv,,0,,,
,data-00000065,,,50499,active,2020-03-30T15:50:02,,,CSV,,,,,地価調査_平成30年_500ｍ_相続税路線価_データベースファイル（CSV）,2020-03-30T15:50:16,https://www.city.osaka.lg.jp/contents/wdu290/opendata/dataset/data-00000065/tikatyousa_2018_500m_souzokurosenka.csv,,0,,,
,data-00000065,,,181692,active,2020-03-30T15:50:02,,,CSV,,,,,地価調査_平成30年_250ｍ_相続税路線価_データベースファイル（CSV）,2020-03-30T15:50:16,https://www.city.osaka.lg.jp/contents/wdu290/opendata/dataset/data-00000065/tikatyousa_2018_250m_souzokurosenka.csv,,1,,,
,data-00000065,,,468388,active,2020-03-30T15:50:02,,,CSV,,,,,地価調査_平成30年_100ｍ_相続税路線価_データベースファイル（CSV）,2020-03-30T15:50:16,https://www.city.osaka.lg.jp/contents/wdu290/opendata/dataset/data-00000065/tikatyousa_2018_100m_souzokurosenka.csv,,2,,,
,data-00000065,,,100997,active,2020-03-30T15:50:17,,shp、shx、dbf、prj、sbn、sbxの各形式を含む,ZIP,,,,,地価調査_平成30年_500ｍ_相続税路線価_メッシュ地図データ,2020-03-30T15:50:16,https://www.city.osaka.lg.jp/contents/wdu290/opendata/dataset/data-00000065/tikatyousa_2018_500m_souzokurosenka.zip,,3,,,
,data-00000065,,,391797,active,2020-03-30T15:50:17,,shp、shx、dbf、prj、sbn、sbxの各形式を含む,ZIP,,,,,地価調査_平成30年_250ｍ_相続税路線価_メッシュ地図データ,2020-03-30T15:50:16,https://www.city.osaka.lg.jp/contents/wdu290/opendata/dataset/data-00000065/tikatyousa_2018_250m_souzokurosenka.zip,,4,,,
,data-00000065,,,1659555,active,2020-03-30T15:50:16,,shp、shx、dbf、prj、sbn、sbxの各形式を含む,ZIP,,,,,地価調査_平成30年_100ｍ_相続税路線価_メッシュ地図データ,2020-03-30T15:50:16,https://www.city.osaka.lg.jp/contents/wdu290/opendata/dataset/data-00000065/tikatyousa_2018_100m_souzokurosenka.zip,,5,,,
,data-00000100,,,3059,active,2025-06-03T11:58:01,,,CSV,,,,,令和6年度地下水汚染調査結果,2025-06-03T11:58:01,https://www.city.osaka.lg.jp/contents/wdu290/opendata/dataset/data-00000100/R6sougou.csv,,0,,,
,data-00000100,,,2900,active,2025-01-10T17:36:18,,,CSV,,,,,令和5年度地下水汚染調査結果,2025-01-10T17:36:18,https://www.city.osaka.lg.jp/contents/wdu290/opendata/dataset/data-00000100/R5sougou.csv,,1,,,
,data-00000100,,,2662,active,2022-12-15T10:50:43,,,CSV,,,,,令和3年度地下水汚染調査結果,2022-12-15T10:50:43,https://www.city.osaka.lg.jp/contents/wdu290/opendata/dataset/data-00000100/R3sougou.csv,,2,,,
,data-00000100,,,2559,active,2022-12-15T10:50:43,,,CSV,,,,,令和2年度地下水汚染調査結果,2022-12-15T10:50:43,https://www.city.osaka.lg.jp/contents/wdu290/opendata/dataset/data-00000100/R2sougou.csv,,3,,,
,data-00000100,,,2944,active,2022-12-15T10:50:43,,,CSV,,,,,令和元年度地下水汚染調査結果,2022-12-15T10:50:43,https://www.city.osaka.lg.jp/contents/wdu290/opendata/dataset/data-00000100/R1sougou.csv,,4,,,
,data-00000100,,,2606,active,2020-02-06T06:07:00,,,CSV,,,,,平成30年度地下水汚染調査結果,2020-02-06T06:07:00,https://www.city.osaka.lg.jp/contents/wdu290/opendata/dataset/data-00000100/20200205_30sougou.csv,,5,,,
,data-00000100,,,3290,active,2019-01-23T02:12:00,,,CSV,,,,,平成29年度地下水汚染調査結果,2019-01-23T02:12:00,https://www.city.osaka.lg.jp/contents/wdu290/opendata/dataset/data-00000100/20190122_29sougou.csv,,6,,,
,data-00000100,,,4480,active,2019-01-16T17:59:00,,,CSV,,,,,平成28年度地下水汚染調査結果,2017-12-19T15:14:14,https://www.city.osaka.lg.jp/contents/wdu290/opendata/dataset/data-00000100/28sougou.csv,,7,,,
,data-00000100,,,4051,active,2019-01-16T17:59:00,,,CSV,,,,,平成27年度地下水汚染調査結果,2017-12-19T15:22:41,https://www.city.osaka.lg.jp/contents/wdu290/opendata/dataset/data-00000100/27sougou.csv,,8,,,
,data-00000100,,,4027,active,2019-01-16T17:59:00,,,CSV,,,,,平成26年度地下水汚染調査結果,2017-12-19T15:26:18,https://www.city.osaka.lg.jp/contents/wdu290/opendata/dataset/data-00000100/26sougou.csv,,9,,,
,data-00000100,,,3990,active,2019-01-16T17:59:00,,,CSV,,,,,平成25年度地下水汚染調査結果,2017-12-19T15:56:31,https://www.city.osaka.lg.jp/contents/wdu290/opendata/dataset/data-00000100/25sougou.csv,,10,,,
,data-00000100,,,4522,active,2019-01-16T17:59:00,,,CSV,,,,,平成24年度地下水汚染調査結果,2017-12-19T21:02:48,https://www.city.osaka.lg.jp/contents/wdu290/opendata/dataset/data-00000100/24souhou.csv,,11,,,
,data-00000100,,,5141,active,2019-01-16T17:59:00,,,CSV,,,,,平成23年度地下水汚染調査結果,2017-12-19T16:17:54,https://www.city.osaka.lg.jp/contents/wdu290/opendata/dataset/data-00000100/23sougou.csv,,12,,,
,data-00000100,,,4995,active,2019-01-16T17:59:00,,,CSV,,,,,平成22年度地下水汚染調査結果,2017-12-19T16:22:39,https://www.city.osaka.lg.jp/contents/wdu290/opendata/dataset/data-00000100/22sougou.csv,,13,,,
,data-00000100,,,5370,active,2019-01-16T17:59:00,,,CSV,,,,,平成21年度地下水汚染調査結果,2017-12-19T16:25:42,https://www.city.osaka.lg.jp/contents/wdu290/opendata/dataset/data-00000100/21sougou.csv,,14,,,
,data-00000106,,,790,active,2026-02-20T16:31:58,,各定時登録日現在（年4回、3・6・9・12月）の数字です。,CSV,,,,,区別選挙人名簿登録者数（令和8年1月26日現在）,2026-02-20T16:31:58,https://www.city.osaka.lg.jp/contents/wdu290/opendata/dataset/data-00000106/senkyoninmeibotorokushasu070702.csv,,0,,,
,data-00000106,,,561,active,2026-02-20T16:31:58,,各定時登録日現在（年4回、3・6・9・12月）の数字です。,CSV,,,,,区別在外選挙人名簿登録者数（令和8年1月26日現在）,2026-02-20T16:31:58,https://www.city.osaka.lg.jp/contents/wdu290/opendata/dataset/data-00000106/zaigai070702.csv,,1,,,
,data-00000106,,,171735,active,2025-12-09T10:52:27,,各定時登録日現在（年4回、3・6・9・12月）の数字です。,CSV,,,,,区別選挙人及び区別在外選挙人名簿登録者数,2025-09-03T10:12:45,https://www.city.osaka.lg.jp/contents/wdu290/opendata/dataset/data-00000106/kubetumeibo.csv,,2,,,
,data-00000106,,,545,active,2024-03-04T15:33:54,,,CSV,,,,,5年間の推移,2024-03-04T15:33:54,https://www.city.osaka.lg.jp/contents/wdu290/opendata/dataset/data-00000106/5suii.csv,,3,,,
,data-00000114,,,0,active,,,URLをクリックすると、現時点のデータ（CSV形式）をダウンロードできます。,CSV,,,,,【市民活動】団体情報,2020-10-07T17:30:05,https://kyodo-portal.city.osaka.jp/download_opendata_users,,0,,,
,data-00000115,,,0,active,,,URLをクリックすると、現時点のデータ（CSV形式）をダウンロードできます。,CSV,,,,,【市民活動】講座データ,2020-10-07T17:30:06,https://kyodo-portal.city.osaka.jp/download_opendata_course,,0,,,
,data-00000116,,,0,active,,,URLをクリックすると、現時点のデータ（CSV形式）をダウンロードできます。,CSV,,,,,【市民活動】ボランティア募集データ,2020-10-07T17:30:08,https://kyodo-portal.city.osaka.jp/download_opendata_recruit,,0,,,
,data-00000117,,,0,active,,,URLをクリックすると、現時点のデータ（CSV形式）をダウンロードできます。,CSV,,,,,【市民活動】イベント募集データ,2020-10-07T17:30:09,https://kyodo-portal.city.osaka.jp/download_opendata_event,,0,,,
,data-00000125,,,836536,active,2026-07-03T21:04:09,,,CSV,,,,,年齢別推計人口【年齢5歳階級別、年齢3区分別】（令和2年11月1日～令和8年8月1日）,2026-07-03T21:04:09,https://www.city.osaka.lg.jp/contents/wdu290/opendata/dataset/data-00000125/nenrei202011_202608.csv,,0,,,
,data-00000125,,,103001,active,2021-12-21T20:58:00,,年齢別推計人口の計算過程において端数調整を行っていないため、年齢合計、男女計及び24区計と総数は必ずしも一致しません。,CSV,,,,,年齢階級別推計人口（2015年11月1日～2020年9月1日）,2021-12-21T20:58:00,https://www.city.osaka.lg.jp/contents/wdu290/opendata/dataset/data-00000125/nenreibetsu_201511_202009.csv,,1,,,
,data-00000371,,,1422949,active,2026-04-23T00:00:00,,,CSV,,,,,大阪市立図書館「こどものほんだな」（児童図書）,2026-04-23T00:00:00,https://www.city.osaka.lg.jp/contents/wdu290/opendata/dataset/data-00000371/kodomohon.csv,,0,,,
,data-00000375,,,326471,active,2026-05-15T16:06:57,,,CSV,,,,,旅館業施設一覧（令和8年3月31日時点）,2026-05-15T16:06:57,https://www.city.osaka.lg.jp/contents/wdu290/opendata/dataset/data-00000375/ryokan.csv,,0,,,
,data-00000375,,,1430290,active,2026-05-15T16:06:57,,,CSV,,,,,特区民泊施設一覧(令和8年3月31日時点),2026-05-15T16:06:57,https://www.city.osaka.lg.jp/contents/wdu290/opendata/dataset/data-00000375/tokku.csv,,1,,,
,data-00000375,,,266785,active,2026-05-15T16:06:57,,※令和2年4月以降受付分に関しては消防法令適合通知書の添付の有無について公表しています。,CSV,,,,,住宅宿泊事業法に基づく届出施設一覧(令和8年3月31日時点),2026-05-15T16:06:57,https://www.city.osaka.lg.jp/contents/wdu290/opendata/dataset/data-00000375/shinpou.csv,,2,,,
,data-00000375,,,3965115,active,2026-05-15T16:06:57,,位置情報として掲載している緯度・経度の情報については完全に一致しない可能性があります。「国家戦略特別区域外国人滞在施設経営事業」を「特区民泊」に略称しています。住宅宿泊事業は届出事項に施設名称がないため、施設名称を「－」にしています。,CSV,,,,,旅館業・特区民泊・住宅宿泊事業の施設等一覧（令和8年3月31日時点）,2026-05-15T16:06:57,https://www.city.osaka.lg.jp/contents/wdu290/opendata/dataset/data-00000375/ketsugo.csv,,3,,,
,data-00000377,,,106809,active,2026-07-03T20:46:03,,,CSV,,,,,推計人口（令和2年11月1日～令和8年7月1日）,2026-07-03T20:46:03,https://www.city.osaka.lg.jp/contents/wdu290/opendata/dataset/data-00000377/suikei.csv,,0,,,
,data-00000378,,,411293,active,2026-07-03T20:46:03,,,CSV,,,,,人口異動（令和2年11月1日～令和8年7月1日）,2026-07-03T20:46:03,https://www.city.osaka.lg.jp/contents/wdu290/opendata/dataset/data-00000378/jinkouidou.csv,,0,,,
,data-00000379,,,678585,active,2025-11-05T16:59:37,,,CSV,,,,,施術所一覧,2025-11-05T16:59:37,https://www.city.osaka.lg.jp/contents/wdu290/opendata/dataset/data-00000379/sejyutusyoichiran.csv,,0,,,
,data-00000379,,,9240,active,2025-11-05T16:59:37,,,CSV,,,,,出張施術所一覧,2025-11-05T16:59:37,https://www.city.osaka.lg.jp/contents/wdu290/opendata/dataset/data-00000379/shyuttyousejyutuichiran.csv,,1,,,
,data-00000380,,,25412,active,2020-01-31T09:20:00,,,CSV,,,,,都島区広報情報（2020年2月1日時点）,2020-01-31T09:20:00,https://www.city.osaka.lg.jp/contents/wdu290/opendata/dataset/data-00000380/20200131_miyakojima-event_20200131.csv,,0,,,
,data-00000380,,,17906,active,2019-12-27T07:59:00,,,CSV,,,,,都島区広報情報（2020年1月1日時点）,2019-12-27T07:59:00,https://www.city.osaka.lg.jp/contents/wdu290/opendata/dataset/data-00000380/20191226_miyakojima-event_20201201.csv,,1,,,
,data-00000380,,,28616,active,2019-11-29T09:17:00,,,CSV,,,,,都島区広報情報（2019年12月1日時点）,2019-11-29T09:17:00,https://www.city.osaka.lg.jp/contents/wdu290/opendata/dataset/data-00000380/20191129_miyakojima-event_201912.csv,,2,,,
,data-00000380,,,24991,active,2019-10-31T07:24:00,,,CSV,,,,,都島区広報情報（2019年11月1日時点）,2019-10-31T07:24:00,https://www.city.osaka.lg.jp/contents/wdu290/opendata/dataset/data-00000380/20191030_miyakojima-event_20191101.csv,,3,,,
,data-00000380,,,33524,active,2019-09-30T05:39:00,,,CSV,,,,,都島区広報情報（2019年10月1日時点）,2019-09-30T05:39:00,https://www.city.osaka.lg.jp/contents/wdu290/opendata/dataset/data-00000380/20190929_miyakojima-pub_20191001.csv,,4,,,
,data-00000380,,,29162,active,2019-08-30T07:48:00,,,CSV,,,,,都島区広報情報（2019年9月1日時点）,2019-08-30T07:48:00,https://www.city.osaka.lg.jp/contents/wdu290/opendata/dataset/data-00000380/20190829_miyakojima-event_20190901.csv,,5,,,
,data-00000380,,,25385,active,2019-07-31T09:15:00,,,CSV,,,,,都島区広報情報（2019年8月1日時点）,2019-07-31T09:15:00,https://www.city.osaka.lg.jp/contents/wdu290/opendata/dataset/data-00000380/20190731_miyakojima-event_20190801.csv,,6,,,
,data-00000380,,,26681,active,2019-06-28T08:41:00,,,CSV,,,,,都島区広報情報（2019年7月1日時点）,2019-06-28T08:41:00,https://www.city.osaka.lg.jp/contents/wdu290/opendata/dataset/data-00000380/20190627_miyakojima-event_20190628.csv,,7,,,
,data-00000380,,,24999,active,2019-05-31T05:00:00,,,CSV,,,,,都島区広報情報（2019年6月1日時点）,2019-05-31T05:00:00,https://www.city.osaka.lg.jp/contents/wdu290/opendata/dataset/data-00000380/20190530_miyakojima-event_20190601.csv,,8,,,
,data-00000380,,,22213,active,2019-04-26T00:57:00,,,CSV,,,,,都島区広報情報（2019年5月1日時点）,2019-04-26T00:57:00,https://www.city.osaka.lg.jp/contents/wdu290/opendata/dataset/data-00000380/20190425_miyakojima-event_20190501.csv,,9,,,
,data-00000380,,,27035,active,2019-03-29T06:48:00,,,CSV,,,,,都島区広報情報（2019年3月31日時点）,2019-03-29T06:48:00,https://www.city.osaka.lg.jp/contents/wdu290/opendata/dataset/data-00000380/20190328_miyakojima-events_201904.csv,,10,,,
,data-00000380,,,22766,active,2019-02-28T09:18:00,,,CSV,,,,,都島区広報情報（2019年3月1日時点）,2019-02-28T09:18:00,https://www.city.osaka.lg.jp/contents/wdu290/opendata/dataset/data-00000380/20190228_miyakojima-events_201903.csv,,11,,,
,data-00000380,,,20154,active,2019-01-31T08:14:00,,,CSV,,,,,都島区広報情報（2019年2月1日時点）,2019-01-31T08:14:00,https://www.city.osaka.lg.jp/contents/wdu290/opendata/dataset/data-00000380/20190130_miyakojima-event_20190125.csv,,12,,,
,data-00000380,,,21243,active,2019-01-21T22:46:02,,都島区広報情報（平成31年1月1日時点）,CSV,,,,,都島区広報情報（平成31年1月1日時点）,2018-12-27T00:49:55,https://www.city.osaka.lg.jp/contents/wdu290/opendata/dataset/data-00000380/miyakojima-event_20181227.csv,,13,,,
,data-00000380,,,26041,active,2019-01-16T22:32:18,,都島区広報情報（平成30年1月1日時点）,CSV,,,,,都島区広報情報（平成30年1月1日時点）,2017-12-26T21:08:24,https://www.city.osaka.lg.jp/contents/wdu290/opendata/dataset/data-00000380/miyakojima-event_201801.csv,,14,,,
,data-00000380,,,28217,active,2019-01-16T22:32:18,,都島区広報情報（平成30年9月1日時点）,CSV,,,,,都島区広報情報（平成30年9月1日時点）,2018-08-30T23:27:13,https://www.city.osaka.lg.jp/contents/wdu290/opendata/dataset/data-00000380/miyakojima-event_201809.csv,,15,,,
,data-00000380,,,25042,active,2019-01-16T22:32:18,,都島区広報情報（平成30年2月1日時点）,CSV,,,,,都島区広報情報（平成30年2月1日時点）,2018-01-31T01:23:07,https://www.city.osaka.lg.jp/contents/wdu290/opendata/dataset/data-00000380/miyakojima-event_201802.csv,,16,,,
,data-00000380,,,21632,active,2019-01-16T22:32:18,,都島区広報情報（平成30年3月1日時点）,CSV,,,,,都島区広報情報（平成30年3月1日時点）,2018-02-27T16:05:20,https://www.city.osaka.lg.jp/contents/wdu290/opendata/dataset/data-00000380/miyakojima-event_201803.csv,,17,,,
,data-00000380,,,21140,active,2019-01-16T22:32:18,,都島区広報情報（平成30年3月31日時点）,CSV,,,,,都島区広報情報（平成30年3月31日時点）,2018-03-30T04:20:51,https://www.city.osaka.lg.jp/contents/wdu290/opendata/dataset/data-00000380/miyakojima-event_201804.csv,,18,,,
,data-00000380,,,22491,active,2019-01-16T22:32:18,,都島区広報情報（平成30年5月1日時点）,CSV,,,,,都島区広報情報（平成30年5月1日時点）,2018-04-26T17:35:08,https://www.city.osaka.lg.jp/contents/wdu290/opendata/dataset/data-00000380/miyakojima-event_201805.csv,,19,,,
,data-00000380,,,26401,active,2019-01-16T22:32:18,,都島区広報情報（平成30年6月1日時点）,CSV,,,,,都島区広報情報（平成30年6月1日時点）,2018-06-07T17:56:28,https://www.city.osaka.lg.jp/contents/wdu290/opendata/dataset/data-00000380/miyakojima-event_201806.csv,,20,,,
,data-00000380,,,27274,active,2019-01-16T22:32:18,,都島区広報情報（平成30年8月1日時点）,CSV,,,,,都島区広報情報（平成30年8月1日時点）,2018-07-31T00:17:56,https://www.city.osaka.lg.jp/contents/wdu290/opendata/dataset/data-00000380/miyakojima-event_201808.csv,,21,,,
,data-00000380,,,26158,active,2019-01-16T22:32:18,,都島区広報情報（平成30年10月1日時点）,CSV,,,,,都島区広報情報（平成30年10月1日時点）,2018-09-27T17:57:37,https://www.city.osaka.lg.jp/contents/wdu290/opendata/dataset/data-00000380/miyakojima-event_201810.csv,,22,,,
,data-00000380,,,24434,active,2019-01-16T22:32:18,,都島区広報情報（平成30年11月1日時点）,CSV,,,,,都島区広報情報（平成30年11月1日時点）,2018-10-30T21:18:27,https://www.city.osaka.lg.jp/contents/wdu290/opendata/dataset/data-00000380/miyakojima-event_20181031.csv,,23,,,
,data-00000380,,,21401,active,2019-01-16T22:32:18,,都島区広報情報（平成30年12月1日時点）,CSV,,,,,都島区広報情報（平成30年12月1日時点）,2018-11-29T17:55:14,https://www.city.osaka.lg.jp/contents/wdu290/opendata/dataset/data-00000380/miyakojima-event_20181129.csv,,24,,,
,data-00000380,,,29164,active,2019-01-16T22:32:18,,都島区広報情報（平成30年7月1日時点）,CSV,,,,,都島区広報情報（平成30年7月1日時点）,2018-06-28T21:19:05,https://www.city.osaka.lg.jp/contents/wdu290/opendata/dataset/data-00000380/miyakojima-event_201807.csv,,25,,,
,data-00000380,,,25714,active,2019-01-16T22:32:18,,都島区広報情報（平成29年12月1日時点）,CSV,,,,,都島区広報情報（平成29年12月1日時点）,2017-11-29T17:28:18,https://www.city.osaka.lg.jp/contents/wdu290/opendata/dataset/data-00000380/miyakojima-event_201712.csv,,26,,,
,data-00000381,,,85628,active,2026-05-21T17:36:35,,令和8年6⽉1⽇からの単位数表マスタを掲載しました。7⽉の国保連合会への請求（6⽉サービス提供分の請求）までに取り込みをお願いいたします。,CSV,,,,,大阪市介護予防・⽇常⽣活⽀援総合事業単位数表マスタ（令和8年6⽉以降改定版）2026年5⽉22⽇掲載,2026-05-21T17:36:35,https://www.city.osaka.lg.jp/contents/wdu290/opendata/dataset/data-00000381/masuta.csv,,0,,,
,data-00000382,,,18197327,active,2022-01-20T06:38:00,,屋号及び営業者氏名に異体字が使用されている場合は、「 ・ 」で表示されています。詳細については施設を管轄する生活衛生監視事務所へお問合せください。位置情報として掲載している緯度・経度の情報については完全に一致しない可能があります。,CSV,,,,,食品営業許可施設一覧（令和3年12月31日現在）,2022-01-20T06:38:00,https://www.city.osaka.lg.jp/contents/wdu290/opendata/dataset/data-00000382/271004_food_business_all_20211231.csv,,0,,,
,data-00000383,,,1018148,active,2019-01-22T15:27:58,,データは各時点のものとなりますので、最新のデータは内閣府NPOホームページからダウンロードしてください。,CSV,,,,,行政入力情報データ(平成31年1月22日時点),2019-01-22T15:27:58,https://www.city.osaka.lg.jp/contents/wdu290/opendata/dataset/data-00000383/113_AdministrativeInputData_20190122.csv,,0,,,
,data-00000384,,,60579,active,2025-11-19T14:49:18,,施設名称、施設住所、施設電話番号,CSV,,,,,歯科技工所一覧,2025-11-19T14:49:18,https://www.city.osaka.lg.jp/contents/wdu290/opendata/dataset/data-00000384/shikagikousyoichiran.csv,,0,,,
,data-00000385,,,6965,active,2025-08-21T14:59:16,,大正区は、2014(平成26)年度から2017(平成29年)度まで補助金交付を取りやめ、地域活動協議会への支援に係る委託料を別途計上しています。,CSV,,,,,地域活動協議会補助金各区における予算額推移一覧(2013年度～2025年度),2025-08-21T14:59:16,https://www.city.osaka.lg.jp/contents/wdu290/opendata/dataset/data-00000385/yosansuii.csv,,0,,,
,data-00000386,,,248,active,2019-01-23T03:02:00,,総生産、市民所得、GDP、GRP、経済計算、成長率、早期推計,CSV,,,,,経済成長率の比較（実質）（H29早期推計）,2019-01-23T03:02:00,https://www.city.osaka.lg.jp/contents/wdu290/opendata/dataset/data-00000386/20190122_03_toukeihyo3.csv,,0,,,
,data-00000386,,,244,active,2019-01-23T03:02:00,,総生産、市民所得、GDP、GRP、経済計算、成長率、早期推計,CSV,,,,,経済成長率の比較（名目）（H29早期推計）,2019-01-23T03:02:00,https://www.city.osaka.lg.jp/contents/wdu290/opendata/dataset/data-00000386/20190122_02_toukeihyo2.csv,,1,,,
,data-00000386,,,707,active,2019-01-23T03:02:00,,総生産、市民所得、GDP、GRP、経済計算、成長率、早期推計,CSV,,,,,市内総生産及び経済成長率（H29早期推計）,2019-01-23T03:02:00,https://www.city.osaka.lg.jp/contents/wdu290/opendata/dataset/data-00000386/20190122_01_toukeihyo1.csv,,2,,,
,data-00000386,,,388,active,2019-01-16T22:29:09,,大阪市では域内総生産の早期推計に取り組んでおり、早期に公表される経済指標から計算される主成分を用いた回帰分析により平成28年度大阪市民経済計算（早期推計）を行いました。,CSV,,,,,経済成長率の比較（実質）（H28早期推計）,2019-01-16T22:29:09,https://www.city.osaka.lg.jp/contents/wdu290/opendata/dataset/data-00000386/2016_03hikaku-jissitu.csv,,3,,,
,data-00000386,,,387,active,2019-01-16T22:29:09,,大阪市では域内総生産の早期推計に取り組んでおり、早期に公表される経済指標から計算される主成分を用いた回帰分析により平成28年度大阪市民経済計算（早期推計）を行いました。,CSV,,,,,経済成長率の比較（名目）（H28早期推計）,2019-01-16T22:29:09,https://www.city.osaka.lg.jp/contents/wdu290/opendata/dataset/data-00000386/2016_02hikaku-meimoku.csv,,4,,,
,data-00000386,,,834,active,2019-01-16T22:29:09,,大阪市では域内総生産の早期推計に取り組んでおり、早期に公表される経済指標から計算される主成分を用いた回帰分析により平成28年度大阪市民経済計算（早期推計）を行いました。,CSV,,,,,市内総生産及び経済成長率（H28早期推計）,2019-01-16T22:29:09,https://www.city.osaka.lg.jp/contents/wdu290/opendata/dataset/data-00000386/2016_01oosakasi.csv,,5,,,
,data-00000389,,,71742,active,2019-01-16T22:29:40,,この集計は、総務省統計局『平成27年国勢調査』の調査票情報を、大阪市が独自で「小学校区別」の地域区分（平成28年4月1日現在）により集計したものです。なお、国勢調査の調査区と「小学校区別」の地域区分が完全に合致しない地域もあることから、集計結果は参考値となります。,CSV,,,,,第15表 常住地による従業地・通学地（9区分）、男女別15歳以上就業者数及び15歳以上通学者数(平成27年),2017-12-21T19:15:02,https://www.city.osaka.lg.jp/contents/wdu290/opendata/dataset/data-00000389/2015_15-syougakkouku.csv,,0,,,
,data-00000389,,,19719,active,2019-01-16T22:29:40,,この集計は、総務省統計局『平成27年国勢調査』の調査票情報を、大阪市が独自で「小学校区別」の地域区分（平成28年4月1日現在）により集計したものです。なお、国勢調査の調査区と「小学校区別」の地域区分が完全に合致しない地域もあることから、集計結果は参考値となります。,CSV,,,,,第14表 世帯の経済構成（12区分）別一般世帯数(平成27年),2017-12-21T19:14:10,https://www.city.osaka.lg.jp/contents/wdu290/opendata/dataset/data-00000389/2015_14-shougakkouku.csv,,1,,,
,data-00000389,,,37581,active,2019-01-16T22:29:40,,この集計は、総務省統計局『平成27年国勢調査』の調査票情報を、大阪市が独自で「小学校区別」の地域区分（平成28年4月1日現在）により集計したものです。なお、国勢調査の調査区と「小学校区別」の地域区分が完全に合致しない地域もあることから、集計結果は参考値となります。,CSV,,,,,第13表 居住期間（6区分）、男女別人口(平成27年),2017-12-21T19:13:19,https://www.city.osaka.lg.jp/contents/wdu290/opendata/dataset/data-00000389/2015_13-shougakkouku.csv,,2,,,
,data-00000389,,,41949,active,2019-01-16T22:29:40,,この集計は、総務省統計局『平成27年国勢調査』の調査票情報を、大阪市が独自で「小学校区別」の地域区分（平成28年4月1日現在）により集計したものです。なお、国勢調査の調査区と「小学校区別」の地域区分が完全に合致しない地域もあることから、集計結果は参考値となります。,CSV,,,,,第12表 5年前の常住地（6区分）、男女別人口(平成27年),2017-09-24T23:13:26,https://www.city.osaka.lg.jp/contents/wdu290/opendata/dataset/data-00000389/2015_12-shougakkouku.csv,,3,,,
,data-00000389,,,49509,active,2019-01-16T22:29:40,,この集計は、総務省統計局『平成27年国勢調査』の調査票情報を、大阪市が独自で「小学校区別」の地域区分（平成28年4月1日現在）により集計したものです。なお、国勢調査の調査区と「小学校区別」の地域区分が完全に合致しない地域もあることから、集計結果は参考値となります。,CSV,,,,,第11表 職業（大分類）、男女別15歳以上就業者数(平成27年),2017-09-24T23:12:22,https://www.city.osaka.lg.jp/contents/wdu290/opendata/dataset/data-00000389/2015_11-shougakkouku.csv,,4,,,
,data-00000389,,,74200,active,2019-01-16T22:29:40,,この集計は、総務省統計局『平成27年国勢調査』の調査票情報を、大阪市が独自で「小学校区別」の地域区分（平成28年4月1日現在）により集計したものです。なお、国勢調査の調査区と「小学校区別」の地域区分が完全に合致しない地域もあることから、集計結果は参考値となります。,CSV,,,,,第10表 産業（大分類）、男女別15歳以上就業者数(平成27年),2017-09-24T23:11:08,https://www.city.osaka.lg.jp/contents/wdu290/opendata/dataset/data-00000389/2015_10-shougakkouku.csv,,5,,,
,data-00000389,,,23255,active,2019-01-16T22:29:40,,この集計は、総務省統計局『平成27年国勢調査』の調査票情報を、大阪市が独自で「小学校区別」の地域区分（平成28年4月1日現在）により集計したものです。なお、国勢調査の調査区と「小学校区別」の地域区分が完全に合致しない地域もあることから、集計結果は参考値となります。,CSV,,,,,第9表 従業上の地位（3区分）、男女別15歳以上就業者数(平成27年),2017-09-24T23:09:46,https://www.city.osaka.lg.jp/contents/wdu290/opendata/dataset/data-00000389/2015_09-shougakkouku.csv,,6,,,
,data-00000389,,,21622,active,2019-01-16T22:29:40,,この集計は、総務省統計局『平成27年国勢調査』の調査票情報を、大阪市が独自で「小学校区別」の地域区分（平成28年4月1日現在）により集計したものです。なお、国勢調査の調査区と「小学校区別」の地域区分が完全に合致しない地域もあることから、集計結果は参考値となります。,CSV,,,,,第8表 労働力状態（2区分）、男女別15歳以上人口(平成27年),2017-09-24T23:08:39,https://www.city.osaka.lg.jp/contents/wdu290/opendata/dataset/data-00000389/2015_08-shougakkouku.csv,,7,,,
,data-00000389,,,57864,active,2019-01-16T22:29:40,,この集計は、総務省統計局『平成27年国勢調査』の調査票情報を、大阪市が独自で「小学校区別」の地域区分（平成28年4月1日現在）により集計したものです。なお、国勢調査の調査区と「小学校区別」の地域区分が完全に合致しない地域もあることから、集計結果は参考値となります。,CSV,,,,,第7表 住宅の建て方（7区分）別住宅に住む主世帯数、主世帯人員及び1世帯当たり人員(平成27年),2017-09-27T20:55:58,https://www.city.osaka.lg.jp/contents/wdu290/opendata/dataset/data-00000389/2015_07-shougakkouku.csv,,8,,,
,data-00000389,,,60815,active,2019-01-16T22:29:39,,この集計は、総務省統計局『平成27年国勢調査』の調査票情報を、大阪市が独自で「小学校区別」の地域区分（平成28年4月1日現在）により集計したものです。なお、国勢調査の調査区と「小学校区別」の地域区分が完全に合致しない地域もあることから、集計結果は参考値となります。,CSV,,,,,第6表 住居の種類・住宅の所有の関係（6区分）別一般世帯数、一般世帯人員及び1世帯当たり人員(平成27年),2017-09-27T20:54:29,https://www.city.osaka.lg.jp/contents/wdu290/opendata/dataset/data-00000389/2015_06-shougakkouku.csv,,9,,,
,data-00000389,,,106951,active,2019-01-16T22:29:39,,この集計は、総務省統計局『平成27年国勢調査』の調査票情報を、大阪市が独自で「小学校区別」の地域区分（平成28年4月1日現在）により集計したものです。なお、国勢調査の調査区と「小学校区別」の地域区分が完全に合致しない地域もあることから、集計結果は参考値となります。,CSV,,,,,第5表 世帯の家族類型（6区分）別一般世帯数、一般世帯人員及び1世帯当たり世帯人員（6歳未満・18歳未満・65歳以上世帯員のいる一般世帯数、65歳以上世帯委員のみの一般世帯数及び3世代世帯ー特掲）(平成27年),2017-09-27T20:51:46,https://www.city.osaka.lg.jp/contents/wdu290/opendata/dataset/data-00000389/2015_05-shougakkouku.csv,,10,,,
,data-00000389,,,23975,active,2019-01-16T22:29:39,,この集計は、総務省統計局『平成27年国勢調査』の調査票情報を、大阪市が独自で「小学校区別」の地域区分（平成28年4月1日現在）により集計したものです。なお、国勢調査の調査区と「小学校区別」の地域区分が完全に合致しない地域もあることから、集計結果は参考値となります。,CSV,,,,,第4表 世帯の種類（2区分）、世帯人員（7区分）別一般世帯数、一般世帯人員、1世帯当たり人員、施設等の世帯数及び施設等の世帯人員(平成27年),2017-09-27T20:49:45,https://www.city.osaka.lg.jp/contents/wdu290/opendata/dataset/data-00000389/2015_04-shougakkouku.csv,,11,,,
,data-00000389,,,29129,active,2019-01-16T22:29:39,,この集計は、総務省統計局『平成27年国勢調査』の調査票情報を、大阪市が独自で「小学校区別」の地域区分（平成28年4月1日現在）により集計したものです。なお、国勢調査の調査区と「小学校区別」の地域区分が完全に合致しない地域もあることから、集計結果は参考値となります。,CSV,,,,,第3表 配偶関係（4区分）、男女別15歳以上人口(平成27年),2017-09-27T20:48:16,https://www.city.osaka.lg.jp/contents/wdu290/opendata/dataset/data-00000389/2015_03-shougakkouku.csv,,12,,,
,data-00000389,,,125108,active,2019-01-16T22:29:39,,この集計は、総務省統計局『平成27年国勢調査』の調査票情報を、大阪市が独自で「小学校区別」の地域区分（平成28年4月1日現在）により集計したものです。なお、国勢調査の調査区と「小学校区別」の地域区分が完全に合致しない地域もあることから、集計結果は参考値となります。,CSV,,,,,第2表 年齢（5歳階級）、男女別人口、平均年齢（外国人ー特掲）(平成27年),2017-09-27T20:38:04,https://www.city.osaka.lg.jp/contents/wdu290/opendata/dataset/data-00000389/2015_02-shougakkouku.csv,,13,,,
,data-00000389,,,9409,active,2019-01-16T22:29:39,,この集計は、総務省統計局『平成27年国勢調査』の調査票情報を、大阪市が独自で「小学校区別」の地域区分（平成28年4月1日現在）により集計したものです。なお、国勢調査の調査区と「小学校区別」の地域区分が完全に合致しない地域もあることから、集計結果は参考値となります。,CSV,,,,,第1表 男女別人口及び世帯数(平成27年),2017-09-27T20:37:13,https://www.city.osaka.lg.jp/contents/wdu290/opendata/dataset/data-00000389/2015_01-shougakkouku.csv,,14,,,
,data-00000391,,,6268751,active,2024-03-31T00:00:00,,令和5年度新規搭載分の追加およびメタデータ修正分の反映を行いました。,CSV,,,,,大阪市立図書館デジタルアーカイブオープンデータコンテンツ書誌情報データセット（2024年3月31日現在）,2021-04-04T21:53:00,https://www.city.osaka.lg.jp/contents/wdu290/opendata/dataset/data-00000391/omlda.csv,,0,,,
,data-00000392,,,2726,active,2019-01-16T19:07:18,,平成28年度調査対象数,CSV,,,,,平成28年度調査対象数,2019-01-16T19:07:18,https://www.city.osaka.lg.jp/contents/wdu290/opendata/dataset/data-00000392/28besshi1.csv,,0,,,
,data-00000392,,,4346,active,2019-01-16T19:07:18,,平成28年度結果,CSV,,,,,平成28年度結果,2019-01-16T19:07:18,https://www.city.osaka.lg.jp/contents/wdu290/opendata/dataset/data-00000392/28kekka.csv,,1,,,
,data-00000393,,,1965,active,2025-05-13T17:56:16,,,CSV,,,,,大阪市内河川におけるBOD（生物化学的酸素要求量）年平均値の経年変化,2025-05-13T17:56:16,https://www.city.osaka.lg.jp/contents/wdu290/opendata/dataset/data-00000393/bod-ex.csv,,0,,,
,data-00000393,,,3693,active,2025-05-13T18:16:31,,調査地点、河川名、含水率(%)、pH、総水銀(mg/kg)、アルキル水銀(mg/kg)、PCB(mg/kg),CSV,,,,,大阪市内河川底質調査結果（平成23年度から令和5年度まで）,2025-05-13T18:16:31,https://www.city.osaka.lg.jp/contents/wdu290/opendata/dataset/data-00000393/teishitsu.csv,,4,,,
,data-00000393,,,7959,active,2025-05-13T18:14:26,,,CSV,,,,,環境基準項目に係る達成割合一覧（令和2年度から令和5年度まで）,2025-05-13T18:14:26,https://www.city.osaka.lg.jp/contents/wdu290/opendata/dataset/data-00000393/ichiran.csv,,5,,,
,data-00000393,,,8191,active,2025-05-13T18:01:56,,測定年度（平成）、地点番号、調査地点、類型、pH、DO(mg/L)、COD(mg/L)、COD年間75%値（mg/L）、COD環境基準達成状況、全窒素(mg/L)、全燐(mg/L)、BOD(mg/L),CSV,,,,,大阪市内公共用水域水質調査結果（海域）（平成23年度から令和5年度まで）,2025-05-13T18:01:56,https://www.city.osaka.lg.jp/contents/wdu290/opendata/dataset/data-00000393/kaiiki.csv,,5,,,
,data-00000393,,,33660,active,2025-05-13T17:59:45,,測定年度（平成）、地点番号、調査地点、河川名、類型、pH、DO(mg/L)、BOD(mg/L)、BOD年間75%値（mg/L）、BOD環境基準達成状況、COD(mg/L)、SS(mg/L),CSV,,,,,大阪市内公共用水域水質調査結果（河川）（平成23年度から令和5年度まで）,2025-05-13T17:59:45,https://www.city.osaka.lg.jp/contents/wdu290/opendata/dataset/data-00000393/kasen.csv,,6,,,
,data-00000393,,,3728,active,2019-01-16T18:00:02,,地点名、河川名、水域区分名、類型、測定主体、地点属性,CSV,,,,,水質調査地点一覧表(平成28年度),2019-01-16T18:00:02,https://www.city.osaka.lg.jp/contents/wdu290/opendata/dataset/data-00000393/2016_titen-csv.csv,,7,,,
,data-00000394,,,6589,active,2019-01-16T22:31:01,,平成26年7月1日現在で実施した商業統計調査結果（産業細分類別）の大阪市分です。,CSV,,,,,平成26年大阪市における商業の産業細分類別事業所数,2019-01-16T22:31:01,https://www.city.osaka.lg.jp/contents/wdu290/opendata/dataset/data-00000394/2014_jigyousyosu0.csv,,0,,,
,data-00000394,,,9901,active,2019-01-16T22:31:01,,平成26年7月1日現在で実施した商業統計調査結果（産業細分類別）の大阪市分です。,CSV,,,,,平成26年大阪市における商業の産業細分類別経営組織別事業所数,2019-01-16T22:31:01,https://www.city.osaka.lg.jp/contents/wdu290/opendata/dataset/data-00000394/2014_keieisosikibetu1.csv,,1,,,
,data-00000394,,,11086,active,2019-01-16T22:31:01,,平成26年7月1日現在で実施した商業統計調査結果（産業細分類別）の大阪市分です。,CSV,,,,,平成26年大阪市における商業の産業細分類別開設年別事業所数,2019-01-16T22:31:01,https://www.city.osaka.lg.jp/contents/wdu290/opendata/dataset/data-00000394/2014_kaisetunennbetu2.csv,,2,,,
,data-00000394,,,8169,active,2019-01-16T22:31:01,,平成26年7月1日現在で実施した商業統計調査結果（産業細分類別）の大阪市分です。,CSV,,,,,平成26年大阪市における商業の産業細分類別従業者数,2019-01-16T22:31:01,https://www.city.osaka.lg.jp/contents/wdu290/opendata/dataset/data-00000394/2014_jyuugyousya3.csv,,3,,,
,data-00000394,,,8356,active,2019-01-16T22:31:01,,平成26年7月1日現在で実施した商業統計調査結果（産業細分類別）の大阪市分です。,CSV,,,,,平成26年大阪市における商業の産業細分類別年間商品販売額及びその他の収入額,2019-01-16T22:31:01,https://www.city.osaka.lg.jp/contents/wdu290/opendata/dataset/data-00000394/2014_nenkanhannbaigaku4.csv,,4,,,
,data-00000394,,,3538,active,2019-01-16T22:31:01,,平成26年7月1日現在で実施した商業統計調査結果（産業細分類別）の大阪市分です。,CSV,,,,,平成26年大阪市における商業の産業細分類別小売業売り場面積,2019-01-16T22:31:01,https://www.city.osaka.lg.jp/contents/wdu290/opendata/dataset/data-00000394/2014_kouriuribamennseki5.csv,,5,,,
,data-00000395,,,119183,active,2019-01-16T22:31:45,,平成26年7月1日現在で実施した経済センサス-基礎調査結果（町丁目別）の大阪市分です。,CSV,,,,,第3表　経営組織（4区分）別民営事業所数及び従業者数(平成26年),2017-02-12T20:07:32,https://www.city.osaka.lg.jp/contents/wdu290/opendata/dataset/data-00000395/2014_03.csv,,0,,,
,data-00000395,,,404785,active,2019-01-16T22:31:45,,平成26年7月1日現在で実施した経済センサス-基礎調査結果（町丁目別）の大阪市分です。,CSV,,,,,第2表　経営組織（2区分）、従業者規模（6区分）別全事業所数及び男女別従業者数(平成26年),2017-02-12T20:07:24,https://www.city.osaka.lg.jp/contents/wdu290/opendata/dataset/data-00000395/2014_02.csv,,1,,,
,data-00000395,,,151493,active,2019-01-16T22:31:45,,平成26年7月1日現在で実施した経済センサス-基礎調査結果（町丁目別）の大阪市分です。,CSV,,,,,第1表　経営組織（2区分）、産業（中分類）別全事業所数及び男女別従業者数－西成区(平成26年),2017-02-12T20:07:09,https://www.city.osaka.lg.jp/contents/wdu290/opendata/dataset/data-00000395/2014_01-24nishinari.csv,,2,,,
,data-00000395,,,246426,active,2019-01-16T22:31:45,,平成26年7月1日現在で実施した経済センサス-基礎調査結果（町丁目別）の大阪市分です。,CSV,,,,,第1表　経営組織（2区分）、産業（中分類）別全事業所数及び男女別従業者数－平野区(平成26年),2017-02-12T20:07:03,https://www.city.osaka.lg.jp/contents/wdu290/opendata/dataset/data-00000395/2014_01-23hirano.csv,,3,,,
,data-00000395,,,182186,active,2019-01-16T22:31:45,,平成26年7月1日現在で実施した経済センサス-基礎調査結果（町丁目別）の大阪市分です。,CSV,,,,,第1表　経営組織（2区分）、産業（中分類）別全事業所数及び男女別従業者数－東住吉区(平成26年),2017-02-12T20:06:55,https://www.city.osaka.lg.jp/contents/wdu290/opendata/dataset/data-00000395/2014_01-22higashisumiyoshi.csv,,4,,,
,data-00000395,,,184251,active,2019-01-16T22:31:45,,平成26年7月1日現在で実施した経済センサス-基礎調査結果（町丁目別）の大阪市分です。,CSV,,,,,第1表　経営組織（2区分）、産業（中分類）別全事業所数及び男女別従業者数－住吉区(平成26年),2017-02-12T20:06:31,https://www.city.osaka.lg.jp/contents/wdu290/opendata/dataset/data-00000395/2014_01-21sumiyoshi.csv,,5,,,
,data-00000395,,,181506,active,2019-01-16T22:31:45,,平成26年7月1日現在で実施した経済センサス-基礎調査結果（町丁目別）の大阪市分です。,CSV,,,,,第1表　経営組織（2区分）、産業（中分類）別全事業所数及び男女別従業者数－住之江区(平成26年),2017-02-12T20:06:24,https://www.city.osaka.lg.jp/contents/wdu290/opendata/dataset/data-00000395/2014_01-20suminoe.csv,,6,,,
,data-00000395,,,126008,active,2019-01-16T22:31:45,,平成26年7月1日現在で実施した経済センサス-基礎調査結果（町丁目別）の大阪市分です。,CSV,,,,,第1表　経営組織（2区分）、産業（中分類）別全事業所数及び男女別従業者数－阿倍野区(平成26年),2017-02-12T20:06:01,https://www.city.osaka.lg.jp/contents/wdu290/opendata/dataset/data-00000395/2014_01-19abeno.csv,,7,,,
,data-00000395,,,111135,active,2019-01-16T22:31:45,,平成26年7月1日現在で実施した経済センサス-基礎調査結果（町丁目別）の大阪市分です。,CSV,,,,,第1表　経営組織（2区分）、産業（中分類）別全事業所数及び男女別従業者数－鶴見区(平成26年),2017-02-12T20:05:54,https://www.city.osaka.lg.jp/contents/wdu290/opendata/dataset/data-00000395/2014_01-18tsurumi.csv,,8,,,
,data-00000395,,,139208,active,2019-01-16T22:31:45,,平成26年7月1日現在で実施した経済センサス-基礎調査結果（町丁目別）の大阪市分です。,CSV,,,,,第1表　経営組織（2区分）、産業（中分類）別全事業所数及び男女別従業者数－城東区(平成26年),2017-02-12T20:05:47,https://www.city.osaka.lg.jp/contents/wdu290/opendata/dataset/data-00000395/2014_01-17jyoutou.csv,,9,,,
,data-00000395,,,85554,active,2019-01-16T22:31:45,,平成26年7月1日現在で実施した経済センサス-基礎調査結果（町丁目別）の大阪市分です。,CSV,,,,,第1表　経営組織（2区分）、産業（中分類）別全事業所数及び男女別従業者数－旭区(平成26年),2017-02-12T20:05:41,https://www.city.osaka.lg.jp/contents/wdu290/opendata/dataset/data-00000395/2014_01-16asahi.csv,,10,,,
,data-00000395,,,162463,active,2019-01-16T22:31:45,,平成26年7月1日現在で実施した経済センサス-基礎調査結果（町丁目別）の大阪市分です。,CSV,,,,,第1表　経営組織（2区分）、産業（中分類）別全事業所数及び男女別従業者数－生野区(平成26年),2017-02-12T20:05:34,https://www.city.osaka.lg.jp/contents/wdu290/opendata/dataset/data-00000395/2014_01-15ikuno.csv,,11,,,
,data-00000395,,,85689,active,2019-01-16T22:31:45,,平成26年7月1日現在で実施した経済センサス-基礎調査結果（町丁目別）の大阪市分です。,CSV,,,,,第1表　経営組織（2区分）、産業（中分類）別全事業所数及び男女別従業者数－東成区(平成26年),2017-02-12T20:05:27,https://www.city.osaka.lg.jp/contents/wdu290/opendata/dataset/data-00000395/2014_01-14higashinari.csv,,12,,,
,data-00000395,,,159005,active,2019-01-16T22:31:45,,平成26年7月1日現在で実施した経済センサス-基礎調査結果（町丁目別）の大阪市分です。,CSV,,,,,第1表　経営組織（2区分）、産業（中分類）別全事業所数及び男女別従業者数－東淀川区(平成26年),2017-02-12T20:05:21,https://www.city.osaka.lg.jp/contents/wdu290/opendata/dataset/data-00000395/2014_01-13higashiyodogawa.csv,,13,,,
,data-00000395,,,164888,active,2019-01-16T22:31:45,,平成26年7月1日現在で実施した経済センサス-基礎調査結果（町丁目別）の大阪市分です。,CSV,,,,,第1表　経営組織（2区分）、産業（中分類）別全事業所数及び男女別従業者数－淀川区(平成26年),2017-02-12T20:05:13,https://www.city.osaka.lg.jp/contents/wdu290/opendata/dataset/data-00000395/2014_01-12yodogawa.csv,,14,,,
,data-00000395,,,115613,active,2019-01-16T22:31:45,,平成26年7月1日現在で実施した経済センサス-基礎調査結果（町丁目別）の大阪市分です。,CSV,,,,,第1表　経営組織（2区分）、産業（中分類）別全事業所数及び男女別従業者数－西淀川区(平成26年),2017-02-12T20:05:06,https://www.city.osaka.lg.jp/contents/wdu290/opendata/dataset/data-00000395/2014_01-11nishiyodogawa.csv,,15,,,
,data-00000395,,,115891,active,2019-01-16T22:31:45,,平成26年7月1日現在で実施した経済センサス-基礎調査結果（町丁目別）の大阪市分です。,CSV,,,,,第1表　経営組織（2区分）、産業（中分類）別全事業所数及び男女別従業者数－浪速区(平成26年),2017-02-12T20:05:00,https://www.city.osaka.lg.jp/contents/wdu290/opendata/dataset/data-00000395/2014_01-10naniwa.csv,,16,,,
,data-00000395,,,130827,active,2019-01-16T22:31:45,,平成26年7月1日現在で実施した経済センサス-基礎調査結果（町丁目別）の大阪市分です。,CSV,,,,,第1表　経営組織（2区分）、産業（中分類）別全事業所数及び男女別従業者数－天王寺区(平成26年),2017-02-12T20:04:47,https://www.city.osaka.lg.jp/contents/wdu290/opendata/dataset/data-00000395/2014_01-09tennouji.csv,,17,,,
,data-00000395,,,91277,active,2019-01-16T22:31:45,,平成26年7月1日現在で実施した経済センサス-基礎調査結果（町丁目別）の大阪市分です。,CSV,,,,,第1表　経営組織（2区分）、産業（中分類）別全事業所数及び男女別従業者数－大正区(平成26年),2017-02-12T20:04:37,https://www.city.osaka.lg.jp/contents/wdu290/opendata/dataset/data-00000395/2014_01-08taishou.csv,,18,,,
,data-00000395,,,109262,active,2019-01-16T22:31:45,,平成26年7月1日現在で実施した経済センサス-基礎調査結果（町丁目別）の大阪市分です。,CSV,,,,,第1表　経営組織（2区分）、産業（中分類）別全事業所数及び男女別従業者数－港区(平成26年),2017-02-12T20:04:30,https://www.city.osaka.lg.jp/contents/wdu290/opendata/dataset/data-00000395/2014_01-07minato.csv,,19,,,
,data-00000395,,,115217,active,2019-01-16T22:31:45,,平成26年7月1日現在で実施した経済センサス-基礎調査結果（町丁目別）の大阪市分です。,CSV,,,,,第1表　経営組織（2区分）、産業（中分類）別全事業所数及び男女別従業者数－西区(平成26年),2017-02-12T20:04:24,https://www.city.osaka.lg.jp/contents/wdu290/opendata/dataset/data-00000395/2014_01-06nishi.csv,,20,,,
,data-00000395,,,338937,active,2019-01-16T22:31:44,,平成26年7月1日現在で実施した経済センサス-基礎調査結果（町丁目別）の大阪市分です。,CSV,,,,,第1表　経営組織（2区分）、産業（中分類）別全事業所数及び男女別従業者数－中央区(平成26年),2017-02-12T20:04:17,https://www.city.osaka.lg.jp/contents/wdu290/opendata/dataset/data-00000395/2014_01-05chuuou.csv,,21,,,
,data-00000395,,,107427,active,2019-01-16T22:31:44,,平成26年7月1日現在で実施した経済センサス-基礎調査結果（町丁目別）の大阪市分です。,CSV,,,,,第1表　経営組織（2区分）、産業（中分類）別全事業所数及び男女別従業者数－此花区(平成26年),2017-02-12T20:04:11,https://www.city.osaka.lg.jp/contents/wdu290/opendata/dataset/data-00000395/2014_01-04konohana.csv,,22,,,
,data-00000395,,,80617,active,2019-01-16T22:31:44,,平成26年7月1日現在で実施した経済センサス-基礎調査結果（町丁目別）の大阪市分です。,CSV,,,,,第1表　経営組織（2区分）、産業（中分類）別全事業所数及び男女別従業者数－福島区(平成26年),2017-02-12T20:04:05,https://www.city.osaka.lg.jp/contents/wdu290/opendata/dataset/data-00000395/2014_01-03hukushima.csv,,23,,,
,data-00000395,,,90977,active,2019-01-16T22:31:44,,平成26年7月1日現在で実施した経済センサス-基礎調査結果（町丁目別）の大阪市分です。,CSV,,,,,第1表　経営組織（2区分）、産業（中分類）別全事業所数及び男女別従業者数－都島区(平成26年),2017-02-12T20:03:56,https://www.city.osaka.lg.jp/contents/wdu290/opendata/dataset/data-00000395/2014_01-02miyakojima.csv,,24,,,
,data-00000395,,,227839,active,2019-01-16T22:31:44,,平成26年7月1日現在で実施した経済センサス-基礎調査結果（町丁目別）の大阪市分です。,CSV,,,,,第1表　経営組織（2区分）、産業（中分類）別全事業所数及び男女別従業者数－北区(平成26年),2017-02-12T20:03:44,https://www.city.osaka.lg.jp/contents/wdu290/opendata/dataset/data-00000395/2014_01-01kita.csv,,25,,,
,data-00000396,,,915,active,2019-01-23T15:12:36,,行政区別・男女別人口及び世帯数,CSV,,,,,行政区別・男女別人口及び世帯数(平成15年3月末日現在),2017-12-10T15:45:01,https://www.city.osaka.lg.jp/contents/wdu290/opendata/dataset/data-00000396/e153a.csv,,0,,,
,data-00000396,,,9672,active,2019-01-23T15:12:36,,行政区別・男女別・5歳階級別人口及び世帯数,CSV,,,,,行政区別・男女別・5歳階級別人口及び世帯数(平成15年3月末日現在),2017-12-10T15:45:11,https://www.city.osaka.lg.jp/contents/wdu290/opendata/dataset/data-00000396/e153b.csv,,1,,,
,data-00000396,,,817,active,2019-01-23T15:12:36,,行政区別・男女別・外国人登録人口及び世帯数,CSV,,,,,行政区別・男女別・外国人登録人口及び世帯数(平成15年3月末日現在),2017-12-10T15:45:21,https://www.city.osaka.lg.jp/contents/wdu290/opendata/dataset/data-00000396/e153c.csv,,2,,,
,data-00000396,,,7219,active,2019-01-23T15:12:36,,行政区別・男女別・5歳階級別・外国人登録人口及び世帯数,CSV,,,,,行政区別・男女別・5歳階級別・外国人登録人口及び世帯数(平成15年3月末日現在),2017-12-10T15:45:31,https://www.city.osaka.lg.jp/contents/wdu290/opendata/dataset/data-00000396/e153d.csv,,3,,,
,data-00000397,,,819,active,2019-01-23T15:12:36,,行政区別・男女別・外国人登録人口及び世帯数,CSV,,,,,行政区別・男女別・外国人登録人口及び世帯数(平成16年3月末日現在),2017-12-10T15:50:23,https://www.city.osaka.lg.jp/contents/wdu290/opendata/dataset/data-00000397/e163c.csv,,0,,,
,data-00000397,,,7251,active,2019-01-23T15:12:36,,行政区別・男女別・5歳階級別・外国人登録人口及び世帯数,CSV,,,,,行政区別・男女別・5歳階級別・外国人登録人口及び世帯数(平成16年3月末日現在),2017-12-10T15:50:34,https://www.city.osaka.lg.jp/contents/wdu290/opendata/dataset/data-00000397/e163d.csv,,1,,,
,data-00000397,,,9683,active,2019-01-23T15:12:36,,行政区別・男女別・5歳階級別人口及び世帯数,CSV,,,,,行政区別・男女別・5歳階級別人口及び世帯数(平成16年3月末日現在),2017-12-10T15:50:15,https://www.city.osaka.lg.jp/contents/wdu290/opendata/dataset/data-00000397/e163b.csv,,2,,,
,data-00000397,,,915,active,2019-01-23T15:12:36,,行政区別・男女別人口及び世帯数,CSV,,,,,行政区別・男女別人口及び世帯数(平成16年3月末日現在),2017-12-10T15:50:06,https://www.city.osaka.lg.jp/contents/wdu290/opendata/dataset/data-00000397/e163a.csv,,3,,,
,data-00000398,,,9686,active,2019-01-23T15:12:36,,行政区別・男女別・5歳階級別人口及び世帯数,CSV,,,,,行政区別・男女別・5歳階級別人口及び世帯数(平成17年3月末日現在),2017-12-10T15:55:53,https://www.city.osaka.lg.jp/contents/wdu290/opendata/dataset/data-00000398/e173b.csv,,0,,,
,data-00000398,,,818,active,2019-01-23T15:12:36,,行政区別・男女別・外国人登録人口及び世帯数,CSV,,,,,行政区別・男女別・外国人登録人口及び世帯数(平成17年3月末日現在),2017-12-10T15:56:02,https://www.city.osaka.lg.jp/contents/wdu290/opendata/dataset/data-00000398/e173c.csv,,1,,,
,data-00000398,,,7245,active,2019-01-23T15:12:36,,行政区別・男女別・5歳階級別・外国人登録人口及び世帯数,CSV,,,,,行政区別・男女別・5歳階級別・外国人登録人口及び世帯数(平成17年3月末日現在),2017-12-10T15:56:10,https://www.city.osaka.lg.jp/contents/wdu290/opendata/dataset/data-00000398/e173d.csv,,2,,,
,data-00000398,,,915,active,2019-01-23T15:12:36,,行政区別・男女別人口及び世帯数,CSV,,,,,行政区別・男女別人口及び世帯数(平成17年3月末日現在),2017-12-10T15:55:45,https://www.city.osaka.lg.jp/contents/wdu290/opendata/dataset/data-00000398/e173a.csv,,3,,,
,data-00000399,,,915,active,2019-01-23T15:12:36,,行政区別・男女別人口及び世帯数,CSV,,,,,行政区別・男女別人口及び世帯数(平成18年3月末日現在),2017-12-10T16:11:18,https://www.city.osaka.lg.jp/contents/wdu290/opendata/dataset/data-00000399/e183a.csv,,0,,,
,data-00000399,,,9699,active,2019-01-23T15:12:36,,行政区別・男女別・5歳階級別人口及び世帯数,CSV,,,,,行政区別・男女別・5歳階級別人口及び世帯数(平成18年3月末日現在),2017-12-10T16:11:27,https://www.city.osaka.lg.jp/contents/wdu290/opendata/dataset/data-00000399/e183b.csv,,1,,,
,data-00000399,,,818,active,2019-01-23T15:12:36,,行政区別・男女別・外国人登録人口及び世帯数,CSV,,,,,行政区別・男女別・外国人登録人口及び世帯数(平成18年3月末日現在),2017-12-10T16:11:36,https://www.city.osaka.lg.jp/contents/wdu290/opendata/dataset/data-00000399/e183c.csv,,2,,,
,data-00000399,,,7256,active,2019-01-23T15:12:36,,行政区別・男女別・5歳階級別・外国人登録人口及び世帯数,CSV,,,,,行政区別・男女別・5歳階級別・外国人登録人口及び世帯数(平成18年3月末日現在),2017-12-10T16:11:45,https://www.city.osaka.lg.jp/contents/wdu290/opendata/dataset/data-00000399/e183d.csv,,3,,,
,data-00000400,,,7273,active,2019-01-23T15:12:36,,行政区別・男女別・5歳階級別・外国人登録人口及び世帯数,CSV,,,,,行政区別・男女別・5歳階級別・外国人登録人口及び世帯数(平成19年3月末日現在),2017-12-10T16:17:02,https://www.city.osaka.lg.jp/contents/wdu290/opendata/dataset/data-00000400/e193d.csv,,0,,,
,data-00000400,,,817,active,2019-01-23T15:12:36,,行政区別・男女別・外国人登録人口及び世帯数,CSV,,,,,行政区別・男女別・外国人登録人口及び世帯数(平成19年3月末日現在),2017-12-10T16:16:53,https://www.city.osaka.lg.jp/contents/wdu290/opendata/dataset/data-00000400/e193c.csv,,1,,,
,data-00000400,,,9720,active,2019-01-23T15:12:36,,行政区別・男女別・5歳階級別人口及び世帯数,CSV,,,,,行政区別・男女別・5歳階級別人口及び世帯数(平成19年3月末日現在),2017-12-10T16:16:45,https://www.city.osaka.lg.jp/contents/wdu290/opendata/dataset/data-00000400/e193b.csv,,2,,,
,data-00000400,,,915,active,2019-01-23T15:12:36,,行政区別・男女別人口及び世帯数,CSV,,,,,行政区別・男女別人口及び世帯数(平成19年3月末日現在),2017-12-10T16:16:34,https://www.city.osaka.lg.jp/contents/wdu290/opendata/dataset/data-00000400/e193a.csv,,3,,,
,data-00000401,,,915,active,2019-01-23T15:12:36,,行政区別・男女別人口及び世帯数,CSV,,,,,行政区別・男女別人口及び世帯数(平成20年3月末日現在),2017-12-10T16:46:53,https://www.city.osaka.lg.jp/contents/wdu290/opendata/dataset/data-00000401/e203a.csv,,0,,,
,data-00000401,,,9732,active,2019-01-23T15:12:36,,行政区別・男女別・5歳階級別人口及び世帯数,CSV,,,,,行政区別・男女別・5歳階級別人口及び世帯数(平成20年3月末日現在),2017-12-10T16:47:02,https://www.city.osaka.lg.jp/contents/wdu290/opendata/dataset/data-00000401/e203b.csv,,1,,,
,data-00000401,,,819,active,2019-01-23T15:12:36,,行政区別・男女別・外国人登録人口及び世帯数,CSV,,,,,行政区別・男女別・外国人登録人口及び世帯数(平成20年3月末日現在),2017-12-10T16:47:12,https://www.city.osaka.lg.jp/contents/wdu290/opendata/dataset/data-00000401/e203c.csv,,2,,,
,data-00000401,,,7279,active,2019-01-23T15:12:36,,行政区別・男女別・5歳階級別・外国人登録人口及び世帯数,CSV,,,,,行政区別・男女別・5歳階級別・外国人登録人口及び世帯数(平成20年3月末日現在),2017-12-10T16:47:19,https://www.city.osaka.lg.jp/contents/wdu290/opendata/dataset/data-00000401/e203d.csv,,3,,,
,data-00000402,,,915,active,2019-01-23T15:12:36,,行政区別・男女別人口及び世帯数,CSV,,,,,行政区別・男女別人口及び世帯数(平成21年3月末日現在),2017-12-10T16:53:22,https://www.city.osaka.lg.jp/contents/wdu290/opendata/dataset/data-00000402/e213a.csv,,0,,,
,data-00000402,,,9734,active,2019-01-23T15:12:36,,行政区別・男女別・5歳階級別人口及び世帯数,CSV,,,,,行政区別・男女別・5歳階級別人口及び世帯数(平成21年3月末日現在),2017-12-10T16:53:30,https://www.city.osaka.lg.jp/contents/wdu290/opendata/dataset/data-00000402/e213b.csv,,1,,,
,data-00000402,,,821,active,2019-01-23T15:12:36,,行政区別・男女別・外国人登録人口及び世帯数,CSV,,,,,行政区別・男女別・外国人登録人口及び世帯数(平成21年3月末日現在),2017-12-10T16:53:38,https://www.city.osaka.lg.jp/contents/wdu290/opendata/dataset/data-00000402/e213c.csv,,2,,,
,data-00000402,,,7295,active,2019-01-23T15:12:36,,行政区別・男女別・5歳階級別・外国人登録人口及び世帯数,CSV,,,,,行政区別・男女別・5歳階級別・外国人登録人口及び世帯数(平成21年3月末日現在),2017-12-10T16:53:46,https://www.city.osaka.lg.jp/contents/wdu290/opendata/dataset/data-00000402/e213d.csv,,3,,,
,data-00000403,,,915,active,2019-01-23T15:12:36,,行政区別・男女別人口及び世帯数,CSV,,,,,行政区別・男女別人口及び世帯数(平成22年3月末日現在),2017-12-10T17:03:29,https://www.city.osaka.lg.jp/contents/wdu290/opendata/dataset/data-00000403/e223a.csv,,0,,,
,data-00000403,,,9748,active,2019-01-23T15:12:36,,行政区別・男女別・5歳階級別人口及び世帯数,CSV,,,,,行政区別・男女別・5歳階級別人口及び世帯数(平成22年3月末日現在),2017-12-10T17:03:37,https://www.city.osaka.lg.jp/contents/wdu290/opendata/dataset/data-00000403/e223b.csv,,1,,,
,data-00000403,,,820,active,2019-01-23T15:12:36,,行政区別・男女別・外国人登録人口及び世帯数,CSV,,,,,行政区別・男女別・外国人登録人口及び世帯数(平成22年3月末日現在),2017-12-10T17:03:46,https://www.city.osaka.lg.jp/contents/wdu290/opendata/dataset/data-00000403/e223c.csv,,2,,,
,data-00000403,,,7294,active,2019-01-23T15:12:36,,行政区別・男女別・5歳階級別・外国人登録人口及び世帯数,CSV,,,,,行政区別・男女別・5歳階級別・外国人登録人口及び世帯数(平成22年3月末日現在),2017-12-10T17:03:53,https://www.city.osaka.lg.jp/contents/wdu290/opendata/dataset/data-00000403/e223d.csv,,3,,,
,data-00000404,,,7315,active,2019-01-23T15:12:32,,行政区別・男女別・5歳階級別・外国人登録人口及び世帯数,CSV,,,,,行政区別・男女別・5歳階級別・外国人登録人口及び世帯数(平成23年3月末日現在),2017-12-10T17:30:43,https://www.city.osaka.lg.jp/contents/wdu290/opendata/dataset/data-00000404/2303_05_gyousei-danjo-5sai_gaikokujin-setai.csv,,0,,,
,data-00000404,,,820,active,2019-01-23T15:12:32,,行政区別・男女別・外国人登録人口及び世帯数,CSV,,,,,行政区別・男女別・外国人登録人口及び世帯数(平成23年3月末日現在),2017-12-10T17:30:33,https://www.city.osaka.lg.jp/contents/wdu290/opendata/dataset/data-00000404/2303_04_gyousei-danjo_gaikokujin-setai.csv,,1,,,
,data-00000404,,,9745,active,2019-01-23T15:12:32,,行政区別・男女別・5歳階級別人口及び世帯数,CSV,,,,,行政区別・男女別・5歳階級別人口及び世帯数(平成23年3月末日現在),2017-12-10T17:30:24,https://www.city.osaka.lg.jp/contents/wdu290/opendata/dataset/data-00000404/2303_03_gyousei-danjo-5sai_setai.csv,,2,,,
,data-00000404,,,68318,active,2019-01-23T15:12:32,,各区町丁目別・男女別・各歳別人口及び世帯数（西成区）,CSV,,,,,各区町丁目別・男女別・各歳別人口及び世帯数（西成区）(平成23年3月末日現在),2017-12-10T17:30:14,https://www.city.osaka.lg.jp/contents/wdu290/opendata/dataset/data-00000404/2303_02-24_jyu-ki_nishinari.csv,,3,,,
,data-00000404,,,116493,active,2019-01-23T15:12:32,,各区町丁目別・男女別・各歳別人口及び世帯数（平野区）,CSV,,,,,各区町丁目別・男女別・各歳別人口及び世帯数（平野区）(平成23年3月末日現在),2017-12-10T17:30:07,https://www.city.osaka.lg.jp/contents/wdu290/opendata/dataset/data-00000404/2303_02-23_jyu-ki_hirano.csv,,4,,,
,data-00000404,,,84510,active,2019-01-23T15:12:32,,各区町丁目別・男女別・各歳別人口及び世帯数（東住吉区）,CSV,,,,,各区町丁目別・男女別・各歳別人口及び世帯数（東住吉区）(平成23年3月末日現在),2017-12-10T17:30:00,https://www.city.osaka.lg.jp/contents/wdu290/opendata/dataset/data-00000404/2303_02-22_jyu-ki_higashisumiyoshi.csv,,5,,,
,data-00000404,,,88327,active,2019-01-23T15:12:32,,各区町丁目別・男女別・各歳別人口及び世帯数（住吉区）,CSV,,,,,各区町丁目別・男女別・各歳別人口及び世帯数（住吉区）(平成23年3月末日現在),2017-12-10T17:29:53,https://www.city.osaka.lg.jp/contents/wdu290/opendata/dataset/data-00000404/2303_02-21_jyu-ki_sumiyoshi.csv,,6,,,
,data-00000404,,,77153,active,2019-01-23T15:12:32,,各区町丁目別・男女別・各歳別人口及び世帯数（住之江区）,CSV,,,,,各区町丁目別・男女別・各歳別人口及び世帯数（住之江区）(平成23年3月末日現在),2017-12-10T17:29:47,https://www.city.osaka.lg.jp/contents/wdu290/opendata/dataset/data-00000404/2303_02-20_jyu-ki_suminoe.csv,,7,,,
,data-00000404,,,58949,active,2019-01-23T15:12:32,,各区町丁目別・男女別・各歳別人口及び世帯数（阿倍野区）,CSV,,,,,各区町丁目別・男女別・各歳別人口及び世帯数（阿倍野区）(平成23年3月末日現在),2017-12-10T17:29:41,https://www.city.osaka.lg.jp/contents/wdu290/opendata/dataset/data-00000404/2303_02-19_jyu-ki_abeno.csv,,8,,,
,data-00000404,,,51536,active,2019-01-23T15:12:32,,各区町丁目別・男女別・各歳別人口及び世帯数（鶴見区）,CSV,,,,,各区町丁目別・男女別・各歳別人口及び世帯数（鶴見区）(平成23年3月末日現在),2017-12-10T17:29:34,https://www.city.osaka.lg.jp/contents/wdu290/opendata/dataset/data-00000404/2303_02-18_jyu-ki_turumi.csv,,9,,,
,data-00000404,,,69007,active,2019-01-23T15:12:32,,各区町丁目別・男女別・各歳別人口及び世帯数（城東区）,CSV,,,,,各区町丁目別・男女別・各歳別人口及び世帯数（城東区）(平成23年3月末日現在),2017-12-10T17:29:28,https://www.city.osaka.lg.jp/contents/wdu290/opendata/dataset/data-00000404/2303_02-17_jyu-ki_jyoutou.csv,,10,,,
,data-00000404,,,42280,active,2019-01-23T15:12:32,,各区町丁目別・男女別・各歳別人口及び世帯数（旭区）,CSV,,,,,各区町丁目別・男女別・各歳別人口及び世帯数（旭区）(平成23年3月末日現在),2017-12-10T17:29:20,https://www.city.osaka.lg.jp/contents/wdu290/opendata/dataset/data-00000404/2303_02-16_jyu-ki_asahi.csv,,11,,,
,data-00000404,,,73813,active,2019-01-23T15:12:32,,各区町丁目別・男女別・各歳別人口及び世帯数（生野区）,CSV,,,,,各区町丁目別・男女別・各歳別人口及び世帯数（生野区）(平成23年3月末日現在),2017-12-10T17:29:14,https://www.city.osaka.lg.jp/contents/wdu290/opendata/dataset/data-00000404/2303_02-15_jyu-ki_ikuno.csv,,12,,,
,data-00000404,,,40225,active,2019-01-23T15:12:32,,各区町丁目別・男女別・各歳別人口及び世帯数（東成区）,CSV,,,,,各区町丁目別・男女別・各歳別人口及び世帯数（東成区）(平成23年3月末日現在),2017-12-10T17:29:06,https://www.city.osaka.lg.jp/contents/wdu290/opendata/dataset/data-00000404/2303_02-14_jyu-ki_higashinari.csv,,13,,,
,data-00000404,,,77011,active,2019-01-23T15:12:32,,各区町丁目別・男女別・各歳別人口及び世帯数（東淀川区）,CSV,,,,,各区町丁目別・男女別・各歳別人口及び世帯数（東淀川区）(平成23年3月末日現在),2017-12-10T17:28:59,https://www.city.osaka.lg.jp/contents/wdu290/opendata/dataset/data-00000404/2303_02-13_jyu-ki_higashiyodogawa.csv,,14,,,
,data-00000404,,,77069,active,2019-01-23T15:12:32,,各区町丁目別・男女別・各歳別人口及び世帯数（淀川区）,CSV,,,,,各区町丁目別・男女別・各歳別人口及び世帯数（淀川区）(平成23年3月末日現在),2017-12-10T17:28:52,https://www.city.osaka.lg.jp/contents/wdu290/opendata/dataset/data-00000404/2303_02-12_jyu-ki_yodogawa.csv,,15,,,
,data-00000404,,,52426,active,2019-01-23T15:12:32,,各区町丁目別・男女別・各歳別人口及び世帯数（西淀川区）,CSV,,,,,各区町丁目別・男女別・各歳別人口及び世帯数（西淀川区）(平成23年3月末日現在),2017-12-10T17:28:44,https://www.city.osaka.lg.jp/contents/wdu290/opendata/dataset/data-00000404/2303_02-11_jyu-ki_nishiyodogawa.csv,,16,,,
,data-00000404,,,47548,active,2019-01-23T15:12:32,,各区町丁目別・男女別・各歳別人口及び世帯数（浪速区）,CSV,,,,,各区町丁目別・男女別・各歳別人口及び世帯数（浪速区）(平成23年3月末日現在),2017-12-10T17:28:38,https://www.city.osaka.lg.jp/contents/wdu290/opendata/dataset/data-00000404/2303_02-10_jyu-ki_naniwa.csv,,17,,,
,data-00000404,,,54097,active,2019-01-23T15:12:32,,各区町丁目別・男女別・各歳別人口及び世帯数（天王寺区）,CSV,,,,,各区町丁目別・男女別・各歳別人口及び世帯数（天王寺区）(平成23年3月末日現在),2017-12-10T17:28:33,https://www.city.osaka.lg.jp/contents/wdu290/opendata/dataset/data-00000404/2303_02-09_jyu-ki_tennouji.csv,,18,,,
,data-00000404,,,41035,active,2019-01-23T15:12:32,,各区町丁目別・男女別・各歳別人口及び世帯数（大正区）,CSV,,,,,各区町丁目別・男女別・各歳別人口及び世帯数（大正区）(平成23年3月末日現在),2017-12-10T17:28:28,https://www.city.osaka.lg.jp/contents/wdu290/opendata/dataset/data-00000404/2303_02-08_jyu-ki_taisyou.csv,,19,,,
,data-00000404,,,48228,active,2019-01-23T15:12:32,,各区町丁目別・男女別・各歳別人口及び世帯数（港区）,CSV,,,,,各区町丁目別・男女別・各歳別人口及び世帯数（港区）(平成23年3月末日現在),2017-12-10T17:28:22,https://www.city.osaka.lg.jp/contents/wdu290/opendata/dataset/data-00000404/2303_02-07_jyu-ki_minato.csv,,20,,,
,data-00000404,,,48489,active,2019-01-23T15:12:32,,各区町丁目別・男女別・各歳別人口及び世帯数（西区）,CSV,,,,,各区町丁目別・男女別・各歳別人口及び世帯数（西区）(平成23年3月末日現在),2017-12-10T17:28:16,https://www.city.osaka.lg.jp/contents/wdu290/opendata/dataset/data-00000404/2303_02-06_jyu-ki_nishi.csv,,21,,,
,data-00000404,,,120791,active,2019-01-23T15:12:32,,各区町丁目別・男女別・各歳別人口及び世帯数（中央区）,CSV,,,,,各区町丁目別・男女別・各歳別人口及び世帯数（中央区）(平成23年3月末日現在),2017-12-10T17:28:11,https://www.city.osaka.lg.jp/contents/wdu290/opendata/dataset/data-00000404/2303_02-05_jyu-ki_chuou.csv,,22,,,
,data-00000404,,,44082,active,2019-01-23T15:12:32,,各区町丁目別・男女別・各歳別人口及び世帯数（此花区）,CSV,,,,,各区町丁目別・男女別・各歳別人口及び世帯数（此花区）(平成23年3月末日現在),2017-12-10T17:28:05,https://www.city.osaka.lg.jp/contents/wdu290/opendata/dataset/data-00000404/2303_02-04_jyu-ki_konohana.csv,,23,,,
,data-00000404,,,36102,active,2019-01-23T15:12:32,,各区町丁目別・男女別・各歳別人口及び世帯数（福島区）,CSV,,,,,各区町丁目別・男女別・各歳別人口及び世帯数（福島区）(平成23年3月末日現在),2017-12-10T17:27:57,https://www.city.osaka.lg.jp/contents/wdu290/opendata/dataset/data-00000404/2303_02-03_jyu-ki_fukushima.csv,,24,,,
,data-00000404,,,42673,active,2019-01-23T15:12:32,,各区町丁目別・男女別・各歳別人口及び世帯数（都島区）,CSV,,,,,各区町丁目別・男女別・各歳別人口及び世帯数（都島区）(平成23年3月末日現在),2017-12-10T17:27:52,https://www.city.osaka.lg.jp/contents/wdu290/opendata/dataset/data-00000404/2303_02-02_jyu-ki_miyakojima.csv,,25,,,
,data-00000404,,,89257,active,2019-01-23T15:12:32,,各区町丁目別・男女別・各歳別人口及び世帯数（北区）,CSV,,,,,各区町丁目別・男女別・各歳別人口及び世帯数（北区）(平成23年3月末日現在),2017-12-10T17:27:45,https://www.city.osaka.lg.jp/contents/wdu290/opendata/dataset/data-00000404/2303_02-01_jyu-ki_kita.csv,,26,,,
,data-00000404,,,916,active,2019-01-23T15:12:32,,行政区別・男女別人口及び世帯数,CSV,,,,,行政区別・男女別人口及び世帯数(平成23年3月末日現在),2019-01-23T15:12:32,https://www.city.osaka.lg.jp/contents/wdu290/opendata/dataset/data-00000404/2303_01_gyousei-danjo-setai.csv,,27,,,
,data-00000405,,,7381,active,2019-01-23T15:12:33,,行政区別・男女別・5歳階級別・外国人登録人口及び世帯数,CSV,,,,,行政区別・男女別・5歳階級別・外国人登録人口及び世帯数(平成24年3月末日現在),2019-01-23T15:12:33,https://www.city.osaka.lg.jp/contents/wdu290/opendata/dataset/data-00000405/2403_05_gaitou_5sai.csv,,0,,,
,data-00000405,,,820,active,2019-01-23T15:12:33,,行政区別・男女別・外国人登録人口及び世帯数,CSV,,,,,行政区別・男女別・外国人登録人口及び世帯数(平成24年3月末日現在),2019-01-23T15:12:33,https://www.city.osaka.lg.jp/contents/wdu290/opendata/dataset/data-00000405/2403_04_gaitou_osaka.csv,,1,,,
,data-00000405,,,9491,active,2019-01-23T15:12:33,,行政区別・男女別・5歳階級別人口及び世帯数,CSV,,,,,行政区別・男女別・5歳階級別人口及び世帯数(平成23年9月末日現在),2019-01-23T15:12:33,https://www.city.osaka.lg.jp/contents/wdu290/opendata/dataset/data-00000405/2309_03_gyousei-danjo-5sai_setai.csv,,2,,,
,data-00000405,,,9502,active,2019-01-23T15:12:33,,行政区別・男女別・5歳階級別人口及び世帯数,CSV,,,,,行政区別・男女別・5歳階級別人口及び世帯数(平成24年3月末日現在),2019-01-23T15:12:33,https://www.city.osaka.lg.jp/contents/wdu290/opendata/dataset/data-00000405/2403_03_kubetu_5sai.csv,,3,,,
,data-00000405,,,9493,active,2019-01-23T15:12:33,,行政区別・男女別・5歳階級別人口及び世帯数,CSV,,,,,行政区別・男女別・5歳階級別人口及び世帯数(平成23年12月末日現在),2019-01-23T15:12:33,https://www.city.osaka.lg.jp/contents/wdu290/opendata/dataset/data-00000405/2312_03_gyousei-danjo-5sai_setai.csv,,4,,,
,data-00000405,,,9488,active,2019-01-23T15:12:32,,行政区別・男女別・5歳階級別人口及び世帯数,CSV,,,,,行政区別・男女別・5歳階級別人口及び世帯数(平成23年6月末日現在),2019-01-23T15:12:33,https://www.city.osaka.lg.jp/contents/wdu290/opendata/dataset/data-00000405/2306_03_gyousei-danjo-5sai_setai.csv,,5,,,
,data-00000405,,,68163,active,2019-01-23T15:12:33,,各区町丁目別・男女別・各歳別人口及び世帯数（西成区）,CSV,,,,,各区町丁目別・男女別・各歳別人口及び世帯数（西成区）(平成24年3月末日現在),2019-01-23T15:12:33,https://www.city.osaka.lg.jp/contents/wdu290/opendata/dataset/data-00000405/2403_02-24_jyu-ki_nishinari.csv,,6,,,
,data-00000405,,,68199,active,2019-01-23T15:12:33,,各区町丁目別・男女別・各歳別人口及び世帯数（西成区）,CSV,,,,,各区町丁目別・男女別・各歳別人口及び世帯数（西成区）(平成23年9月末日現在),2019-01-23T15:12:33,https://www.city.osaka.lg.jp/contents/wdu290/opendata/dataset/data-00000405/2309_02-24_jyu-ki_nishinari.csv,,7,,,
,data-00000405,,,116469,active,2019-01-23T15:12:33,,各区町丁目別・男女別・各歳別人口及び世帯数（平野区）,CSV,,,,,各区町丁目別・男女別・各歳別人口及び世帯数（平野区）(平成24年3月末日現在),2019-01-23T15:12:33,https://www.city.osaka.lg.jp/contents/wdu290/opendata/dataset/data-00000405/2403_02-23_jyu-ki_hirano.csv,,8,,,
,data-00000405,,,116411,active,2019-01-23T15:12:33,,各区町丁目別・男女別・各歳別人口及び世帯数（平野区）,CSV,,,,,各区町丁目別・男女別・各歳別人口及び世帯数（平野区）(平成23年9月末日現在),2019-01-23T15:12:33,https://www.city.osaka.lg.jp/contents/wdu290/opendata/dataset/data-00000405/2309_02-23_jyu-ki_hirano.csv,,9,,,
,data-00000405,,,84444,active,2019-01-23T15:12:33,,各区町丁目別・男女別・各歳別人口及び世帯数（東住吉区）,CSV,,,,,各区町丁目別・男女別・各歳別人口及び世帯数（東住吉区）(平成24年3月末日現在),2019-01-23T15:12:33,https://www.city.osaka.lg.jp/contents/wdu290/opendata/dataset/data-00000405/2403_02-22_jyu-ki_higashisumiyoshi.csv,,10,,,
,data-00000405,,,84475,active,2019-01-23T15:12:33,,各区町丁目別・男女別・各歳別人口及び世帯数（東住吉区）,CSV,,,,,各区町丁目別・男女別・各歳別人口及び世帯数（東住吉区）(平成23年9月末日現在),2019-01-23T15:12:33,https://www.city.osaka.lg.jp/contents/wdu290/opendata/dataset/data-00000405/2309_02-22_jyu-ki_higashisumiyoshi.csv,,11,,,
,data-00000405,,,88314,active,2019-01-23T15:12:33,,各区町丁目別・男女別・各歳別人口及び世帯数（住吉区）,CSV,,,,,各区町丁目別・男女別・各歳別人口及び世帯数（住吉区）(平成24年3月末日現在),2019-01-23T15:12:33,https://www.city.osaka.lg.jp/contents/wdu290/opendata/dataset/data-00000405/2403_02-21_jyu-ki_sumiyoshi.csv,,12,,,
,data-00000405,,,88380,active,2019-01-23T15:12:33,,各区町丁目別・男女別・各歳別人口及び世帯数（住吉区）,CSV,,,,,各区町丁目別・男女別・各歳別人口及び世帯数（住吉区）(平成23年9月末日現在),2019-01-23T15:12:33,https://www.city.osaka.lg.jp/contents/wdu290/opendata/dataset/data-00000405/2309_02-21_jyu-ki_sumiyoshi.csv,,13,,,
,data-00000405,,,76949,active,2019-01-23T15:12:33,,各区町丁目別・男女別・各歳別人口及び世帯数（住之江区）,CSV,,,,,各区町丁目別・男女別・各歳別人口及び世帯数（住之江区）(平成23年9月末日現在),2019-01-23T15:12:33,https://www.city.osaka.lg.jp/contents/wdu290/opendata/dataset/data-00000405/2309_02-20_jyu-ki_suminoe.csv,,14,,,
,data-00000405,,,76573,active,2019-01-23T15:12:33,,各区町丁目別・男女別・各歳別人口及び世帯数（住之江区）,CSV,,,,,各区町丁目別・男女別・各歳別人口及び世帯数（住之江区）(平成24年3月末日現在),2019-01-23T15:12:33,https://www.city.osaka.lg.jp/contents/wdu290/opendata/dataset/data-00000405/2403_02-20_jyu-ki_suminoe.csv,,15,,,
,data-00000405,,,59039,active,2019-01-23T15:12:33,,各区町丁目別・男女別・各歳別人口及び世帯数（阿倍野区）,CSV,,,,,各区町丁目別・男女別・各歳別人口及び世帯数（阿倍野区）(平成24年3月末日現在),2019-01-23T15:12:33,https://www.city.osaka.lg.jp/contents/wdu290/opendata/dataset/data-00000405/2403_02-19_jyu-ki_abeno.csv,,16,,,
,data-00000405,,,58992,active,2019-01-23T15:12:33,,各区町丁目別・男女別・各歳別人口及び世帯数（阿倍野区）,CSV,,,,,各区町丁目別・男女別・各歳別人口及び世帯数（阿倍野区）(平成23年9月末日現在),2019-01-23T15:12:33,https://www.city.osaka.lg.jp/contents/wdu290/opendata/dataset/data-00000405/2309_02-19_jyu-ki_abeno.csv,,17,,,
,data-00000405,,,51482,active,2019-01-23T15:12:33,,各区町丁目別・男女別・各歳別人口及び世帯数（鶴見区）,CSV,,,,,各区町丁目別・男女別・各歳別人口及び世帯数（鶴見区）(平成23年9月末日現在),2019-01-23T15:12:33,https://www.city.osaka.lg.jp/contents/wdu290/opendata/dataset/data-00000405/2309_02-18_jyu-ki_turumi.csv,,18,,,
,data-00000405,,,51620,active,2019-01-23T15:12:33,,各区町丁目別・男女別・各歳別人口及び世帯数（鶴見区）,CSV,,,,,各区町丁目別・男女別・各歳別人口及び世帯数（鶴見区）(平成24年3月末日現在),2019-01-23T15:12:33,https://www.city.osaka.lg.jp/contents/wdu290/opendata/dataset/data-00000405/2403_02-18_jyu-ki_turumi.csv,,19,,,
,data-00000405,,,68956,active,2019-01-23T15:12:33,,各区町丁目別・男女別・各歳別人口及び世帯数（城東区）,CSV,,,,,各区町丁目別・男女別・各歳別人口及び世帯数（城東区）(平成23年9月末日現在),2019-01-23T15:12:33,https://www.city.osaka.lg.jp/contents/wdu290/opendata/dataset/data-00000405/2309_02-17_jyu-ki_jyoutou.csv,,20,,,
,data-00000405,,,69034,active,2019-01-23T15:12:33,,各区町丁目別・男女別・各歳別人口及び世帯数（城東区）,CSV,,,,,各区町丁目別・男女別・各歳別人口及び世帯数（城東区）(平成24年3月末日現在),2019-01-23T15:12:33,https://www.city.osaka.lg.jp/contents/wdu290/opendata/dataset/data-00000405/2403_02-17_jyu-ki_jyoutou.csv,,21,,,
,data-00000405,,,42298,active,2019-01-23T15:12:33,,各区町丁目別・男女別・各歳別人口及び世帯数（旭区）,CSV,,,,,各区町丁目別・男女別・各歳別人口及び世帯数（旭区）(平成23年9月末日現在),2019-01-23T15:12:33,https://www.city.osaka.lg.jp/contents/wdu290/opendata/dataset/data-00000405/2309_02-16_jyu-ki_asahi.csv,,22,,,
,data-00000405,,,42236,active,2019-01-23T15:12:33,,各区町丁目別・男女別・各歳別人口及び世帯数（旭区）,CSV,,,,,各区町丁目別・男女別・各歳別人口及び世帯数（旭区）(平成24年3月末日現在),2019-01-23T15:12:33,https://www.city.osaka.lg.jp/contents/wdu290/opendata/dataset/data-00000405/2403_02-16_jyu-ki_asahi.csv,,23,,,
,data-00000405,,,73814,active,2019-01-23T15:12:33,,各区町丁目別・男女別・各歳別人口及び世帯数（生野区）,CSV,,,,,各区町丁目別・男女別・各歳別人口及び世帯数（生野区）(平成23年9月末日現在),2019-01-23T15:12:33,https://www.city.osaka.lg.jp/contents/wdu290/opendata/dataset/data-00000405/2309_02-15_jyu-ki_ikuno.csv,,24,,,
,data-00000405,,,73732,active,2019-01-23T15:12:33,,各区町丁目別・男女別・各歳別人口及び世帯数（生野区）,CSV,,,,,各区町丁目別・男女別・各歳別人口及び世帯数（生野区）(平成24年3月末日現在),2019-01-23T15:12:33,https://www.city.osaka.lg.jp/contents/wdu290/opendata/dataset/data-00000405/2403_02-15_jyu-ki_ikuno.csv,,25,,,
,data-00000405,,,40413,active,2019-01-23T15:12:33,,各区町丁目別・男女別・各歳別人口及び世帯数（東成区）,CSV,,,,,各区町丁目別・男女別・各歳別人口及び世帯数（東成区）(平成24年3月末日現在),2019-01-23T15:12:33,https://www.city.osaka.lg.jp/contents/wdu290/opendata/dataset/data-00000405/2403_02-14_jyu-ki_higashinari.csv,,26,,,
,data-00000405,,,40248,active,2019-01-23T15:12:32,,各区町丁目別・男女別・各歳別人口及び世帯数（東成区）,CSV,,,,,各区町丁目別・男女別・各歳別人口及び世帯数（東成区）(平成23年9月末日現在),2019-01-23T15:12:33,https://www.city.osaka.lg.jp/contents/wdu290/opendata/dataset/data-00000405/2309_02-14_jyu-ki_higashinari.csv,,27,,,
,data-00000405,,,77388,active,2019-01-23T15:12:33,,各区町丁目別・男女別・各歳別人口及び世帯数（東淀川区）,CSV,,,,,各区町丁目別・男女別・各歳別人口及び世帯数（東淀川区）(平成24年3月末日現在),2019-01-23T15:12:33,https://www.city.osaka.lg.jp/contents/wdu290/opendata/dataset/data-00000405/2403_02-13_jyu-ki_higashiyodogawa.csv,,28,,,
,data-00000405,,,77023,active,2019-01-23T15:12:32,,各区町丁目別・男女別・各歳別人口及び世帯数（東淀川区）,CSV,,,,,各区町丁目別・男女別・各歳別人口及び世帯数（東淀川区）(平成23年9月末日現在),2019-01-23T15:12:33,https://www.city.osaka.lg.jp/contents/wdu290/opendata/dataset/data-00000405/2309_02-13_jyu-ki_higashiyodogawa.csv,,29,,,
,data-00000405,,,77452,active,2019-01-23T15:12:33,,各区町丁目別・男女別・各歳別人口及び世帯数（淀川区）,CSV,,,,,各区町丁目別・男女別・各歳別人口及び世帯数（淀川区）(平成24年3月末日現在),2019-01-23T15:12:33,https://www.city.osaka.lg.jp/contents/wdu290/opendata/dataset/data-00000405/2403_02-12_jyu-ki_yodogawa.csv,,30,,,
,data-00000405,,,77085,active,2019-01-23T15:12:32,,各区町丁目別・男女別・各歳別人口及び世帯数（淀川区）,CSV,,,,,各区町丁目別・男女別・各歳別人口及び世帯数（淀川区）(平成23年9月末日現在),2019-01-23T15:12:35,https://www.city.osaka.lg.jp/contents/wdu290/opendata/dataset/data-00000405/2309_02-12_jyu-ki_yodogawa.csv,,31,,,
,data-00000405,,,52355,active,2019-01-23T15:12:32,,各区町丁目別・男女別・各歳別人口及び世帯数（西淀川区）,CSV,,,,,各区町丁目別・男女別・各歳別人口及び世帯数（西淀川区）(平成23年9月末日現在),2019-01-23T15:12:33,https://www.city.osaka.lg.jp/contents/wdu290/opendata/dataset/data-00000405/2309_02-11_jyu-ki_nishiyodogawa.csv,,32,,,
,data-00000405,,,52337,active,2019-01-23T15:12:33,,各区町丁目別・男女別・各歳別人口及び世帯数（西淀川区）,CSV,,,,,各区町丁目別・男女別・各歳別人口及び世帯数（西淀川区）(平成24年3月末日現在),2019-01-23T15:12:33,https://www.city.osaka.lg.jp/contents/wdu290/opendata/dataset/data-00000405/2403_02-11_jyu-ki_nishiyodogawa.csv,,33,,,
,data-00000405,,,47523,active,2019-01-23T15:12:32,,各区町丁目別・男女別・各歳別人口及び世帯数（浪速区）,CSV,,,,,各区町丁目別・男女別・各歳別人口及び世帯数（浪速区）(平成23年9月末日現在),2019-01-23T15:12:33,https://www.city.osaka.lg.jp/contents/wdu290/opendata/dataset/data-00000405/2309_02-10_jyu-ki_naniwa.csv,,34,,,
,data-00000405,,,47581,active,2019-01-23T15:12:33,,各区町丁目別・男女別・各歳別人口及び世帯数（浪速区）,CSV,,,,,各区町丁目別・男女別・各歳別人口及び世帯数（浪速区）(平成24年3月末日現在),2019-01-23T15:12:33,https://www.city.osaka.lg.jp/contents/wdu290/opendata/dataset/data-00000405/2403_02-10_jyu-ki_naniwa.csv,,35,,,
,data-00000405,,,54204,active,2019-01-23T15:12:32,,各区町丁目別・男女別・各歳別人口及び世帯数（天王寺区）,CSV,,,,,各区町丁目別・男女別・各歳別人口及び世帯数（天王寺区）(平成23年9月末日現在),2019-01-23T15:12:33,https://www.city.osaka.lg.jp/contents/wdu290/opendata/dataset/data-00000405/2309_02-09_jyu-ki_tennouji.csv,,36,,,
,data-00000405,,,54278,active,2019-01-23T15:12:33,,各区町丁目別・男女別・各歳別人口及び世帯数（天王寺区）,CSV,,,,,各区町丁目別・男女別・各歳別人口及び世帯数（天王寺区）(平成24年3月末日現在),2019-01-23T15:12:33,https://www.city.osaka.lg.jp/contents/wdu290/opendata/dataset/data-00000405/2403_02-09_jyu-ki_tennouji.csv,,37,,,
,data-00000405,,,40930,active,2019-01-23T15:12:32,,各区町丁目別・男女別・各歳別人口及び世帯数（大正区）,CSV,,,,,各区町丁目別・男女別・各歳別人口及び世帯数（大正区）(平成23年9月末日現在),2019-01-23T15:12:33,https://www.city.osaka.lg.jp/contents/wdu290/opendata/dataset/data-00000405/2309_02-08_jyu-ki_taisyou.csv,,38,,,
,data-00000405,,,40939,active,2019-01-23T15:12:33,,各区町丁目別・男女別・各歳別人口及び世帯数（大正区）,CSV,,,,,各区町丁目別・男女別・各歳別人口及び世帯数（大正区）(平成24年3月末日現在),2019-01-23T15:12:33,https://www.city.osaka.lg.jp/contents/wdu290/opendata/dataset/data-00000405/2403_02-08_jyu-ki_taisyou.csv,,39,,,
,data-00000405,,,47755,active,2019-01-23T15:12:33,,各区町丁目別・男女別・各歳別人口及び世帯数（港区）,CSV,,,,,各区町丁目別・男女別・各歳別人口及び世帯数（港区）(平成24年3月末日現在),2019-01-23T15:12:33,https://www.city.osaka.lg.jp/contents/wdu290/opendata/dataset/data-00000405/2403_02-07_jyu-ki_minato.csv,,40,,,
,data-00000405,,,47762,active,2019-01-23T15:12:32,,各区町丁目別・男女別・各歳別人口及び世帯数（港区）,CSV,,,,,各区町丁目別・男女別・各歳別人口及び世帯数（港区）(平成23年9月末日現在),2019-01-23T15:12:33,https://www.city.osaka.lg.jp/contents/wdu290/opendata/dataset/data-00000405/2309_02-07_jyu-ki_minato.csv,,41,,,
,data-00000405,,,48556,active,2019-01-23T15:12:32,,各区町丁目別・男女別・各歳別人口及び世帯数（西区）,CSV,,,,,各区町丁目別・男女別・各歳別人口及び世帯数（西区）(平成23年9月末日現在),2019-01-23T15:12:33,https://www.city.osaka.lg.jp/contents/wdu290/opendata/dataset/data-00000405/2309_02-06_jyu-ki_nishi.csv,,42,,,
,data-00000405,,,75240,active,2019-01-23T15:12:33,,各区町丁目別・男女別・各歳別人口及び世帯数（西区）,CSV,,,,,各区町丁目別・男女別・各歳別人口及び世帯数（西区）(平成24年3月末日現在),2019-01-23T15:12:33,https://www.city.osaka.lg.jp/contents/wdu290/opendata/dataset/data-00000405/2403_02-06_jyu-ki_nishi.csv,,43,,,
,data-00000405,,,119179,active,2019-01-23T15:12:33,,各区町丁目別・男女別・各歳別人口及び世帯数（中央区）,CSV,,,,,各区町丁目別・男女別・各歳別人口及び世帯数（中央区）(平成24年3月末日現在),2019-01-23T15:12:33,https://www.city.osaka.lg.jp/contents/wdu290/opendata/dataset/data-00000405/2403_02-05_jyu-ki_chuou.csv,,44,,,
,data-00000405,,,118964,active,2019-01-23T15:12:32,,各区町丁目別・男女別・各歳別人口及び世帯数（中央区）,CSV,,,,,各区町丁目別・男女別・各歳別人口及び世帯数（中央区）(平成23年9月末日現在),2019-01-23T15:12:33,https://www.city.osaka.lg.jp/contents/wdu290/opendata/dataset/data-00000405/2309_02-05_jyu-ki_chuou.csv,,45,,,
,data-00000405,,,43444,active,2019-01-23T15:12:33,,各区町丁目別・男女別・各歳別人口及び世帯数（此花区）,CSV,,,,,各区町丁目別・男女別・各歳別人口及び世帯数（此花区）(平成24年3月末日現在),2019-01-23T15:12:33,https://www.city.osaka.lg.jp/contents/wdu290/opendata/dataset/data-00000405/2403_02-04_jyu-ki_konohana.csv,,46,,,
,data-00000405,,,44108,active,2019-01-23T15:12:32,,各区町丁目別・男女別・各歳別人口及び世帯数（此花区）,CSV,,,,,各区町丁目別・男女別・各歳別人口及び世帯数（此花区）(平成23年9月末日現在),2019-01-23T15:12:33,https://www.city.osaka.lg.jp/contents/wdu290/opendata/dataset/data-00000405/2309_02-04_jyu-ki_konohana.csv,,47,,,
,data-00000405,,,36167,active,2019-01-23T15:12:33,,各区町丁目別・男女別・各歳別人口及び世帯数（福島区）,CSV,,,,,各区町丁目別・男女別・各歳別人口及び世帯数（福島区）(平成24年3月末日現在),2019-01-23T15:12:33,https://www.city.osaka.lg.jp/contents/wdu290/opendata/dataset/data-00000405/2403_02-03_jyu-ki_fukushima.csv,,48,,,
,data-00000405,,,36105,active,2019-01-23T15:12:32,,各区町丁目別・男女別・各歳別人口及び世帯数（福島区）,CSV,,,,,各区町丁目別・男女別・各歳別人口及び世帯数（福島区）(平成23年9月末日現在),2019-01-23T15:12:33,https://www.city.osaka.lg.jp/contents/wdu290/opendata/dataset/data-00000405/2309_02-03_jyu-ki_fukushima.csv,,49,,,
,data-00000405,,,42673,active,2019-01-23T15:12:32,,各区町丁目別・男女別・各歳別人口及び世帯数（都島区）,CSV,,,,,各区町丁目別・男女別・各歳別人口及び世帯数（都島区）(平成23年9月末日現在),2019-01-23T15:12:35,https://www.city.osaka.lg.jp/contents/wdu290/opendata/dataset/data-00000405/2309_02-02_jyu-ki_miyakojima.csv,,50,,,
,data-00000405,,,42666,active,2019-01-23T15:12:33,,各区町丁目別・男女別・各歳別人口及び世帯数（都島区）,CSV,,,,,各区町丁目別・男女別・各歳別人口及び世帯数（都島区）(平成24年3月末日現在),2019-01-23T15:12:33,https://www.city.osaka.lg.jp/contents/wdu290/opendata/dataset/data-00000405/2403_02-02_jyu-ki_miyakojima.csv,,51,,,
,data-00000405,,,89189,active,2019-01-23T15:12:32,,各区町丁目別・男女別・各歳別人口及び世帯数（北区）,CSV,,,,,各区町丁目別・男女別・各歳別人口及び世帯数（北区）(平成23年9月末日現在),2019-01-23T15:12:32,https://www.city.osaka.lg.jp/contents/wdu290/opendata/dataset/data-00000405/2309_02-01_jyu-ki_kita.csv,,52,,,
,data-00000405,,,89014,active,2019-01-23T15:12:33,,各区町丁目別・男女別・各歳別人口及び世帯数（北区）,CSV,,,,,各区町丁目別・男女別・各歳別人口及び世帯数（北区）(平成24年3月末日現在),2019-01-23T15:12:32,https://www.city.osaka.lg.jp/contents/wdu290/opendata/dataset/data-00000405/2403_02-01_jyu-ki_kita.csv,,53,,,
,data-00000405,,,916,active,2019-01-23T15:12:33,,行政区別・男女別人口及び世帯数,CSV,,,,,行政区別・男女別人口及び世帯数(平成24年3月末日現在),2019-01-23T15:12:33,https://www.city.osaka.lg.jp/contents/wdu290/opendata/dataset/data-00000405/2403_01_jyu-ki_osaka.csv,,54,,,
,data-00000406,,,4388,active,2019-01-23T15:12:33,,外国人住民国籍別人口,CSV,,,,,外国人住民国籍別人口(平成25年3月末日現在),2019-01-23T15:12:33,https://www.city.osaka.lg.jp/contents/wdu290/opendata/dataset/data-00000406/2503_06_kokusekibetu.csv,,0,,,
,data-00000406,,,4391,active,2019-01-23T15:12:33,,外国人住民国籍別人口,CSV,,,,,外国人住民国籍別人口(平成24年9月末日現在),2019-01-23T15:12:33,https://www.city.osaka.lg.jp/contents/wdu290/opendata/dataset/data-00000406/2409_06_kokusekibetu.csv,,1,,,
,data-00000406,,,9795,active,2019-01-23T15:12:33,,行政区別・男女別・5歳階級別・外国人登録人口及び世帯数,CSV,,,,,行政区別・男女別・5歳階級別・外国人登録人口及び世帯数(平成25年3月末日現在),2019-01-23T15:12:33,https://www.city.osaka.lg.jp/contents/wdu290/opendata/dataset/data-00000406/2503_05_gaikoku_5sai.csv,,2,,,
,data-00000406,,,9795,active,2019-01-23T15:12:33,,行政区別・男女別・5歳階級別・外国人登録人口及び世帯数,CSV,,,,,行政区別・男女別・5歳階級別・外国人登録人口及び世帯数(平成24年9月末日現在),2019-01-23T15:12:33,https://www.city.osaka.lg.jp/contents/wdu290/opendata/dataset/data-00000406/2409_05_gaikoku_5sai.csv,,3,,,
,data-00000406,,,979,active,2019-01-23T15:12:33,,行政区別・男女別・外国人登録人口及び世帯数,CSV,,,,,行政区別・男女別・外国人登録人口及び世帯数(平成25年3月末日現在),2019-01-23T15:12:33,https://www.city.osaka.lg.jp/contents/wdu290/opendata/dataset/data-00000406/2503_04_gaikoku_osaka.csv,,4,,,
,data-00000406,,,819,active,2019-01-23T15:12:33,,行政区別・男女別・外国人登録人口及び世帯数,CSV,,,,,行政区別・男女別・外国人登録人口及び世帯数(平成24年9月末日現在),2019-01-23T15:12:33,https://www.city.osaka.lg.jp/contents/wdu290/opendata/dataset/data-00000406/2409_04_gaikoku_osaka.csv,,5,,,
,data-00000406,,,10089,active,2019-01-23T15:12:33,,行政区別・男女別・5歳階級別人口及び世帯数,CSV,,,,,行政区別・男女別・5歳階級別人口及び世帯数(平成24年12月末日現在),2019-01-23T15:12:33,https://www.city.osaka.lg.jp/contents/wdu290/opendata/dataset/data-00000406/2412_03_kubetu_5sai.csv,,6,,,
,data-00000406,,,9784,active,2019-01-23T15:12:33,,行政区別・男女別・5歳階級別人口及び世帯数,CSV,,,,,行政区別・男女別・5歳階級別人口及び世帯数(平成25年3月末日現在),2019-01-23T15:12:33,https://www.city.osaka.lg.jp/contents/wdu290/opendata/dataset/data-00000406/2503_03_kubetu_5sai.csv,,7,,,
,data-00000406,,,19082,active,2019-01-23T16:54:38,,行政区別・男女別・5歳階級別人口及び世帯数,CSV,,,,,行政区別・男女別・5歳階級別人口及び世帯数(平成24年6月末日現在),2019-01-23T16:54:38,https://www.city.osaka.lg.jp/contents/wdu290/opendata/dataset/data-00000406/2406_03_kubetu_5sai.csv,,8,,,
,data-00000406,,,9777,active,2019-01-23T15:12:33,,行政区別・男女別・5歳階級別人口及び世帯数,CSV,,,,,行政区別・男女別・5歳階級別人口及び世帯数(平成24年9月末日現在),2019-01-23T15:12:33,https://www.city.osaka.lg.jp/contents/wdu290/opendata/dataset/data-00000406/2409_03_kubetu_5sai.csv,,9,,,
,data-00000406,,,68948,active,2019-01-23T15:12:33,,各区町丁目別・男女別・各歳別人口及び世帯数（西成区）,CSV,,,,,各区町丁目別・男女別・各歳別人口及び世帯数（西成区）(平成24年9月末日現在),2019-01-23T15:12:33,https://www.city.osaka.lg.jp/contents/wdu290/opendata/dataset/data-00000406/2409_02-24_jyu-ki_nishinari.csv,,10,,,
,data-00000406,,,69022,active,2019-01-23T15:12:33,,各区町丁目別・男女別・各歳別人口及び世帯数（西成区）,CSV,,,,,各区町丁目別・男女別・各歳別人口及び世帯数（西成区）(平成25年3月末日現在),2019-01-23T15:12:33,https://www.city.osaka.lg.jp/contents/wdu290/opendata/dataset/data-00000406/2503_02-24_jyu-ki_nishinari.csv,,11,,,
,data-00000406,,,117260,active,2019-01-23T15:12:33,,各区町丁目別・男女別・各歳別人口及び世帯数（平野区）,CSV,,,,,各区町丁目別・男女別・各歳別人口及び世帯数（平野区）(平成24年9月末日現在),2019-01-23T15:12:33,https://www.city.osaka.lg.jp/contents/wdu290/opendata/dataset/data-00000406/2409_02-23_jyu-ki_hirano.csv,,12,,,
,data-00000406,,,117310,active,2019-01-23T15:12:33,,各区町丁目別・男女別・各歳別人口及び世帯数（平野区）,CSV,,,,,各区町丁目別・男女別・各歳別人口及び世帯数（平野区）(平成25年3月末日現在),2019-01-23T15:12:33,https://www.city.osaka.lg.jp/contents/wdu290/opendata/dataset/data-00000406/2503_02-23_jyu-ki_hirano.csv,,13,,,
,data-00000406,,,84803,active,2019-01-23T15:12:33,,各区町丁目別・男女別・各歳別人口及び世帯数（東住吉区）,CSV,,,,,各区町丁目別・男女別・各歳別人口及び世帯数（東住吉区）(平成25年3月末日現在),2019-01-23T15:12:33,https://www.city.osaka.lg.jp/contents/wdu290/opendata/dataset/data-00000406/2503_02-22_jyu-ki_higashisumiyoshi.csv,,14,,,
,data-00000406,,,84874,active,2019-01-23T15:12:33,,各区町丁目別・男女別・各歳別人口及び世帯数（東住吉区）,CSV,,,,,各区町丁目別・男女別・各歳別人口及び世帯数（東住吉区）(平成24年9月末日現在),2019-01-23T15:12:33,https://www.city.osaka.lg.jp/contents/wdu290/opendata/dataset/data-00000406/2409_02-22_jyu-ki_higashisumiyoshi.csv,,15,,,
,data-00000406,,,88721,active,2019-01-23T15:12:33,,各区町丁目別・男女別・各歳別人口及び世帯数（住吉区）,CSV,,,,,各区町丁目別・男女別・各歳別人口及び世帯数（住吉区）(平成25年3月末日現在),2019-01-23T15:12:33,https://www.city.osaka.lg.jp/contents/wdu290/opendata/dataset/data-00000406/2503_02-21_jyu-ki_sumiyoshi.csv,,16,,,
,data-00000406,,,88759,active,2019-01-23T15:12:33,,各区町丁目別・男女別・各歳別人口及び世帯数（住吉区）,CSV,,,,,各区町丁目別・男女別・各歳別人口及び世帯数（住吉区）(平成24年9月末日現在),2019-01-23T15:12:33,https://www.city.osaka.lg.jp/contents/wdu290/opendata/dataset/data-00000406/2409_02-21_jyu-ki_sumiyoshi.csv,,17,,,
,data-00000406,,,77718,active,2019-01-24T18:07:26,,各区町丁目別・男女別・各歳別人口及び世帯数（住之江区）,CSV,,,,,各区町丁目別・男女別・各歳別人口及び世帯数（住之江区）(平成24年9月末日現在),2019-01-23T15:12:33,https://www.city.osaka.lg.jp/contents/wdu290/opendata/dataset/data-00000406/2409_02-20_jyu-ki_suminoe.csv,,18,,,
,data-00000406,,,77695,active,2019-01-23T15:12:33,,各区町丁目別・男女別・各歳別人口及び世帯数（住之江区）,CSV,,,,,各区町丁目別・男女別・各歳別人口及び世帯数（住之江区）(平成25年3月末日現在),2019-01-23T15:12:33,https://www.city.osaka.lg.jp/contents/wdu290/opendata/dataset/data-00000406/2503_02-20_jyu-ki_suminoe.csv,,19,,,
,data-00000406,,,59285,active,2019-01-23T15:12:33,,各区町丁目別・男女別・各歳別人口及び世帯数（阿倍野区）,CSV,,,,,各区町丁目別・男女別・各歳別人口及び世帯数（阿倍野区）(平成25年3月末日現在),2019-01-23T15:12:33,https://www.city.osaka.lg.jp/contents/wdu290/opendata/dataset/data-00000406/2503_02-19_jyu-ki_abeno.csv,,20,,,
,data-00000406,,,59268,active,2019-01-23T15:12:33,,各区町丁目別・男女別・各歳別人口及び世帯数（阿倍野区）,CSV,,,,,各区町丁目別・男女別・各歳別人口及び世帯数（阿倍野区）(平成24年9月末日現在),2019-01-23T15:12:33,https://www.city.osaka.lg.jp/contents/wdu290/opendata/dataset/data-00000406/2409_02-19_jyu-ki_abeno.csv,,21,,,
,data-00000406,,,51407,active,2019-01-23T15:12:33,,各区町丁目別・男女別・各歳別人口及び世帯数（鶴見区）,CSV,,,,,各区町丁目別・男女別・各歳別人口及び世帯数（鶴見区）(平成24年9月末日現在),2019-01-23T15:12:33,https://www.city.osaka.lg.jp/contents/wdu290/opendata/dataset/data-00000406/2409_02-18_jyu-ki_turumi.csv,,22,,,
,data-00000406,,,51465,active,2019-01-23T15:12:33,,各区町丁目別・男女別・各歳別人口及び世帯数（鶴見区）,CSV,,,,,各区町丁目別・男女別・各歳別人口及び世帯数（鶴見区）(平成25年3月末日現在),2019-01-23T15:12:33,https://www.city.osaka.lg.jp/contents/wdu290/opendata/dataset/data-00000406/2503_02-18_jyu-ki_turumi.csv,,23,,,
,data-00000406,,,69356,active,2019-01-23T15:12:33,,各区町丁目別・男女別・各歳別人口及び世帯数（城東区）,CSV,,,,,各区町丁目別・男女別・各歳別人口及び世帯数（城東区）(平成24年9月末日現在),2019-01-23T15:12:33,https://www.city.osaka.lg.jp/contents/wdu290/opendata/dataset/data-00000406/2409_02-17_jyu-ki_jyoutou.csv,,24,,,
,data-00000406,,,69364,active,2019-01-23T15:12:33,,各区町丁目別・男女別・各歳別人口及び世帯数（城東区）,CSV,,,,,各区町丁目別・男女別・各歳別人口及び世帯数（城東区）(平成25年3月末日現在),2019-01-23T15:12:33,https://www.city.osaka.lg.jp/contents/wdu290/opendata/dataset/data-00000406/2503_02-17_jyu-ki_jyoutou.csv,,25,,,
,data-00000406,,,42419,active,2019-01-23T15:12:33,,各区町丁目別・男女別・各歳別人口及び世帯数（旭区）,CSV,,,,,各区町丁目別・男女別・各歳別人口及び世帯数（旭区）(平成25年3月末日現在),2019-01-23T15:12:33,https://www.city.osaka.lg.jp/contents/wdu290/opendata/dataset/data-00000406/2503_02-16_jyu-ki_asahi.csv,,26,,,
,data-00000406,,,42438,active,2019-01-23T15:12:33,,各区町丁目別・男女別・各歳別人口及び世帯数（旭区）,CSV,,,,,各区町丁目別・男女別・各歳別人口及び世帯数（旭区）(平成24年9月末日現在),2019-01-23T15:12:33,https://www.city.osaka.lg.jp/contents/wdu290/opendata/dataset/data-00000406/2409_02-16_jyu-ki_asahi.csv,,27,,,
,data-00000406,,,73732,active,2019-01-23T15:12:33,,各区町丁目別・男女別・各歳別人口及び世帯数（生野区）,CSV,,,,,各区町丁目別・男女別・各歳別人口及び世帯数（生野区）(平成25年3月末日現在),2019-01-23T15:12:33,https://www.city.osaka.lg.jp/contents/wdu290/opendata/dataset/data-00000406/2503_02-15_jyu-ki_ikuno.csv,,28,,,
,data-00000406,,,77563,active,2019-01-23T15:12:33,,各区町丁目別・男女別・各歳別人口及び世帯数（生野区）,CSV,,,,,各区町丁目別・男女別・各歳別人口及び世帯数（生野区）(平成24年9月末日現在),2019-01-23T15:12:33,https://www.city.osaka.lg.jp/contents/wdu290/opendata/dataset/data-00000406/2409_02-15_jyu-ki_ikuno.csv,,29,,,
,data-00000406,,,40929,active,2019-01-23T15:12:33,,各区町丁目別・男女別・各歳別人口及び世帯数（東成区）,CSV,,,,,各区町丁目別・男女別・各歳別人口及び世帯数（東成区）(平成24年9月末日現在),2019-01-23T15:12:33,https://www.city.osaka.lg.jp/contents/wdu290/opendata/dataset/data-00000406/2409_02-14_jyu-ki_higashinari.csv,,30,,,
,data-00000406,,,40413,active,2019-01-23T15:12:33,,各区町丁目別・男女別・各歳別人口及び世帯数（東成区）,CSV,,,,,各区町丁目別・男女別・各歳別人口及び世帯数（東成区）(平成25年3月末日現在),2019-01-23T15:12:33,https://www.city.osaka.lg.jp/contents/wdu290/opendata/dataset/data-00000406/2503_02-14_jyu-ki_higashinari.csv,,31,,,
,data-00000406,,,77524,active,2019-01-23T15:12:33,,各区町丁目別・男女別・各歳別人口及び世帯数（東淀川区）,CSV,,,,,各区町丁目別・男女別・各歳別人口及び世帯数（東淀川区）(平成25年3月末日現在),2019-01-23T15:12:33,https://www.city.osaka.lg.jp/contents/wdu290/opendata/dataset/data-00000406/2503_02-13_jyu-ki_higashiyodogawa.csv,,32,,,
,data-00000406,,,77473,active,2019-01-23T15:12:33,,各区町丁目別・男女別・各歳別人口及び世帯数（東淀川区）,CSV,,,,,各区町丁目別・男女別・各歳別人口及び世帯数（東淀川区）(平成24年9月末日現在),2019-01-23T15:12:33,https://www.city.osaka.lg.jp/contents/wdu290/opendata/dataset/data-00000406/2409_02-13_jyu-ki_higashiyodogawa.csv,,33,,,
,data-00000406,,,77756,active,2019-01-23T15:12:33,,各区町丁目別・男女別・各歳別人口及び世帯数（淀川区）,CSV,,,,,各区町丁目別・男女別・各歳別人口及び世帯数（淀川区）(平成25年3月末日現在),2019-01-23T15:12:33,https://www.city.osaka.lg.jp/contents/wdu290/opendata/dataset/data-00000406/2503_02-12_jyu-ki_yodogawa.csv,,34,,,
,data-00000406,,,77582,active,2019-01-23T15:12:33,,各区町丁目別・男女別・各歳別人口及び世帯数（淀川区）,CSV,,,,,各区町丁目別・男女別・各歳別人口及び世帯数（淀川区）(平成24年9月末日現在),2019-01-23T15:12:35,https://www.city.osaka.lg.jp/contents/wdu290/opendata/dataset/data-00000406/2409_02-12_jyu-ki_yodogawa.csv,,35,,,
,data-00000406,,,52660,active,2019-01-23T15:12:33,,各区町丁目別・男女別・各歳別人口及び世帯数（西淀川区）,CSV,,,,,各区町丁目別・男女別・各歳別人口及び世帯数（西淀川区）(平成24年9月末日現在),2019-01-23T15:12:33,https://www.city.osaka.lg.jp/contents/wdu290/opendata/dataset/data-00000406/2409_02-11_jyu-ki_nishiyodogawa.csv,,36,,,
,data-00000406,,,52700,active,2019-01-23T15:12:33,,各区町丁目別・男女別・各歳別人口及び世帯数（西淀川区）,CSV,,,,,各区町丁目別・男女別・各歳別人口及び世帯数（西淀川区）(平成25年3月末日現在),2019-01-23T15:12:33,https://www.city.osaka.lg.jp/contents/wdu290/opendata/dataset/data-00000406/2503_02-11_jyu-ki_nishiyodogawa.csv,,37,,,
,data-00000406,,,48314,active,2019-01-23T15:12:33,,各区町丁目別・男女別・各歳別人口及び世帯数（浪速区）,CSV,,,,,各区町丁目別・男女別・各歳別人口及び世帯数（浪速区）(平成25年3月末日現在),2019-01-23T15:12:33,https://www.city.osaka.lg.jp/contents/wdu290/opendata/dataset/data-00000406/2503_02-10_jyu-ki_naniwa.csv,,38,,,
,data-00000406,,,48233,active,2019-01-23T15:12:33,,各区町丁目別・男女別・各歳別人口及び世帯数（浪速区）,CSV,,,,,各区町丁目別・男女別・各歳別人口及び世帯数（浪速区）(平成24年9月末日現在),2019-01-23T15:12:33,https://www.city.osaka.lg.jp/contents/wdu290/opendata/dataset/data-00000406/2409_02-10_jyu-ki_naniwa.csv,,39,,,
,data-00000406,,,54900,active,2019-01-23T15:12:33,,各区町丁目別・男女別・各歳別人口及び世帯数（天王寺区）,CSV,,,,,各区町丁目別・男女別・各歳別人口及び世帯数（天王寺区）(平成24年9月末日現在),2019-01-23T15:12:33,https://www.city.osaka.lg.jp/contents/wdu290/opendata/dataset/data-00000406/2409_02-09_jyu-ki_tennouji.csv,,40,,,
,data-00000406,,,54938,active,2019-01-23T15:12:33,,各区町丁目別・男女別・各歳別人口及び世帯数（天王寺区）,CSV,,,,,各区町丁目別・男女別・各歳別人口及び世帯数（天王寺区）(平成25年3月末日現在),2019-01-23T15:12:33,https://www.city.osaka.lg.jp/contents/wdu290/opendata/dataset/data-00000406/2503_02-09_jyu-ki_tennouji.csv,,41,,,
,data-00000406,,,41053,active,2019-01-23T15:12:33,,各区町丁目別・男女別・各歳別人口及び世帯数（大正区）,CSV,,,,,各区町丁目別・男女別・各歳別人口及び世帯数（大正区）(平成25年3月末日現在),2019-01-23T15:12:33,https://www.city.osaka.lg.jp/contents/wdu290/opendata/dataset/data-00000406/2503_02-08_jyu-ki_taisyou.csv,,42,,,
,data-00000406,,,41057,active,2019-01-23T15:12:33,,各区町丁目別・男女別・各歳別人口及び世帯数（大正区）,CSV,,,,,各区町丁目別・男女別・各歳別人口及び世帯数（大正区）(平成24年9月末日現在),2019-01-23T15:12:33,https://www.city.osaka.lg.jp/contents/wdu290/opendata/dataset/data-00000406/2409_02-08_jyu-ki_taisyou.csv,,43,,,
,data-00000406,,,48027,active,2019-01-23T15:12:33,,各区町丁目別・男女別・各歳別人口及び世帯数（港区）,CSV,,,,,各区町丁目別・男女別・各歳別人口及び世帯数（港区）(平成25年3月末日現在),2019-01-23T15:12:33,https://www.city.osaka.lg.jp/contents/wdu290/opendata/dataset/data-00000406/2503_02-07_jyu-ki_minato.csv,,44,,,
,data-00000406,,,48102,active,2019-01-23T15:12:33,,各区町丁目別・男女別・各歳別人口及び世帯数（港区）,CSV,,,,,各区町丁目別・男女別・各歳別人口及び世帯数（港区）(平成24年9月末日現在),2019-01-23T15:12:33,https://www.city.osaka.lg.jp/contents/wdu290/opendata/dataset/data-00000406/2409_02-07_jyu-ki_minato.csv,,45,,,
,data-00000406,,,49008,active,2019-01-23T15:12:33,,各区町丁目別・男女別・各歳別人口及び世帯数（西区）,CSV,,,,,各区町丁目別・男女別・各歳別人口及び世帯数（西区）(平成25年3月末日現在),2019-01-23T15:12:33,https://www.city.osaka.lg.jp/contents/wdu290/opendata/dataset/data-00000406/2503_02-06_jyu-ki_nishi.csv,,46,,,
,data-00000406,,,48984,active,2019-01-23T15:12:33,,各区町丁目別・男女別・各歳別人口及び世帯数（西区）,CSV,,,,,各区町丁目別・男女別・各歳別人口及び世帯数（西区）(平成24年9月末日現在),2019-01-23T15:12:33,https://www.city.osaka.lg.jp/contents/wdu290/opendata/dataset/data-00000406/2409_02-06_jyu-ki_nishi.csv,,47,,,
,data-00000406,,,123566,active,2019-01-23T15:12:33,,各区町丁目別・男女別・各歳別人口及び世帯数（中央区）,CSV,,,,,各区町丁目別・男女別・各歳別人口及び世帯数（中央区）(平成25年3月末日現在),2019-01-23T15:12:33,https://www.city.osaka.lg.jp/contents/wdu290/opendata/dataset/data-00000406/2503_02-05_jyu-ki_chuou.csv,,48,,,
,data-00000406,,,122806,active,2019-01-23T15:12:33,,各区町丁目別・男女別・各歳別人口及び世帯数（中央区）,CSV,,,,,各区町丁目別・男女別・各歳別人口及び世帯数（中央区）(平成24年9月末日現在),2019-01-23T15:12:33,https://www.city.osaka.lg.jp/contents/wdu290/opendata/dataset/data-00000406/2409_02-05_jyu-ki_chuou.csv,,49,,,
,data-00000406,,,44806,active,2019-01-23T15:12:33,,各区町丁目別・男女別・各歳別人口及び世帯数（此花区）,CSV,,,,,各区町丁目別・男女別・各歳別人口及び世帯数（此花区）(平成24年9月末日現在),2019-01-23T15:12:33,https://www.city.osaka.lg.jp/contents/wdu290/opendata/dataset/data-00000406/2409_02-04_jyu-ki_konohana.csv,,50,,,
,data-00000406,,,45034,active,2019-01-23T15:12:33,,各区町丁目別・男女別・各歳別人口及び世帯数（此花区）,CSV,,,,,各区町丁目別・男女別・各歳別人口及び世帯数（此花区）(平成25年3月末日現在),2019-01-23T15:12:33,https://www.city.osaka.lg.jp/contents/wdu290/opendata/dataset/data-00000406/2503_02-04_jyu-ki_konohana.csv,,51,,,
,data-00000406,,,36280,active,2019-01-23T15:12:33,,各区町丁目別・男女別・各歳別人口及び世帯数（福島区）,CSV,,,,,各区町丁目別・男女別・各歳別人口及び世帯数（福島区）(平成24年9月末日現在),2019-01-23T15:12:33,https://www.city.osaka.lg.jp/contents/wdu290/opendata/dataset/data-00000406/2409_02-03_jyu-ki_fukushima.csv,,52,,,
,data-00000406,,,36375,active,2019-01-23T15:12:33,,各区町丁目別・男女別・各歳別人口及び世帯数（福島区）,CSV,,,,,各区町丁目別・男女別・各歳別人口及び世帯数（福島区）(平成25年3月末日現在),2019-01-23T15:12:33,https://www.city.osaka.lg.jp/contents/wdu290/opendata/dataset/data-00000406/2503_02-03_jyu-ki_fukushima.csv,,53,,,
,data-00000406,,,42884,active,2019-01-23T15:12:33,,各区町丁目別・男女別・各歳別人口及び世帯数（都島区）,CSV,,,,,各区町丁目別・男女別・各歳別人口及び世帯数（都島区）(平成24年9月末日現在),2019-01-23T15:12:35,https://www.city.osaka.lg.jp/contents/wdu290/opendata/dataset/data-00000406/2409_02-02_jyu-ki_miyakojima.csv,,54,,,
,data-00000406,,,51832,active,2019-01-23T15:12:33,,各区町丁目別・男女別・各歳別人口及び世帯数（都島区）,CSV,,,,,各区町丁目別・男女別・各歳別人口及び世帯数（都島区）(平成25年3月末日現在),2019-01-23T15:12:33,https://www.city.osaka.lg.jp/contents/wdu290/opendata/dataset/data-00000406/2503_02-02_jyu-ki_miyakojima.csv,,55,,,
,data-00000406,,,90321,active,2019-01-23T15:12:33,,各区町丁目別・男女別・各歳別人口及び世帯数（北区）,CSV,,,,,各区町丁目別・男女別・各歳別人口及び世帯数（北区）(平成24年9月末日現在),2019-01-23T15:12:32,https://www.city.osaka.lg.jp/contents/wdu290/opendata/dataset/data-00000406/2409_02-01_jyu-ki_kita.csv,,56,,,
,data-00000406,,,90090,active,2019-01-23T15:12:33,,各区町丁目別・男女別・各歳別人口及び世帯数（北区）,CSV,,,,,各区町丁目別・男女別・各歳別人口及び世帯数（北区）(平成25年3月末日現在),2019-01-23T15:12:32,https://www.city.osaka.lg.jp/contents/wdu290/opendata/dataset/data-00000406/2503_02-01_jyu-ki_kita.csv,,57,,,
,data-00000406,,,907,active,2019-01-23T15:12:33,,行政区別・男女別人口及び世帯数,CSV,,,,,行政区別・男女別人口及び世帯数(平成24年9月末日現在),2019-01-23T15:12:33,https://www.city.osaka.lg.jp/contents/wdu290/opendata/dataset/data-00000406/2409_01_jyu-ki_osaka.csv,,58,,,
,data-00000406,,,1009,active,2019-01-23T15:12:33,,行政区別・男女別人口及び世帯数,CSV,,,,,行政区別・男女別人口及び世帯数(平成25年3月末日現在),2019-01-23T15:12:33,https://www.city.osaka.lg.jp/contents/wdu290/opendata/dataset/data-00000406/2503_01_jyu-ki_osaka.csv,,59,,,
,data-00000407,,,4394,active,2019-01-23T15:12:34,,外国人住民国籍別人口,CSV,,,,,外国人住民国籍別人口(平成25年9月末日現在),2019-01-23T15:12:33,https://www.city.osaka.lg.jp/contents/wdu290/opendata/dataset/data-00000407/2509_06_kokusekibetu.csv,,0,,,
,data-00000407,,,4395,active,2019-01-23T15:12:34,,外国人住民国籍別人口,CSV,,,,,外国人住民国籍別人口(平成26年3月末日現在),2019-01-23T15:12:33,https://www.city.osaka.lg.jp/contents/wdu290/opendata/dataset/data-00000407/2603_06_kokusekibetu.csv,,1,,,
,data-00000407,,,9795,active,2019-01-23T15:12:34,,行政区別・男女別・5歳階級別・外国人登録人口及び世帯数,CSV,,,,,行政区別・男女別・5歳階級別・外国人登録人口及び世帯数(平成25年9月末日現在),2019-01-23T15:12:33,https://www.city.osaka.lg.jp/contents/wdu290/opendata/dataset/data-00000407/2509_05_gaikoku_5sai.csv,,2,,,
,data-00000407,,,9795,active,2019-01-23T15:12:34,,行政区別・男女別・5歳階級別・外国人登録人口及び世帯数,CSV,,,,,行政区別・男女別・5歳階級別・外国人登録人口及び世帯数(平成26年3月末日現在),2019-01-23T15:12:33,https://www.city.osaka.lg.jp/contents/wdu290/opendata/dataset/data-00000407/2603_05_gyousei-danjo-5sai_gaikokujin_setai.csv,,3,,,
,data-00000407,,,1119,active,2019-01-23T15:12:34,,行政区別・男女別・外国人登録人口及び世帯数,CSV,,,,,行政区別・男女別・外国人登録人口及び世帯数(平成26年3月末日現在),2019-01-23T15:12:33,https://www.city.osaka.lg.jp/contents/wdu290/opendata/dataset/data-00000407/2603_04_gyousei-danjo_gaikokujin_setai.csv,,4,,,
,data-00000407,,,1120,active,2019-01-23T15:12:34,,行政区別・男女別・外国人登録人口及び世帯数,CSV,,,,,行政区別・男女別・外国人登録人口及び世帯数(平成25年9月末日現在),2019-01-23T15:12:33,https://www.city.osaka.lg.jp/contents/wdu290/opendata/dataset/data-00000407/2509_04_gaikoku_osaka.csv,,5,,,
,data-00000407,,,10645,active,2019-01-23T15:12:34,,行政区別・男女別・5歳階級別人口及び世帯数,CSV,,,,,行政区別・男女別・5歳階級別人口及び世帯数(平成25年12月末日現在),2019-01-23T15:12:33,https://www.city.osaka.lg.jp/contents/wdu290/opendata/dataset/data-00000407/2512_03_gyouseiku-danjo-5sai.csv,,6,,,
,data-00000407,,,10647,active,2019-01-23T15:12:33,,行政区別・男女別・5歳階級別人口及び世帯数,CSV,,,,,行政区別・男女別・5歳階級別人口及び世帯数(平成25年6月末日現在),2019-01-23T15:12:33,https://www.city.osaka.lg.jp/contents/wdu290/opendata/dataset/data-00000407/2506_03_kubetu_5sai.csv,,7,,,
,data-00000407,,,10095,active,2019-01-23T15:12:34,,行政区別・男女別・5歳階級別人口及び世帯数,CSV,,,,,行政区別・男女別・5歳階級別人口及び世帯数(平成26年3月末日現在),2019-01-23T15:12:33,https://www.city.osaka.lg.jp/contents/wdu290/opendata/dataset/data-00000407/2603_03_gyousei-danjo-5sai_setai.csv,,8,,,
,data-00000407,,,10093,active,2019-01-23T15:12:34,,行政区別・男女別・5歳階級別人口及び世帯数,CSV,,,,,行政区別・男女別・5歳階級別人口及び世帯数(平成25年9月末日現在),2019-01-23T15:12:33,https://www.city.osaka.lg.jp/contents/wdu290/opendata/dataset/data-00000407/2509_03_kubetu_5sai.csv,,9,,,
,data-00000407,,,68823,active,2019-01-23T15:12:34,,各区町丁目別・男女別・各歳別人口及び世帯数（西成区）,CSV,,,,,各区町丁目別・男女別・各歳別人口及び世帯数（西成区）(平成26年3月末日現在),2019-01-23T15:12:33,https://www.city.osaka.lg.jp/contents/wdu290/opendata/dataset/data-00000407/2603_02-24_jyu-ki_nishinari.csv,,10,,,
,data-00000407,,,68872,active,2019-01-23T15:12:34,,各区町丁目別・男女別・各歳別人口及び世帯数（西成区）,CSV,,,,,各区町丁目別・男女別・各歳別人口及び世帯数（西成区）(平成25年9月末日現在),2019-01-23T15:12:33,https://www.city.osaka.lg.jp/contents/wdu290/opendata/dataset/data-00000407/2509_02-24_jyu-ki_nishinari.csv,,11,,,
,data-00000407,,,117254,active,2019-01-23T15:12:34,,各区町丁目別・男女別・各歳別人口及び世帯数（平野区）,CSV,,,,,各区町丁目別・男女別・各歳別人口及び世帯数（平野区）(平成26年3月末日現在),2019-01-23T15:12:33,https://www.city.osaka.lg.jp/contents/wdu290/opendata/dataset/data-00000407/2603_02-23_jyu-ki_hirano.csv,,12,,,
,data-00000407,,,117259,active,2019-01-23T15:12:34,,各区町丁目別・男女別・各歳別人口及び世帯数（平野区）,CSV,,,,,各区町丁目別・男女別・各歳別人口及び世帯数（平野区）(平成25年9月末日現在),2019-01-23T15:12:33,https://www.city.osaka.lg.jp/contents/wdu290/opendata/dataset/data-00000407/2509_02-23_jyu-ki_hirano.csv,,13,,,
,data-00000407,,,84765,active,2019-01-23T15:12:34,,各区町丁目別・男女別・各歳別人口及び世帯数（東住吉区）,CSV,,,,,各区町丁目別・男女別・各歳別人口及び世帯数（東住吉区）(平成25年9月末日現在),2019-01-23T15:12:33,https://www.city.osaka.lg.jp/contents/wdu290/opendata/dataset/data-00000407/2509_02-22_jyu-ki_higashisumiyoshi.csv,,14,,,
,data-00000407,,,85153,active,2019-01-23T15:12:34,,各区町丁目別・男女別・各歳別人口及び世帯数（東住吉区）,CSV,,,,,各区町丁目別・男女別・各歳別人口及び世帯数（東住吉区）(平成26年3月末日現在),2019-01-23T15:12:33,https://www.city.osaka.lg.jp/contents/wdu290/opendata/dataset/data-00000407/2603_02-22_jyu-ki_higashisumiyoshi.csv,,15,,,
,data-00000407,,,88828,active,2019-01-23T15:12:34,,各区町丁目別・男女別・各歳別人口及び世帯数（住吉区）,CSV,,,,,各区町丁目別・男女別・各歳別人口及び世帯数（住吉区）(平成25年9月末日現在),2019-01-23T15:12:33,https://www.city.osaka.lg.jp/contents/wdu290/opendata/dataset/data-00000407/2509_02-21_jyu-ki_sumiyoshi.csv,,16,,,
,data-00000407,,,88457,active,2019-01-23T15:12:34,,各区町丁目別・男女別・各歳別人口及び世帯数（住吉区）,CSV,,,,,各区町丁目別・男女別・各歳別人口及び世帯数（住吉区）(平成26年3月末日現在),2019-01-23T15:12:33,https://www.city.osaka.lg.jp/contents/wdu290/opendata/dataset/data-00000407/2603_02-21_jyu-ki_sumiyoshi.csv,,17,,,
,data-00000407,,,77151,active,2019-01-23T15:12:34,,各区町丁目別・男女別・各歳別人口及び世帯数（住之江区）,CSV,,,,,各区町丁目別・男女別・各歳別人口及び世帯数（住之江区）(平成25年9月末日現在),2019-01-23T15:12:33,https://www.city.osaka.lg.jp/contents/wdu290/opendata/dataset/data-00000407/2509_02-20_jyu-ki_suminoe.csv,,18,,,
,data-00000407,,,77129,active,2019-01-23T15:12:34,,各区町丁目別・男女別・各歳別人口及び世帯数（住之江区）,CSV,,,,,各区町丁目別・男女別・各歳別人口及び世帯数（住之江区）(平成26年3月末日現在),2019-01-23T15:12:33,https://www.city.osaka.lg.jp/contents/wdu290/opendata/dataset/data-00000407/2603_02-20_jyu-ki_suminoe.csv,,19,,,
,data-00000407,,,59295,active,2019-01-23T15:12:34,,各区町丁目別・男女別・各歳別人口及び世帯数（阿倍野区）,CSV,,,,,各区町丁目別・男女別・各歳別人口及び世帯数（阿倍野区）(平成25年9月末日現在),2019-01-23T15:12:33,https://www.city.osaka.lg.jp/contents/wdu290/opendata/dataset/data-00000407/2509_02-19_jyu-ki_abeno.csv,,20,,,
,data-00000407,,,59442,active,2019-01-23T15:12:34,,各区町丁目別・男女別・各歳別人口及び世帯数（阿倍野区）,CSV,,,,,各区町丁目別・男女別・各歳別人口及び世帯数（阿倍野区）(平成26年3月末日現在),2019-01-23T15:12:33,https://www.city.osaka.lg.jp/contents/wdu290/opendata/dataset/data-00000407/2603_02-19_jyu-ki_abeno.csv,,21,,,
,data-00000407,,,51517,active,2019-01-23T15:12:34,,各区町丁目別・男女別・各歳別人口及び世帯数（鶴見区）,CSV,,,,,各区町丁目別・男女別・各歳別人口及び世帯数（鶴見区）(平成25年9月末日現在),2019-01-23T15:12:33,https://www.city.osaka.lg.jp/contents/wdu290/opendata/dataset/data-00000407/2509_02-18_jyu-ki_turumi.csv,,22,,,
,data-00000407,,,51563,active,2019-01-23T15:12:34,,各区町丁目別・男女別・各歳別人口及び世帯数（鶴見区）,CSV,,,,,各区町丁目別・男女別・各歳別人口及び世帯数（鶴見区）(平成26年3月末日現在),2019-01-23T15:12:33,https://www.city.osaka.lg.jp/contents/wdu290/opendata/dataset/data-00000407/2603_02-18_jyu-ki_turumi.csv,,23,,,
,data-00000407,,,69392,active,2019-01-23T15:12:34,,各区町丁目別・男女別・各歳別人口及び世帯数（城東区）,CSV,,,,,各区町丁目別・男女別・各歳別人口及び世帯数（城東区）(平成26年3月末日現在),2019-01-23T15:12:33,https://www.city.osaka.lg.jp/contents/wdu290/opendata/dataset/data-00000407/2603_02-17_jyu-ki_jyoutou.csv,,24,,,
,data-00000407,,,69307,active,2019-01-23T15:12:34,,各区町丁目別・男女別・各歳別人口及び世帯数（城東区）,CSV,,,,,各区町丁目別・男女別・各歳別人口及び世帯数（城東区）(平成25年9月末日現在),2019-01-23T15:12:33,https://www.city.osaka.lg.jp/contents/wdu290/opendata/dataset/data-00000407/2509_02-17_jyu-ki_jyoutou.csv,,25,,,
,data-00000407,,,42417,active,2019-01-23T15:12:34,,各区町丁目別・男女別・各歳別人口及び世帯数（旭区）,CSV,,,,,各区町丁目別・男女別・各歳別人口及び世帯数（旭区）(平成26年3月末日現在),2019-01-23T15:12:33,https://www.city.osaka.lg.jp/contents/wdu290/opendata/dataset/data-00000407/2603_02-16_jyu-ki_asahi.csv,,26,,,
,data-00000407,,,42435,active,2019-01-23T15:12:34,,各区町丁目別・男女別・各歳別人口及び世帯数（旭区）,CSV,,,,,各区町丁目別・男女別・各歳別人口及び世帯数（旭区）(平成25年9月末日現在),2019-01-23T15:12:33,https://www.city.osaka.lg.jp/contents/wdu290/opendata/dataset/data-00000407/2509_02-16_jyu-ki_asahi.csv,,27,,,
,data-00000407,,,77381,active,2019-01-23T15:12:34,,各区町丁目別・男女別・各歳別人口及び世帯数（生野区）,CSV,,,,,各区町丁目別・男女別・各歳別人口及び世帯数（生野区）(平成25年9月末日現在),2019-01-23T15:12:33,https://www.city.osaka.lg.jp/contents/wdu290/opendata/dataset/data-00000407/2509_02-15_jyu-ki_ikuno.csv,,28,,,
,data-00000407,,,77233,active,2019-01-23T15:12:34,,各区町丁目別・男女別・各歳別人口及び世帯数（生野区）,CSV,,,,,各区町丁目別・男女別・各歳別人口及び世帯数（生野区）(平成26年3月末日現在),2019-01-23T15:12:33,https://www.city.osaka.lg.jp/contents/wdu290/opendata/dataset/data-00000407/2603_02-15_jyu-ki_ikuno.csv,,29,,,
,data-00000407,,,41082,active,2019-01-23T15:12:34,,各区町丁目別・男女別・各歳別人口及び世帯数（東成区）,CSV,,,,,各区町丁目別・男女別・各歳別人口及び世帯数（東成区）(平成26年3月末日現在),2019-01-23T15:12:33,https://www.city.osaka.lg.jp/contents/wdu290/opendata/dataset/data-00000407/2603_02-14_jyu-ki_higashinari.csv,,30,,,
,data-00000407,,,40944,active,2019-01-23T15:12:33,,各区町丁目別・男女別・各歳別人口及び世帯数（東成区）,CSV,,,,,各区町丁目別・男女別・各歳別人口及び世帯数（東成区）(平成25年9月末日現在),2019-01-23T15:12:33,https://www.city.osaka.lg.jp/contents/wdu290/opendata/dataset/data-00000407/2509_02-14_jyu-ki_higashinari.csv,,31,,,
,data-00000407,,,77536,active,2019-01-23T15:12:33,,各区町丁目別・男女別・各歳別人口及び世帯数（東淀川区）,CSV,,,,,各区町丁目別・男女別・各歳別人口及び世帯数（東淀川区）(平成25年9月末日現在),2019-01-23T15:12:33,https://www.city.osaka.lg.jp/contents/wdu290/opendata/dataset/data-00000407/2509_02-13_jyu-ki_higashiyodogawa.csv,,32,,,
,data-00000407,,,77591,active,2019-01-23T15:12:34,,各区町丁目別・男女別・各歳別人口及び世帯数（東淀川区）,CSV,,,,,各区町丁目別・男女別・各歳別人口及び世帯数（東淀川区）(平成26年3月末日現在),2019-01-23T15:12:33,https://www.city.osaka.lg.jp/contents/wdu290/opendata/dataset/data-00000407/2603_02-13_jyu-ki_higashiyodogawa.csv,,33,,,
,data-00000407,,,77708,active,2019-01-23T15:12:33,,各区町丁目別・男女別・各歳別人口及び世帯数（淀川区）,CSV,,,,,各区町丁目別・男女別・各歳別人口及び世帯数（淀川区）(平成25年9月末日現在),2019-01-23T15:12:35,https://www.city.osaka.lg.jp/contents/wdu290/opendata/dataset/data-00000407/2509_02-12_jyu-ki_yodogawa.csv,,34,,,
,data-00000407,,,77857,active,2019-01-23T15:12:34,,各区町丁目別・男女別・各歳別人口及び世帯数（淀川区）,CSV,,,,,各区町丁目別・男女別・各歳別人口及び世帯数（淀川区）(平成26年3月末日現在),2019-01-23T15:12:34,https://www.city.osaka.lg.jp/contents/wdu290/opendata/dataset/data-00000407/2603_02-12_jyu-ki_yodogawa.csv,,35,,,
,data-00000407,,,52566,active,2019-01-23T15:12:33,,各区町丁目別・男女別・各歳別人口及び世帯数（西淀川区）,CSV,,,,,各区町丁目別・男女別・各歳別人口及び世帯数（西淀川区）(平成25年9月末日現在),2019-01-23T15:12:33,https://www.city.osaka.lg.jp/contents/wdu290/opendata/dataset/data-00000407/2509_02-11_jyu-ki_nishiyodogawa.csv,,36,,,
,data-00000407,,,52609,active,2019-01-23T15:12:34,,各区町丁目別・男女別・各歳別人口及び世帯数（西淀川区）,CSV,,,,,各区町丁目別・男女別・各歳別人口及び世帯数（西淀川区）(平成26年3月末日現在),2019-01-23T15:12:33,https://www.city.osaka.lg.jp/contents/wdu290/opendata/dataset/data-00000407/2603_02-11_jyu-ki_nishiyodogawa.csv,,37,,,
,data-00000407,,,48437,active,2019-01-23T15:12:33,,各区町丁目別・男女別・各歳別人口及び世帯数（浪速区）,CSV,,,,,各区町丁目別・男女別・各歳別人口及び世帯数（浪速区）(平成25年9月末日現在),2019-01-23T15:12:33,https://www.city.osaka.lg.jp/contents/wdu290/opendata/dataset/data-00000407/2509_02-10_jyu-ki_naniwa.csv,,38,,,
,data-00000407,,,48527,active,2019-01-23T15:12:34,,各区町丁目別・男女別・各歳別人口及び世帯数（浪速区）,CSV,,,,,各区町丁目別・男女別・各歳別人口及び世帯数（浪速区）(平成26年3月末日現在),2019-01-23T15:12:33,https://www.city.osaka.lg.jp/contents/wdu290/opendata/dataset/data-00000407/2603_02-10_jyu-ki_naniwa.csv,,39,,,
,data-00000407,,,55089,active,2019-01-23T15:12:33,,各区町丁目別・男女別・各歳別人口及び世帯数（天王寺区）,CSV,,,,,各区町丁目別・男女別・各歳別人口及び世帯数（天王寺区）(平成25年9月末日現在),2019-01-23T15:12:33,https://www.city.osaka.lg.jp/contents/wdu290/opendata/dataset/data-00000407/2509_02-09_jyu-ki_tennouji.csv,,40,,,
,data-00000407,,,55078,active,2019-01-23T15:12:34,,各区町丁目別・男女別・各歳別人口及び世帯数（天王寺区）,CSV,,,,,各区町丁目別・男女別・各歳別人口及び世帯数（天王寺区）(平成26年3月末日現在),2019-01-23T15:12:33,https://www.city.osaka.lg.jp/contents/wdu290/opendata/dataset/data-00000407/2603_02-09_jyu-ki_tennouji.csv,,41,,,
,data-00000407,,,40968,active,2019-01-23T15:12:33,,各区町丁目別・男女別・各歳別人口及び世帯数（大正区）,CSV,,,,,各区町丁目別・男女別・各歳別人口及び世帯数（大正区）(平成25年9月末日現在),2019-01-23T15:12:33,https://www.city.osaka.lg.jp/contents/wdu290/opendata/dataset/data-00000407/2509_02-08_jyu-ki_taisyou.csv,,42,,,
,data-00000407,,,40627,active,2019-01-23T15:12:34,,各区町丁目別・男女別・各歳別人口及び世帯数（大正区）,CSV,,,,,各区町丁目別・男女別・各歳別人口及び世帯数（大正区）(平成26年3月末日現在),2019-01-23T15:12:33,https://www.city.osaka.lg.jp/contents/wdu290/opendata/dataset/data-00000407/2603_02-08_jyu-ki_taisyou.csv,,43,,,
,data-00000407,,,48520,active,2019-01-23T15:12:34,,各区町丁目別・男女別・各歳別人口及び世帯数（港区）,CSV,,,,,各区町丁目別・男女別・各歳別人口及び世帯数（港区）(平成26年3月末日現在),2019-01-23T15:12:33,https://www.city.osaka.lg.jp/contents/wdu290/opendata/dataset/data-00000407/2603_02-07_jyu-ki_minato.csv,,44,,,
,data-00000407,,,47681,active,2019-01-23T15:12:33,,各区町丁目別・男女別・各歳別人口及び世帯数（港区）,CSV,,,,,各区町丁目別・男女別・各歳別人口及び世帯数（港区）(平成25年9月末日現在),2019-01-23T15:12:33,https://www.city.osaka.lg.jp/contents/wdu290/opendata/dataset/data-00000407/2509_02-07_jyu-ki_minato.csv,,45,,,
,data-00000407,,,49128,active,2019-01-23T15:12:33,,各区町丁目別・男女別・各歳別人口及び世帯数（西区）,CSV,,,,,各区町丁目別・男女別・各歳別人口及び世帯数（西区）(平成25年9月末日現在),2019-01-23T15:12:33,https://www.city.osaka.lg.jp/contents/wdu290/opendata/dataset/data-00000407/2509_02-06_jyu-ki_nishi.csv,,46,,,
,data-00000407,,,49239,active,2019-01-23T15:12:34,,各区町丁目別・男女別・各歳別人口及び世帯数（西区）,CSV,,,,,各区町丁目別・男女別・各歳別人口及び世帯数（西区）(平成26年3月末日現在),2019-01-23T15:12:33,https://www.city.osaka.lg.jp/contents/wdu290/opendata/dataset/data-00000407/2603_02-06_jyu-ki_nishi.csv,,47,,,
,data-00000407,,,122049,active,2019-01-23T15:12:34,,各区町丁目別・男女別・各歳別人口及び世帯数（中央区）,CSV,,,,,各区町丁目別・男女別・各歳別人口及び世帯数（中央区）(平成26年3月末日現在),2019-01-23T15:12:33,https://www.city.osaka.lg.jp/contents/wdu290/opendata/dataset/data-00000407/2603_02-05_jyu-ki_chuou.csv,,48,,,
,data-00000407,,,121340,active,2019-01-23T15:12:33,,各区町丁目別・男女別・各歳別人口及び世帯数（中央区）,CSV,,,,,各区町丁目別・男女別・各歳別人口及び世帯数（中央区）(平成25年9月末日現在),2019-01-23T15:12:33,https://www.city.osaka.lg.jp/contents/wdu290/opendata/dataset/data-00000407/2509_02-05_jyu-ki_chuou.csv,,49,,,
,data-00000407,,,44427,active,2019-01-23T15:12:34,,各区町丁目別・男女別・各歳別人口及び世帯数（此花区）,CSV,,,,,各区町丁目別・男女別・各歳別人口及び世帯数（此花区）(平成26年3月末日現在),2019-01-23T15:12:33,https://www.city.osaka.lg.jp/contents/wdu290/opendata/dataset/data-00000407/2603_02-04_jyu-ki_konohana.csv,,50,,,
,data-00000407,,,44365,active,2019-01-23T15:12:33,,各区町丁目別・男女別・各歳別人口及び世帯数（此花区）,CSV,,,,,各区町丁目別・男女別・各歳別人口及び世帯数（此花区）(平成25年9月末日現在),2019-01-23T15:12:33,https://www.city.osaka.lg.jp/contents/wdu290/opendata/dataset/data-00000407/2509_02-04_jyu-ki_konohana.csv,,51,,,
,data-00000407,,,36428,active,2019-01-23T15:12:34,,各区町丁目別・男女別・各歳別人口及び世帯数（福島区）,CSV,,,,,各区町丁目別・男女別・各歳別人口及び世帯数（福島区）(平成26年3月末日現在),2019-01-23T15:12:33,https://www.city.osaka.lg.jp/contents/wdu290/opendata/dataset/data-00000407/2603_02-03_jyu-ki_fukushima.csv,,52,,,
,data-00000407,,,36398,active,2019-01-23T15:12:33,,各区町丁目別・男女別・各歳別人口及び世帯数（福島区）,CSV,,,,,各区町丁目別・男女別・各歳別人口及び世帯数（福島区）(平成25年9月末日現在),2019-01-23T15:12:33,https://www.city.osaka.lg.jp/contents/wdu290/opendata/dataset/data-00000407/2509_02-03_jyu-ki_fukushima.csv,,53,,,
,data-00000407,,,42864,active,2019-01-23T15:12:34,,各区町丁目別・男女別・各歳別人口及び世帯数（都島区）,CSV,,,,,各区町丁目別・男女別・各歳別人口及び世帯数（都島区）(平成26年3月末日現在),2019-01-23T15:12:33,https://www.city.osaka.lg.jp/contents/wdu290/opendata/dataset/data-00000407/2603_02-02_jyu-ki_miyakojima.csv,,54,,,
,data-00000407,,,42884,active,2019-01-23T15:12:33,,各区町丁目別・男女別・各歳別人口及び世帯数（都島区）,CSV,,,,,各区町丁目別・男女別・各歳別人口及び世帯数（都島区）(平成25年9月末日現在),2019-01-23T15:12:35,https://www.city.osaka.lg.jp/contents/wdu290/opendata/dataset/data-00000407/2509_02-02_jyu-ki_miyakojima.csv,,55,,,
,data-00000407,,,145093,active,2019-01-23T15:12:33,,各区町丁目別・男女別・各歳別人口及び世帯数（北区）,CSV,,,,,各区町丁目別・男女別・各歳別人口及び世帯数（北区）(平成25年9月末日現在),2019-01-23T15:12:32,https://www.city.osaka.lg.jp/contents/wdu290/opendata/dataset/data-00000407/2509_02-01_jyu-ki_kita.csv,,56,,,
,data-00000407,,,90511,active,2019-01-23T15:12:34,,各区町丁目別・男女別・各歳別人口及び世帯数（北区）,CSV,,,,,各区町丁目別・男女別・各歳別人口及び世帯数（北区）(平成26年3月末日現在),2019-01-23T15:12:32,https://www.city.osaka.lg.jp/contents/wdu290/opendata/dataset/data-00000407/2603_02-01_jyu-ki_kita.csv,,57,,,
,data-00000407,,,1009,active,2019-01-23T15:12:33,,行政区別・男女別人口及び世帯数,CSV,,,,,行政区別・男女別人口及び世帯数(平成25年9月末日現在),2019-01-23T15:12:33,https://www.city.osaka.lg.jp/contents/wdu290/opendata/dataset/data-00000407/2509_01_jyu-ki_osaka.csv,,58,,,
,data-00000407,,,1009,active,2019-01-23T15:12:34,,行政区別・男女別人口及び世帯数,CSV,,,,,行政区別・男女別人口及び世帯数(平成26年3月末日現在),2019-01-23T15:12:33,https://www.city.osaka.lg.jp/contents/wdu290/opendata/dataset/data-00000407/2603_01_gyousei-danjo_setai.csv,,59,,,
,data-00000408,,,2617,active,2019-01-23T15:12:35,,外国人住民国籍別人口,CSV,,,,,外国人住民国籍別人口(平成27年3月末日現在),2019-01-23T15:12:33,https://www.city.osaka.lg.jp/contents/wdu290/opendata/dataset/data-00000408/2703_06_kokusekibetu.csv,,0,,,
,data-00000408,,,3818,active,2019-01-23T15:12:35,,外国人住民国籍別人口,CSV,,,,,外国人住民国籍別人口(平成26年9月末日現在),2019-01-23T15:12:33,https://www.city.osaka.lg.jp/contents/wdu290/opendata/dataset/data-00000408/2609_06_kokusekibetu.csv,,1,,,
,data-00000408,,,30508,active,2019-01-23T15:12:35,,行政区別・男女別・5歳階級別・外国人登録人口及び世帯数,CSV,,,,,行政区別・男女別・5歳階級別・外国人登録人口及び世帯数(平成27年3月末日現在),2019-01-23T15:12:33,https://www.city.osaka.lg.jp/contents/wdu290/opendata/dataset/data-00000408/2703_05_gyousei-danjo-5sai_gaikokujin-setai.csv,,2,,,
,data-00000408,,,7384,active,2019-01-23T15:12:35,,行政区別・男女別・5歳階級別・外国人登録人口及び世帯数,CSV,,,,,行政区別・男女別・5歳階級別・外国人登録人口及び世帯数(平成26年9月末日現在),2019-01-23T15:12:33,https://www.city.osaka.lg.jp/contents/wdu290/opendata/dataset/data-00000408/2609_05_gyousei-danjo-5sai_gaikokujin-setai.csv,,3,,,
,data-00000408,,,1119,active,2019-01-23T15:12:35,,行政区別・男女別・外国人登録人口及び世帯数,CSV,,,,,行政区別・男女別・外国人登録人口及び世帯数(平成26年9月末日現在),2019-01-23T15:12:33,https://www.city.osaka.lg.jp/contents/wdu290/opendata/dataset/data-00000408/2609_04_gyousei-danjo_gaikokujin_setai.csv,,4,,,
,data-00000408,,,820,active,2019-01-23T15:12:35,,行政区別・男女別・外国人登録人口及び世帯数,CSV,,,,,行政区別・男女別・外国人登録人口及び世帯数(平成27年3月末日現在),2019-01-23T15:12:33,https://www.city.osaka.lg.jp/contents/wdu290/opendata/dataset/data-00000408/2703_04_syuusei_gyousei-danjo_gaikokujin-setai.csv,,5,,,
,data-00000408,,,10655,active,2019-01-23T15:12:34,,行政区別・男女別・5歳階級別人口及び世帯数,CSV,,,,,行政区別・男女別・5歳階級別人口及び世帯数(平成26年6月末日現在),2019-01-23T15:12:33,https://www.city.osaka.lg.jp/contents/wdu290/opendata/dataset/data-00000408/2606_03_gyouseiku-danjo-5sai.csv,,6,,,
,data-00000408,,,10099,active,2019-01-23T15:12:35,,行政区別・男女別・5歳階級別人口及び世帯数,CSV,,,,,行政区別・男女別・5歳階級別人口及び世帯数(平成26年9月末日現在),2019-01-23T15:12:33,https://www.city.osaka.lg.jp/contents/wdu290/opendata/dataset/data-00000408/2609_03_gyousei-danjo-5sai_setai.csv,,7,,,
,data-00000408,,,32949,active,2019-01-23T15:12:35,,行政区別・男女別・5歳階級別人口及び世帯数,CSV,,,,,行政区別・男女別・5歳階級別人口及び世帯数(平成26年12月末日現在),2019-01-23T15:12:33,https://www.city.osaka.lg.jp/contents/wdu290/opendata/dataset/data-00000408/2612_03_gyouseiku-danjo-5sai.csv,,8,,,
,data-00000408,,,32961,active,2019-01-23T15:12:35,,行政区別・男女別・5歳階級別人口及び世帯数,CSV,,,,,行政区別・男女別・5歳階級別人口及び世帯数(平成27年3月末日現在),2019-01-23T15:12:33,https://www.city.osaka.lg.jp/contents/wdu290/opendata/dataset/data-00000408/2703_03_gyousei-danjo-5sai_setai.csv,,9,,,
,data-00000408,,,140929,active,2019-01-23T15:12:35,,各区町丁目別・男女別・各歳別人口及び世帯数（西成区）,CSV,,,,,各区町丁目別・男女別・各歳別人口及び世帯数（西成区）(平成27年3月末日現在),2019-01-23T15:12:33,https://www.city.osaka.lg.jp/contents/wdu290/opendata/dataset/data-00000408/2703_02-24_jyu-ki_nishinari.csv,,10,,,
,data-00000408,,,68782,active,2019-01-23T15:12:35,,各区町丁目別・男女別・各歳別人口及び世帯数（西成区）,CSV,,,,,各区町丁目別・男女別・各歳別人口及び世帯数（西成区）(平成26年9月末日現在),2019-01-23T15:12:33,https://www.city.osaka.lg.jp/contents/wdu290/opendata/dataset/data-00000408/2609_02-24_jyu-ki_nishinari.csv,,11,,,
,data-00000408,,,185409,active,2019-01-23T15:12:35,,各区町丁目別・男女別・各歳別人口及び世帯数（平野区）,CSV,,,,,各区町丁目別・男女別・各歳別人口及び世帯数（平野区）(平成27年3月末日現在),2019-01-23T15:12:33,https://www.city.osaka.lg.jp/contents/wdu290/opendata/dataset/data-00000408/2703_02-23_jyu-ki_hirano.csv,,12,,,
,data-00000408,,,117211,active,2019-01-23T15:12:35,,各区町丁目別・男女別・各歳別人口及び世帯数（平野区）,CSV,,,,,各区町丁目別・男女別・各歳別人口及び世帯数（平野区）(平成26年9月末日現在),2019-01-23T15:12:33,https://www.city.osaka.lg.jp/contents/wdu290/opendata/dataset/data-00000408/2609_02-23_jyu-ki_hirano.csv,,13,,,
,data-00000408,,,85175,active,2019-01-23T15:12:35,,各区町丁目別・男女別・各歳別人口及び世帯数（東住吉区）,CSV,,,,,各区町丁目別・男女別・各歳別人口及び世帯数（東住吉区）(平成26年9月末日現在),2019-01-23T15:12:33,https://www.city.osaka.lg.jp/contents/wdu290/opendata/dataset/data-00000408/2609_02-22_jyu-ki_higashisumiyoshi.csv,,14,,,
,data-00000408,,,156800,active,2019-01-23T15:12:35,,各区町丁目別・男女別・各歳別人口及び世帯数（東住吉区）,CSV,,,,,各区町丁目別・男女別・各歳別人口及び世帯数（東住吉区）(平成27年3月末日現在),2019-01-23T15:12:33,https://www.city.osaka.lg.jp/contents/wdu290/opendata/dataset/data-00000408/2703_02-22_jyu-ki_higashisumiyoshi.csv,,15,,,
,data-00000408,,,88831,active,2019-01-23T15:12:35,,各区町丁目別・男女別・各歳別人口及び世帯数（住吉区）,CSV,,,,,各区町丁目別・男女別・各歳別人口及び世帯数（住吉区）(平成26年9月末日現在),2019-01-23T15:12:33,https://www.city.osaka.lg.jp/contents/wdu290/opendata/dataset/data-00000408/2609_02-21_jyu-ki_sumiyoshi.csv,,16,,,
,data-00000408,,,160344,active,2019-01-23T15:12:35,,各区町丁目別・男女別・各歳別人口及び世帯数（住吉区）,CSV,,,,,各区町丁目別・男女別・各歳別人口及び世帯数（住吉区）(平成27年3月末日現在),2019-01-23T15:12:33,https://www.city.osaka.lg.jp/contents/wdu290/opendata/dataset/data-00000408/2703_02-21_jyu-ki_sumiyoshi.csv,,17,,,
,data-00000408,,,154242,active,2019-01-23T15:12:35,,各区町丁目別・男女別・各歳別人口及び世帯数（住之江区）,CSV,,,,,各区町丁目別・男女別・各歳別人口及び世帯数（住之江区）(平成27年3月末日現在),2019-01-23T15:12:33,https://www.city.osaka.lg.jp/contents/wdu290/opendata/dataset/data-00000408/2703_02-20_jyu-ki_suminoe.csv,,18,,,
,data-00000408,,,76824,active,2019-01-23T15:12:35,,各区町丁目別・男女別・各歳別人口及び世帯数（住之江区）,CSV,,,,,各区町丁目別・男女別・各歳別人口及び世帯数（住之江区）(平成26年9月末日現在),2019-01-23T15:12:33,https://www.city.osaka.lg.jp/contents/wdu290/opendata/dataset/data-00000408/2609_02-20_jyu-ki_suminoe.csv,,19,,,
,data-00000408,,,59465,active,2019-01-23T15:12:35,,各区町丁目別・男女別・各歳別人口及び世帯数（阿倍野区）,CSV,,,,,各区町丁目別・男女別・各歳別人口及び世帯数（阿倍野区）(平成26年9月末日現在),2019-01-23T15:12:33,https://www.city.osaka.lg.jp/contents/wdu290/opendata/dataset/data-00000408/2609_02-19_jyu-ki_abeno.csv,,20,,,
,data-00000408,,,129860,active,2019-01-23T15:12:35,,各区町丁目別・男女別・各歳別人口及び世帯数（阿倍野区）,CSV,,,,,各区町丁目別・男女別・各歳別人口及び世帯数（阿倍野区）(平成27年3月末日現在),2019-01-23T15:12:33,https://www.city.osaka.lg.jp/contents/wdu290/opendata/dataset/data-00000408/2703_02-19_jyu-ki_abeno.csv,,21,,,
,data-00000408,,,122790,active,2019-01-23T15:12:35,,各区町丁目別・男女別・各歳別人口及び世帯数（鶴見区）,CSV,,,,,各区町丁目別・男女別・各歳別人口及び世帯数（鶴見区）(平成27年3月末日現在),2019-01-23T15:12:33,https://www.city.osaka.lg.jp/contents/wdu290/opendata/dataset/data-00000408/2703_02-18_jyu-ki_turumi.csv,,22,,,
,data-00000408,,,51569,active,2019-01-23T15:12:35,,各区町丁目別・男女別・各歳別人口及び世帯数（鶴見区）,CSV,,,,,各区町丁目別・男女別・各歳別人口及び世帯数（鶴見区）(平成26年9月末日現在),2019-01-23T15:12:33,https://www.city.osaka.lg.jp/contents/wdu290/opendata/dataset/data-00000408/2609_02-18_jyu-ki_turumi.csv,,23,,,
,data-00000408,,,139875,active,2019-01-23T15:12:35,,各区町丁目別・男女別・各歳別人口及び世帯数（城東区）,CSV,,,,,各区町丁目別・男女別・各歳別人口及び世帯数（城東区）(平成27年3月末日現在),2019-01-23T15:12:33,https://www.city.osaka.lg.jp/contents/wdu290/opendata/dataset/data-00000408/2703_02-17_jyu-ki_jyoutou.csv,,24,,,
,data-00000408,,,69344,active,2019-01-23T15:12:35,,各区町丁目別・男女別・各歳別人口及び世帯数（城東区）,CSV,,,,,各区町丁目別・男女別・各歳別人口及び世帯数（城東区）(平成26年9月末日現在),2019-01-23T15:12:33,https://www.city.osaka.lg.jp/contents/wdu290/opendata/dataset/data-00000408/2609_02-17_jyu-ki_jyoutou.csv,,25,,,
,data-00000408,,,111715,active,2019-01-23T15:12:35,,各区町丁目別・男女別・各歳別人口及び世帯数（旭区）,CSV,,,,,各区町丁目別・男女別・各歳別人口及び世帯数（旭区）(平成27年3月末日現在),2019-01-23T15:12:33,https://www.city.osaka.lg.jp/contents/wdu290/opendata/dataset/data-00000408/2703_02-16_jyu-ki_asahi.csv,,26,,,
,data-00000408,,,42403,active,2019-01-23T15:12:35,,各区町丁目別・男女別・各歳別人口及び世帯数（旭区）,CSV,,,,,各区町丁目別・男女別・各歳別人口及び世帯数（旭区）(平成26年9月末日現在),2019-01-23T15:12:33,https://www.city.osaka.lg.jp/contents/wdu290/opendata/dataset/data-00000408/2609_02-16_jyu-ki_asahi.csv,,27,,,
,data-00000408,,,77327,active,2019-01-23T15:12:35,,各区町丁目別・男女別・各歳別人口及び世帯数（生野区）,CSV,,,,,各区町丁目別・男女別・各歳別人口及び世帯数（生野区）(平成26年9月末日現在),2019-01-23T15:12:33,https://www.city.osaka.lg.jp/contents/wdu290/opendata/dataset/data-00000408/2609_02-15_jyu-ki_ikuno.csv,,28,,,
,data-00000408,,,147978,active,2019-01-23T15:12:35,,各区町丁目別・男女別・各歳別人口及び世帯数（生野区）,CSV,,,,,各区町丁目別・男女別・各歳別人口及び世帯数（生野区）(平成27年3月末日現在),2019-01-23T15:12:33,https://www.city.osaka.lg.jp/contents/wdu290/opendata/dataset/data-00000408/2703_02-15_jyu-ki_ikuno.csv,,29,,,
,data-00000408,,,110449,active,2019-01-23T15:12:35,,各区町丁目別・男女別・各歳別人口及び世帯数（東成区）,CSV,,,,,各区町丁目別・男女別・各歳別人口及び世帯数（東成区）(平成27年3月末日現在),2019-01-23T15:12:33,https://www.city.osaka.lg.jp/contents/wdu290/opendata/dataset/data-00000408/2703_02-14_jyu-ki_higashinari.csv,,30,,,
,data-00000408,,,41046,active,2019-01-23T15:12:35,,各区町丁目別・男女別・各歳別人口及び世帯数（東成区）,CSV,,,,,各区町丁目別・男女別・各歳別人口及び世帯数（東成区）(平成26年9月末日現在),2019-01-23T15:12:33,https://www.city.osaka.lg.jp/contents/wdu290/opendata/dataset/data-00000408/2609_02-14_jyu-ki_higashinari.csv,,31,,,
,data-00000408,,,77594,active,2019-01-23T15:12:35,,各区町丁目別・男女別・各歳別人口及び世帯数（東淀川区）,CSV,,,,,各区町丁目別・男女別・各歳別人口及び世帯数（東淀川区）(平成26年9月末日現在),2019-01-23T15:12:33,https://www.city.osaka.lg.jp/contents/wdu290/opendata/dataset/data-00000408/2609_02-13_jyu-ki_higashiyodogawa.csv,,32,,,
,data-00000408,,,148605,active,2019-01-23T15:12:35,,各区町丁目別・男女別・各歳別人口及び世帯数（東淀川区）,CSV,,,,,各区町丁目別・男女別・各歳別人口及び世帯数（東淀川区）(平成27年3月末日現在),2019-01-23T15:12:33,https://www.city.osaka.lg.jp/contents/wdu290/opendata/dataset/data-00000408/2703_02-13_jyu-ki_higashiyodogawa.csv,,33,,,
,data-00000408,,,77907,active,2019-01-23T15:12:35,,各区町丁目別・男女別・各歳別人口及び世帯数（淀川区）,CSV,,,,,各区町丁目別・男女別・各歳別人口及び世帯数（淀川区）(平成26年9月末日現在),2019-01-23T15:12:35,https://www.city.osaka.lg.jp/contents/wdu290/opendata/dataset/data-00000408/2609_02-12_jyu-ki_yodogawa.csv,,34,,,
,data-00000408,,,149148,active,2019-01-23T15:12:35,,各区町丁目別・男女別・各歳別人口及び世帯数（淀川区）,CSV,,,,,各区町丁目別・男女別・各歳別人口及び世帯数（淀川区）(平成27年3月末日現在),2019-01-23T15:12:35,https://www.city.osaka.lg.jp/contents/wdu290/opendata/dataset/data-00000408/2703_02-12_jyu-ki_yodogawa.csv,,35,,,
,data-00000408,,,52585,active,2019-01-23T15:12:34,,各区町丁目別・男女別・各歳別人口及び世帯数（西淀川区）,CSV,,,,,各区町丁目別・男女別・各歳別人口及び世帯数（西淀川区）(平成26年9月末日現在),2019-01-23T15:12:33,https://www.city.osaka.lg.jp/contents/wdu290/opendata/dataset/data-00000408/2609_02-11_jyu-ki_nishiyodogawa.csv,,36,,,
,data-00000408,,,124500,active,2019-01-23T15:12:35,,各区町丁目別・男女別・各歳別人口及び世帯数（西淀川区）,CSV,,,,,各区町丁目別・男女別・各歳別人口及び世帯数（西淀川区）(平成27年3月末日現在),2019-01-23T15:12:33,https://www.city.osaka.lg.jp/contents/wdu290/opendata/dataset/data-00000408/2703_02-11_jyu-ki_nishiyodogawa.csv,,37,,,
,data-00000408,,,48625,active,2019-01-23T15:12:34,,各区町丁目別・男女別・各歳別人口及び世帯数（浪速区）,CSV,,,,,各区町丁目別・男女別・各歳別人口及び世帯数（浪速区）(平成26年9月末日現在),2019-01-23T15:12:33,https://www.city.osaka.lg.jp/contents/wdu290/opendata/dataset/data-00000408/2609_02-10_jyu-ki_naniwa.csv,,38,,,
,data-00000408,,,120620,active,2019-01-23T15:12:35,,各区町丁目別・男女別・各歳別人口及び世帯数（浪速区）,CSV,,,,,各区町丁目別・男女別・各歳別人口及び世帯数（浪速区）(平成27年3月末日現在),2019-01-23T15:12:33,https://www.city.osaka.lg.jp/contents/wdu290/opendata/dataset/data-00000408/2703_02-10_jyu-ki_naniwa.csv,,39,,,
,data-00000408,,,126983,active,2019-01-23T15:12:35,,各区町丁目別・男女別・各歳別人口及び世帯数（天王寺区）,CSV,,,,,各区町丁目別・男女別・各歳別人口及び世帯数（天王寺区）(平成27年3月末日現在),2019-01-23T15:12:33,https://www.city.osaka.lg.jp/contents/wdu290/opendata/dataset/data-00000408/2703_02-09_jyu-ki_tennouji.csv,,40,,,
,data-00000408,,,55157,active,2019-01-23T15:12:34,,各区町丁目別・男女別・各歳別人口及び世帯数（天王寺区）,CSV,,,,,各区町丁目別・男女別・各歳別人口及び世帯数（天王寺区）(平成26年9月末日現在),2019-01-23T15:12:33,https://www.city.osaka.lg.jp/contents/wdu290/opendata/dataset/data-00000408/2609_02-09_jyu-ki_tennouji.csv,,41,,,
,data-00000408,,,40565,active,2019-01-23T15:12:34,,各区町丁目別・男女別・各歳別人口及び世帯数（大正区）,CSV,,,,,各区町丁目別・男女別・各歳別人口及び世帯数（大正区）(平成26年9月末日現在),2019-01-23T15:12:33,https://www.city.osaka.lg.jp/contents/wdu290/opendata/dataset/data-00000408/2609_02-08_jyu-ki_taisyou.csv,,42,,,
,data-00000408,,,111823,active,2019-01-23T15:12:35,,各区町丁目別・男女別・各歳別人口及び世帯数（大正区）,CSV,,,,,各区町丁目別・男女別・各歳別人口及び世帯数（大正区）(平成27年3月末日現在),2019-01-23T15:12:33,https://www.city.osaka.lg.jp/contents/wdu290/opendata/dataset/data-00000408/2703_02-08_jyu-ki_taisyou.csv,,43,,,
,data-00000408,,,48193,active,2019-01-23T15:12:34,,各区町丁目別・男女別・各歳別人口及び世帯数（港区）,CSV,,,,,各区町丁目別・男女別・各歳別人口及び世帯数（港区）(平成26年9月末日現在),2019-01-23T15:12:33,https://www.city.osaka.lg.jp/contents/wdu290/opendata/dataset/data-00000408/2609_02-07_jyu-ki_minato.csv,,44,,,
,data-00000408,,,120130,active,2019-01-23T15:12:35,,各区町丁目別・男女別・各歳別人口及び世帯数（港区）,CSV,,,,,各区町丁目別・男女別・各歳別人口及び世帯数（港区）(平成27年3月末日現在),2019-01-23T15:12:33,https://www.city.osaka.lg.jp/contents/wdu290/opendata/dataset/data-00000408/2703_02-07_jyu-ki_minato.csv,,45,,,
,data-00000408,,,120717,active,2019-01-23T15:12:35,,各区町丁目別・男女別・各歳別人口及び世帯数（西区）,CSV,,,,,各区町丁目別・男女別・各歳別人口及び世帯数（西区）(平成27年3月末日現在),2019-01-23T15:12:33,https://www.city.osaka.lg.jp/contents/wdu290/opendata/dataset/data-00000408/2703_02-06_jyu-ki_nishi.csv,,46,,,
,data-00000408,,,49294,active,2019-01-23T15:12:34,,各区町丁目別・男女別・各歳別人口及び世帯数（西区）,CSV,,,,,各区町丁目別・男女別・各歳別人口及び世帯数（西区）(平成26年9月末日現在),2019-01-23T15:12:33,https://www.city.osaka.lg.jp/contents/wdu290/opendata/dataset/data-00000408/2609_02-06_jyu-ki_nishi.csv,,47,,,
,data-00000408,,,192999,active,2019-01-23T15:12:35,,各区町丁目別・男女別・各歳別人口及び世帯数（中央区）,CSV,,,,,各区町丁目別・男女別・各歳別人口及び世帯数（中央区）(平成27年3月末日現在),2019-01-23T15:12:33,https://www.city.osaka.lg.jp/contents/wdu290/opendata/dataset/data-00000408/2703_02-05_jyu-ki_chuou.csv,,48,,,
,data-00000408,,,121784,active,2019-01-23T15:12:34,,各区町丁目別・男女別・各歳別人口及び世帯数（中央区）,CSV,,,,,各区町丁目別・男女別・各歳別人口及び世帯数（中央区）(平成26年9月末日現在),2019-01-23T15:12:33,https://www.city.osaka.lg.jp/contents/wdu290/opendata/dataset/data-00000408/2609_02-05_jyu-ki_chuou.csv,,49,,,
,data-00000408,,,118398,active,2019-01-23T15:12:35,,各区町丁目別・男女別・各歳別人口及び世帯数（此花区）,CSV,,,,,各区町丁目別・男女別・各歳別人口及び世帯数（此花区）(平成27年3月末日現在),2019-01-23T15:12:33,https://www.city.osaka.lg.jp/contents/wdu290/opendata/dataset/data-00000408/2703_02-04_jyu-ki_konohana.csv,,50,,,
,data-00000408,,,44380,active,2019-01-23T15:12:34,,各区町丁目別・男女別・各歳別人口及び世帯数（此花区）,CSV,,,,,各区町丁目別・男女別・各歳別人口及び世帯数（此花区）(平成26年9月末日現在),2019-01-23T15:12:33,https://www.city.osaka.lg.jp/contents/wdu290/opendata/dataset/data-00000408/2609_02-04_jyu-ki_konohana.csv,,51,,,
,data-00000408,,,106386,active,2019-01-23T15:12:35,,各区町丁目別・男女別・各歳別人口及び世帯数（福島区）,CSV,,,,,各区町丁目別・男女別・各歳別人口及び世帯数（福島区）(平成27年3月末日現在),2019-01-23T15:12:33,https://www.city.osaka.lg.jp/contents/wdu290/opendata/dataset/data-00000408/2703_02-03_jyu-ki_fukushima.csv,,52,,,
,data-00000408,,,36441,active,2019-01-23T15:12:34,,各区町丁目別・男女別・各歳別人口及び世帯数（福島区）,CSV,,,,,各区町丁目別・男女別・各歳別人口及び世帯数（福島区）(平成26年9月末日現在),2019-01-23T15:12:33,https://www.city.osaka.lg.jp/contents/wdu290/opendata/dataset/data-00000408/2609_02-03_jyu-ki_fukushima.csv,,53,,,
,data-00000408,,,112748,active,2019-01-23T15:12:35,,各区町丁目別・男女別・各歳別人口及び世帯数（都島区）,CSV,,,,,各区町丁目別・男女別・各歳別人口及び世帯数（都島区）(平成27年3月末日現在),2019-01-23T15:12:33,https://www.city.osaka.lg.jp/contents/wdu290/opendata/dataset/data-00000408/2703_02-02_jyu-ki_miyakojima.csv,,54,,,
,data-00000408,,,42878,active,2019-01-23T15:12:34,,各区町丁目別・男女別・各歳別人口及び世帯数（都島区）,CSV,,,,,各区町丁目別・男女別・各歳別人口及び世帯数（都島区）(平成26年9月末日現在),2019-01-23T15:12:35,https://www.city.osaka.lg.jp/contents/wdu290/opendata/dataset/data-00000408/2609_02-02_jyu-ki_miyakojima.csv,,55,,,
,data-00000408,,,90833,active,2019-01-23T15:12:34,,各区町丁目別・男女別・各歳別人口及び世帯数（北区）,CSV,,,,,各区町丁目別・男女別・各歳別人口及び世帯数（北区）(平成26年9月末日現在),2019-01-23T15:12:32,https://www.city.osaka.lg.jp/contents/wdu290/opendata/dataset/data-00000408/2609_02-01_jyu-ki_kita.csv,,56,,,
,data-00000408,,,168956,active,2019-01-23T15:12:35,,各区町丁目別・男女別・各歳別人口及び世帯数（北区）,CSV,,,,,各区町丁目別・男女別・各歳別人口及び世帯数（北区）(平成27年3月末日現在),2019-01-23T15:12:32,https://www.city.osaka.lg.jp/contents/wdu290/opendata/dataset/data-00000408/2703_02-01_jyu-ki_kita.csv,,57,,,
,data-00000408,,,912,active,2019-01-23T15:12:35,,行政区別・男女別人口及び世帯数,CSV,,,,,行政区別・男女別人口及び世帯数(平成27年3月末日現在),2019-01-23T15:12:33,https://www.city.osaka.lg.jp/contents/wdu290/opendata/dataset/data-00000408/2703_01_syuusei_gyousei-danjo-setai.csv,,58,,,
,data-00000408,,,1009,active,2019-01-23T15:12:34,,行政区別・男女別人口及び世帯数,CSV,,,,,行政区別・男女別人口及び世帯数(平成26年9月末日現在),2019-01-23T15:12:33,https://www.city.osaka.lg.jp/contents/wdu290/opendata/dataset/data-00000408/2609_01_gyousei-danjo_setai.csv,,59,,,
,data-00000409,,,2662,active,2019-01-23T15:12:35,,外国人住民国籍別人口,CSV,,,,,外国人住民国籍別人口(平成27年9月末日現在),2019-01-23T15:12:33,https://www.city.osaka.lg.jp/contents/wdu290/opendata/dataset/data-00000409/2709_06_kokusekibetu.csv,,0,,,
,data-00000409,,,2688,active,2019-01-23T15:12:35,,外国人住民国籍別人口,CSV,,,,,外国人住民国籍別人口(平成28年3月末日現在),2019-01-23T15:12:33,https://www.city.osaka.lg.jp/contents/wdu290/opendata/dataset/data-00000409/2803_06_kokusekibetu.csv,,1,,,
,data-00000409,,,30512,active,2019-01-23T15:12:35,,行政区別・男女別・5歳階級別・外国人登録人口及び世帯数,CSV,,,,,行政区別・男女別・5歳階級別・外国人登録人口及び世帯数(平成27年9月末日現在),2019-01-23T15:12:33,https://www.city.osaka.lg.jp/contents/wdu290/opendata/dataset/data-00000409/2709_05_gyousei-danjo-5sai_gaikokujin-setai.csv,,2,,,
,data-00000409,,,30516,active,2019-01-23T15:12:35,,行政区別・男女別・5歳階級別・外国人登録人口及び世帯数,CSV,,,,,行政区別・男女別・5歳階級別・外国人登録人口及び世帯数(平成28年3月末日現在),2019-01-23T15:12:33,https://www.city.osaka.lg.jp/contents/wdu290/opendata/dataset/data-00000409/2803_05_gyousei-danjo-5sai_gaikokujin-setai.csv,,3,,,
,data-00000409,,,820,active,2019-01-23T15:12:35,,行政区別・男女別・外国人登録人口及び世帯数,CSV,,,,,行政区別・男女別・外国人登録人口及び世帯数(平成28年3月末日現在),2019-01-23T15:12:33,https://www.city.osaka.lg.jp/contents/wdu290/opendata/dataset/data-00000409/2803_04_gyousei-danjo_gaikokujin-setai.csv,,4,,,
,data-00000409,,,821,active,2019-01-23T15:12:35,,行政区別・男女別・外国人登録人口及び世帯数,CSV,,,,,行政区別・男女別・外国人登録人口及び世帯数(平成27年9月末日現在),2019-01-23T15:12:33,https://www.city.osaka.lg.jp/contents/wdu290/opendata/dataset/data-00000409/2709_04_gyousei-danjo_gaikokujin-setai.csv,,5,,,
,data-00000409,,,32962,active,2019-01-23T15:12:35,,行政区別・男女別・5歳階級別人口及び世帯数,CSV,,,,,行政区別・男女別・5歳階級別人口及び世帯数(平成27年9月末日現在),2019-01-23T15:12:33,https://www.city.osaka.lg.jp/contents/wdu290/opendata/dataset/data-00000409/2709_03_gyousei-danjo-5sai_setai.csv,,6,,,
,data-00000409,,,32966,active,2019-01-23T15:12:35,,行政区別・男女別・5歳階級別人口及び世帯数,CSV,,,,,行政区別・男女別・5歳階級別人口及び世帯数(平成27年12月末日現在),2019-01-23T15:12:33,https://www.city.osaka.lg.jp/contents/wdu290/opendata/dataset/data-00000409/2712_03_gyouseiku-danjo-5sai.csv,,7,,,
,data-00000409,,,32970,active,2019-01-23T15:12:35,,行政区別・男女別・5歳階級別人口及び世帯数,CSV,,,,,行政区別・男女別・5歳階級別人口及び世帯数(平成28年3月末日現在),2019-01-23T15:12:33,https://www.city.osaka.lg.jp/contents/wdu290/opendata/dataset/data-00000409/2803_03_gyousei-danjo-5sai_setai.csv,,8,,,
,data-00000409,,,32963,active,2019-01-23T15:12:35,,行政区別・男女別・5歳階級別人口及び世帯数,CSV,,,,,行政区別・男女別・5歳階級別人口及び世帯数(平成27年6月末日現在),2019-01-23T15:12:33,https://www.city.osaka.lg.jp/contents/wdu290/opendata/dataset/data-00000409/2706_03_gyouseiku-danjo-5sai.csv,,9,,,
,data-00000409,,,153587,active,2019-01-23T15:12:35,,各区町丁目別・男女別・各歳別人口及び世帯数（西成区）,CSV,,,,,各区町丁目別・男女別・各歳別人口及び世帯数（西成区）(平成28年3月末日現在),2019-01-23T15:12:33,https://www.city.osaka.lg.jp/contents/wdu290/opendata/dataset/data-00000409/2803_02-24_jyu-ki_nishinari.csv,,10,,,
,data-00000409,,,153680,active,2019-01-23T15:12:35,,各区町丁目別・男女別・各歳別人口及び世帯数（西成区）,CSV,,,,,各区町丁目別・男女別・各歳別人口及び世帯数（西成区）(平成27年9月末日現在),2019-01-23T15:12:33,https://www.city.osaka.lg.jp/contents/wdu290/opendata/dataset/data-00000409/2709_02-24_jyu-ki_nishinari.csv,,11,,,
,data-00000409,,,185356,active,2019-01-23T15:12:35,,各区町丁目別・男女別・各歳別人口及び世帯数（平野区）,CSV,,,,,各区町丁目別・男女別・各歳別人口及び世帯数（平野区）(平成27年9月末日現在),2019-01-23T15:12:33,https://www.city.osaka.lg.jp/contents/wdu290/opendata/dataset/data-00000409/2709_02-23_jyu-ki_hirano.csv,,12,,,
,data-00000409,,,185337,active,2019-01-23T15:12:35,,各区町丁目別・男女別・各歳別人口及び世帯数（平野区）,CSV,,,,,各区町丁目別・男女別・各歳別人口及び世帯数（平野区）(平成28年3月末日現在),2019-01-23T15:12:33,https://www.city.osaka.lg.jp/contents/wdu290/opendata/dataset/data-00000409/2803_02-23_jyu-ki_hirano.csv,,13,,,
,data-00000409,,,163670,active,2019-01-23T15:12:35,,各区町丁目別・男女別・各歳別人口及び世帯数（東住吉区）,CSV,,,,,各区町丁目別・男女別・各歳別人口及び世帯数（東住吉区）(平成27年9月末日現在),2019-01-23T15:12:33,https://www.city.osaka.lg.jp/contents/wdu290/opendata/dataset/data-00000409/2709_02-22_jyu-ki_higashisumiyoshi.csv,,14,,,
,data-00000409,,,163606,active,2019-01-23T15:12:35,,各区町丁目別・男女別・各歳別人口及び世帯数（東住吉区）,CSV,,,,,各区町丁目別・男女別・各歳別人口及び世帯数（東住吉区）(平成28年3月末日現在),2019-01-23T15:12:33,https://www.city.osaka.lg.jp/contents/wdu290/opendata/dataset/data-00000409/2803_02-22_jyu-ki_higashisumiyoshi.csv,,15,,,
,data-00000409,,,166624,active,2019-01-23T15:12:35,,各区町丁目別・男女別・各歳別人口及び世帯数（住吉区）,CSV,,,,,各区町丁目別・男女別・各歳別人口及び世帯数（住吉区）(平成27年9月末日現在),2019-01-23T15:12:33,https://www.city.osaka.lg.jp/contents/wdu290/opendata/dataset/data-00000409/2709_02-21_jyu-ki_sumiyoshi.csv,,16,,,
,data-00000409,,,166512,active,2019-01-23T15:12:35,,各区町丁目別・男女別・各歳別人口及び世帯数（住吉区）,CSV,,,,,各区町丁目別・男女別・各歳別人口及び世帯数（住吉区）(平成28年3月末日現在),2019-01-23T15:12:33,https://www.city.osaka.lg.jp/contents/wdu290/opendata/dataset/data-00000409/2803_02-21_jyu-ki_sumiyoshi.csv,,17,,,
,data-00000409,,,161704,active,2019-01-23T15:12:35,,各区町丁目別・男女別・各歳別人口及び世帯数（住之江区）,CSV,,,,,各区町丁目別・男女別・各歳別人口及び世帯数（住之江区）(平成28年3月末日現在),2019-01-23T15:12:33,https://www.city.osaka.lg.jp/contents/wdu290/opendata/dataset/data-00000409/2803_02-20_jyu-ki_suminoe.csv,,18,,,
,data-00000409,,,161746,active,2019-01-23T15:12:35,,各区町丁目別・男女別・各歳別人口及び世帯数（住之江区）,CSV,,,,,各区町丁目別・男女別・各歳別人口及び世帯数（住之江区）(平成27年9月末日現在),2019-01-23T15:12:33,https://www.city.osaka.lg.jp/contents/wdu290/opendata/dataset/data-00000409/2709_02-20_jyu-ki_suminoe.csv,,19,,,
,data-00000409,,,147865,active,2019-01-23T15:12:35,,各区町丁目別・男女別・各歳別人口及び世帯数（阿倍野区）,CSV,,,,,各区町丁目別・男女別・各歳別人口及び世帯数（阿倍野区）(平成27年9月末日現在),2019-01-23T15:12:33,https://www.city.osaka.lg.jp/contents/wdu290/opendata/dataset/data-00000409/2709_02-19_jyu-ki_abeno.csv,,20,,,
,data-00000409,,,147922,active,2019-01-23T15:12:35,,各区町丁目別・男女別・各歳別人口及び世帯数（阿倍野区）,CSV,,,,,各区町丁目別・男女別・各歳別人口及び世帯数（阿倍野区）(平成28年3月末日現在),2019-01-23T15:12:33,https://www.city.osaka.lg.jp/contents/wdu290/opendata/dataset/data-00000409/2803_02-19_jyu-ki_abeno.csv,,21,,,
,data-00000409,,,143800,active,2019-01-23T15:12:35,,各区町丁目別・男女別・各歳別人口及び世帯数（鶴見区）,CSV,,,,,各区町丁目別・男女別・各歳別人口及び世帯数（鶴見区）(平成28年3月末日現在),2019-01-23T15:12:33,https://www.city.osaka.lg.jp/contents/wdu290/opendata/dataset/data-00000409/2803_02-18_jyu-ki_turumi.csv,,22,,,
,data-00000409,,,143714,active,2019-01-23T15:12:35,,各区町丁目別・男女別・各歳別人口及び世帯数（鶴見区）,CSV,,,,,各区町丁目別・男女別・各歳別人口及び世帯数（鶴見区）(平成27年9月末日現在),2019-01-23T15:12:33,https://www.city.osaka.lg.jp/contents/wdu290/opendata/dataset/data-00000409/2709_02-18_jyu-ki_turumi.csv,,23,,,
,data-00000409,,,155232,active,2019-01-23T15:12:35,,各区町丁目別・男女別・各歳別人口及び世帯数（城東区）,CSV,,,,,各区町丁目別・男女別・各歳別人口及び世帯数（城東区）(平成27年9月末日現在),2019-01-23T15:12:33,https://www.city.osaka.lg.jp/contents/wdu290/opendata/dataset/data-00000409/2709_02-17_jyu-ki_jyoutou.csv,,24,,,
,data-00000409,,,155273,active,2019-01-23T15:12:35,,各区町丁目別・男女別・各歳別人口及び世帯数（城東区）,CSV,,,,,各区町丁目別・男女別・各歳別人口及び世帯数（城東区）(平成28年3月末日現在),2019-01-23T15:12:33,https://www.city.osaka.lg.jp/contents/wdu290/opendata/dataset/data-00000409/2803_02-17_jyu-ki_jyoutou.csv,,25,,,
,data-00000409,,,137224,active,2019-01-23T15:12:35,,各区町丁目別・男女別・各歳別人口及び世帯数（旭区）,CSV,,,,,各区町丁目別・男女別・各歳別人口及び世帯数（旭区）(平成27年9月末日現在),2019-01-23T15:12:33,https://www.city.osaka.lg.jp/contents/wdu290/opendata/dataset/data-00000409/2709_02-16_jyu-ki_asahi.csv,,26,,,
,data-00000409,,,137197,active,2019-01-23T15:12:35,,各区町丁目別・男女別・各歳別人口及び世帯数（旭区）,CSV,,,,,各区町丁目別・男女別・各歳別人口及び世帯数（旭区）(平成28年3月末日現在),2019-01-23T15:12:33,https://www.city.osaka.lg.jp/contents/wdu290/opendata/dataset/data-00000409/2803_02-16_jyu-ki_asahi.csv,,27,,,
,data-00000409,,,158673,active,2019-01-23T15:12:35,,各区町丁目別・男女別・各歳別人口及び世帯数（生野区）,CSV,,,,,各区町丁目別・男女別・各歳別人口及び世帯数（生野区）(平成28年3月末日現在),2019-01-23T15:12:33,https://www.city.osaka.lg.jp/contents/wdu290/opendata/dataset/data-00000409/2803_02-15_jyu-ki_ikuno.csv,,28,,,
,data-00000409,,,158814,active,2019-01-23T15:12:35,,各区町丁目別・男女別・各歳別人口及び世帯数（生野区）,CSV,,,,,各区町丁目別・男女別・各歳別人口及び世帯数（生野区）(平成27年9月末日現在),2019-01-23T15:12:33,https://www.city.osaka.lg.jp/contents/wdu290/opendata/dataset/data-00000409/2709_02-15_jyu-ki_ikuno.csv,,29,,,
,data-00000409,,,136248,active,2019-01-23T15:12:35,,各区町丁目別・男女別・各歳別人口及び世帯数（東成区）,CSV,,,,,各区町丁目別・男女別・各歳別人口及び世帯数（東成区）(平成27年9月末日現在),2019-01-23T15:12:33,https://www.city.osaka.lg.jp/contents/wdu290/opendata/dataset/data-00000409/2709_02-14_jyu-ki_higashinari.csv,,30,,,
,data-00000409,,,136296,active,2019-01-23T15:12:35,,各区町丁目別・男女別・各歳別人口及び世帯数（東成区）,CSV,,,,,各区町丁目別・男女別・各歳別人口及び世帯数（東成区）(平成28年3月末日現在),2019-01-23T15:12:33,https://www.city.osaka.lg.jp/contents/wdu290/opendata/dataset/data-00000409/2803_02-14_jyu-ki_higashinari.csv,,31,,,
,data-00000409,,,160304,active,2019-01-23T15:12:35,,各区町丁目別・男女別・各歳別人口及び世帯数（東淀川区）,CSV,,,,,各区町丁目別・男女別・各歳別人口及び世帯数（東淀川区）(平成27年9月末日現在),2019-01-23T15:12:33,https://www.city.osaka.lg.jp/contents/wdu290/opendata/dataset/data-00000409/2709_02-13_jyu-ki_higashiyodogawa.csv,,32,,,
,data-00000409,,,160402,active,2019-01-23T15:12:35,,各区町丁目別・男女別・各歳別人口及び世帯数（東淀川区）,CSV,,,,,各区町丁目別・男女別・各歳別人口及び世帯数（東淀川区）(平成28年3月末日現在),2019-01-23T15:12:33,https://www.city.osaka.lg.jp/contents/wdu290/opendata/dataset/data-00000409/2803_02-13_jyu-ki_higashiyodogawa.csv,,33,,,
,data-00000409,,,160635,active,2019-01-23T15:12:35,,各区町丁目別・男女別・各歳別人口及び世帯数（淀川区）,CSV,,,,,各区町丁目別・男女別・各歳別人口及び世帯数（淀川区）(平成27年9月末日現在),2019-01-23T15:12:35,https://www.city.osaka.lg.jp/contents/wdu290/opendata/dataset/data-00000409/2709_02-12_jyu-ki_yodogawa.csv,,34,,,
,data-00000409,,,160718,active,2019-01-23T15:12:35,,各区町丁目別・男女別・各歳別人口及び世帯数（淀川区）,CSV,,,,,各区町丁目別・男女別・各歳別人口及び世帯数（淀川区）(平成28年3月末日現在),2019-01-23T15:12:35,https://www.city.osaka.lg.jp/contents/wdu290/opendata/dataset/data-00000409/2803_02-12_jyu-ki_yodogawa.csv,,35,,,
,data-00000409,,,144107,active,2019-01-23T15:12:35,,各区町丁目別・男女別・各歳別人口及び世帯数（西淀川区）,CSV,,,,,各区町丁目別・男女別・各歳別人口及び世帯数（西淀川区）(平成28年3月末日現在),2019-01-23T15:12:33,https://www.city.osaka.lg.jp/contents/wdu290/opendata/dataset/data-00000409/2803_02-11_jyu-ki_nishiyodogawa.csv,,36,,,
,data-00000409,,,144127,active,2019-01-23T15:12:35,,各区町丁目別・男女別・各歳別人口及び世帯数（西淀川区）,CSV,,,,,各区町丁目別・男女別・各歳別人口及び世帯数（西淀川区）(平成27年9月末日現在),2019-01-23T15:12:33,https://www.city.osaka.lg.jp/contents/wdu290/opendata/dataset/data-00000409/2709_02-11_jyu-ki_nishiyodogawa.csv,,37,,,
,data-00000409,,,140728,active,2019-01-23T15:12:35,,各区町丁目別・男女別・各歳別人口及び世帯数（浪速区）,CSV,,,,,各区町丁目別・男女別・各歳別人口及び世帯数（浪速区）(平成28年3月末日現在),2019-01-23T15:12:33,https://www.city.osaka.lg.jp/contents/wdu290/opendata/dataset/data-00000409/2803_02-10_jyu-ki_naniwa.csv,,38,,,
,data-00000409,,,140655,active,2019-01-23T15:12:35,,各区町丁目別・男女別・各歳別人口及び世帯数（浪速区）,CSV,,,,,各区町丁目別・男女別・各歳別人口及び世帯数（浪速区）(平成27年9月末日現在),2019-01-23T15:12:33,https://www.city.osaka.lg.jp/contents/wdu290/opendata/dataset/data-00000409/2709_02-10_jyu-ki_naniwa.csv,,39,,,
,data-00000409,,,144456,active,2019-01-23T15:12:35,,各区町丁目別・男女別・各歳別人口及び世帯数（天王寺区）,CSV,,,,,各区町丁目別・男女別・各歳別人口及び世帯数（天王寺区）(平成28年3月末日現在),2019-01-23T15:12:33,https://www.city.osaka.lg.jp/contents/wdu290/opendata/dataset/data-00000409/2803_02-09_jyu-ki_tennouji.csv,,40,,,
,data-00000409,,,144454,active,2019-01-23T15:12:35,,各区町丁目別・男女別・各歳別人口及び世帯数（天王寺区）,CSV,,,,,各区町丁目別・男女別・各歳別人口及び世帯数（天王寺区）(平成27年9月末日現在),2019-01-23T15:12:33,https://www.city.osaka.lg.jp/contents/wdu290/opendata/dataset/data-00000409/2709_02-09_jyu-ki_tennouji.csv,,41,,,
,data-00000409,,,136278,active,2019-01-23T15:12:35,,各区町丁目別・男女別・各歳別人口及び世帯数（大正区）,CSV,,,,,各区町丁目別・男女別・各歳別人口及び世帯数（大正区）(平成28年3月末日現在),2019-01-23T15:12:33,https://www.city.osaka.lg.jp/contents/wdu290/opendata/dataset/data-00000409/2803_02-08_jyu-ki_taisyou.csv,,42,,,
,data-00000409,,,136336,active,2019-01-23T15:12:35,,各区町丁目別・男女別・各歳別人口及び世帯数（大正区）,CSV,,,,,各区町丁目別・男女別・各歳別人口及び世帯数（大正区）(平成27年9月末日現在),2019-01-23T15:12:33,https://www.city.osaka.lg.jp/contents/wdu290/opendata/dataset/data-00000409/2709_02-08_jyu-ki_taisyou.csv,,43,,,
,data-00000409,,,120130,active,2019-01-23T15:12:35,,各区町丁目別・男女別・各歳別人口及び世帯数（港区）,CSV,,,,,各区町丁目別・男女別・各歳別人口及び世帯数（港区）(平成28年3月末日現在),2019-01-23T15:12:33,https://www.city.osaka.lg.jp/contents/wdu290/opendata/dataset/data-00000409/2803_02-07_jyu-ki_minato.csv,,44,,,
,data-00000409,,,141364,active,2019-01-23T15:12:35,,各区町丁目別・男女別・各歳別人口及び世帯数（港区）,CSV,,,,,各区町丁目別・男女別・各歳別人口及び世帯数（港区）(平成27年9月末日現在),2019-01-23T15:12:33,https://www.city.osaka.lg.jp/contents/wdu290/opendata/dataset/data-00000409/2709_02-07_jyu-ki_minato.csv,,45,,,
,data-00000409,,,141775,active,2019-01-23T15:12:35,,各区町丁目別・男女別・各歳別人口及び世帯数（西区）,CSV,,,,,各区町丁目別・男女別・各歳別人口及び世帯数（西区）(平成27年9月末日現在),2019-01-23T15:12:33,https://www.city.osaka.lg.jp/contents/wdu290/opendata/dataset/data-00000409/2709_02-06_jyu-ki_nishi.csv,,46,,,
,data-00000409,,,141850,active,2019-01-23T15:12:35,,各区町丁目別・男女別・各歳別人口及び世帯数（西区）,CSV,,,,,各区町丁目別・男女別・各歳別人口及び世帯数（西区）(平成28年3月末日現在),2019-01-23T15:12:33,https://www.city.osaka.lg.jp/contents/wdu290/opendata/dataset/data-00000409/2803_02-06_jyu-ki_nishi.csv,,47,,,
,data-00000409,,,193097,active,2019-01-23T15:12:35,,各区町丁目別・男女別・各歳別人口及び世帯数（中央区）,CSV,,,,,各区町丁目別・男女別・各歳別人口及び世帯数（中央区）(平成27年9月末日現在),2019-01-23T15:12:33,https://www.city.osaka.lg.jp/contents/wdu290/opendata/dataset/data-00000409/2709_02-05_jyu-ki_chuou.csv,,48,,,
,data-00000409,,,193249,active,2019-01-23T15:12:35,,各区町丁目別・男女別・各歳別人口及び世帯数（中央区）,CSV,,,,,各区町丁目別・男女別・各歳別人口及び世帯数（中央区）(平成28年3月末日現在),2019-01-23T15:12:33,https://www.city.osaka.lg.jp/contents/wdu290/opendata/dataset/data-00000409/2803_02-05_jyu-ki_chuou.csv,,49,,,
,data-00000409,,,139617,active,2019-01-23T15:12:35,,各区町丁目別・男女別・各歳別人口及び世帯数（此花区）,CSV,,,,,各区町丁目別・男女別・各歳別人口及び世帯数（此花区）(平成28年3月末日現在),2019-01-23T15:12:33,https://www.city.osaka.lg.jp/contents/wdu290/opendata/dataset/data-00000409/2803_02-04_jyu-ki_konohana.csv,,50,,,
,data-00000409,,,139612,active,2019-01-23T15:12:35,,各区町丁目別・男女別・各歳別人口及び世帯数（此花区）,CSV,,,,,各区町丁目別・男女別・各歳別人口及び世帯数（此花区）(平成27年9月末日現在),2019-01-23T15:12:33,https://www.city.osaka.lg.jp/contents/wdu290/opendata/dataset/data-00000409/2709_02-04_jyu-ki_konohana.csv,,51,,,
,data-00000409,,,133296,active,2019-01-23T15:12:35,,各区町丁目別・男女別・各歳別人口及び世帯数（福島区）,CSV,,,,,各区町丁目別・男女別・各歳別人口及び世帯数（福島区）(平成28年3月末日現在),2019-01-23T15:12:33,https://www.city.osaka.lg.jp/contents/wdu290/opendata/dataset/data-00000409/2803_02-03_jyu-ki_fukushima.csv,,52,,,
,data-00000409,,,133229,active,2019-01-23T15:12:35,,各区町丁目別・男女別・各歳別人口及び世帯数（福島区）,CSV,,,,,各区町丁目別・男女別・各歳別人口及び世帯数（福島区）(平成27年9月末日現在),2019-01-23T15:12:33,https://www.city.osaka.lg.jp/contents/wdu290/opendata/dataset/data-00000409/2709_02-03_jyu-ki_fukushima.csv,,53,,,
,data-00000409,,,137626,active,2019-01-23T15:12:35,,各区町丁目別・男女別・各歳別人口及び世帯数（都島区）,CSV,,,,,各区町丁目別・男女別・各歳別人口及び世帯数（都島区）(平成28年3月末日現在),2019-01-23T15:12:33,https://www.city.osaka.lg.jp/contents/wdu290/opendata/dataset/data-00000409/2803_02-02_jyu-ki_miyakojima.csv,,54,,,
,data-00000409,,,137602,active,2019-01-23T15:12:35,,各区町丁目別・男女別・各歳別人口及び世帯数（都島区）,CSV,,,,,各区町丁目別・男女別・各歳別人口及び世帯数（都島区）(平成27年9月末日現在),2019-01-23T15:12:35,https://www.city.osaka.lg.jp/contents/wdu290/opendata/dataset/data-00000409/2709_02-02_jyu-ki_miyakojima.csv,,55,,,
,data-00000409,,,169154,active,2019-01-23T15:12:35,,各区町丁目別・男女別・各歳別人口及び世帯数（北区）,CSV,,,,,各区町丁目別・男女別・各歳別人口及び世帯数（北区）(平成27年9月末日現在),2019-01-23T15:12:32,https://www.city.osaka.lg.jp/contents/wdu290/opendata/dataset/data-00000409/2709_02-01_jyu-ki_kita.csv,,56,,,
,data-00000409,,,169224,active,2019-01-23T15:12:35,,各区町丁目別・男女別・各歳別人口及び世帯数（北区）,CSV,,,,,各区町丁目別・男女別・各歳別人口及び世帯数（北区）(平成28年3月末日現在),2019-01-23T15:12:32,https://www.city.osaka.lg.jp/contents/wdu290/opendata/dataset/data-00000409/2803_02-01_jyu-ki_kita.csv,,57,,,
,data-00000409,,,912,active,2019-01-23T15:12:35,,行政区別・男女別人口及び世帯数,CSV,,,,,行政区別・男女別人口及び世帯数(平成27年9月末日現在),2019-01-23T15:12:33,https://www.city.osaka.lg.jp/contents/wdu290/opendata/dataset/data-00000409/2709_01_gyousei-danjo-setai.csv,,58,,,
,data-00000409,,,912,active,2019-01-23T15:12:35,,行政区別・男女別人口及び世帯数,CSV,,,,,行政区別・男女別人口及び世帯数(平成28年3月末日現在),2019-01-23T15:12:33,https://www.city.osaka.lg.jp/contents/wdu290/opendata/dataset/data-00000409/2803_01_gyousei-danjo-setai.csv,,59,,,
,data-00000410,,,2747,active,2019-01-23T15:12:35,,外国人住民国籍別人口,CSV,,,,,外国人住民国籍別人口(平成29年3月末日現在),2019-01-23T15:12:33,https://www.city.osaka.lg.jp/contents/wdu290/opendata/dataset/data-00000410/2903_06_kokusekibetu.csv,,0,,,
,data-00000410,,,2726,active,2019-01-23T15:12:35,,外国人住民国籍別人口,CSV,,,,,外国人住民国籍別人口(平成28年9月末日現在),2019-01-23T15:12:33,https://www.city.osaka.lg.jp/contents/wdu290/opendata/dataset/data-00000410/2809_06_kokusekibetu.csv,,1,,,
,data-00000410,,,30551,active,2019-01-23T15:12:35,,行政区別・男女別・5歳階級別・外国人登録人口及び世帯数,CSV,,,,,行政区別・男女別・5歳階級別・外国人登録人口及び世帯数(平成29年3月末日現在),2019-01-23T15:12:33,https://www.city.osaka.lg.jp/contents/wdu290/opendata/dataset/data-00000410/2903_05_gyousei-danjo-5sai_gaikokujin-setai.csv,,2,,,
,data-00000410,,,30534,active,2019-01-23T15:12:35,,行政区別・男女別・5歳階級別・外国人登録人口及び世帯数,CSV,,,,,行政区別・男女別・5歳階級別・外国人登録人口及び世帯数(平成28年9月末日現在),2019-01-23T15:12:33,https://www.city.osaka.lg.jp/contents/wdu290/opendata/dataset/data-00000410/2809_05_gyousei-danjo-5sai_gaikokujin-setai.csv,,3,,,
,data-00000410,,,821,active,2019-01-23T15:12:35,,行政区別・男女別・外国人登録人口及び世帯数,CSV,,,,,行政区別・男女別・外国人登録人口及び世帯数(平成28年9月末日現在),2019-01-23T15:12:33,https://www.city.osaka.lg.jp/contents/wdu290/opendata/dataset/data-00000410/2809_04_gyousei-danjo_gaikokujin-setai.csv,,4,,,
,data-00000410,,,822,active,2019-01-23T15:12:35,,行政区別・男女別・外国人登録人口及び世帯数,CSV,,,,,行政区別・男女別・外国人登録人口及び世帯数(平成29年3月末日現在),2019-01-23T15:12:33,https://www.city.osaka.lg.jp/contents/wdu290/opendata/dataset/data-00000410/2903_04_gyousei-danjo_gaikokujin-setai.csv,,5,,,
,data-00000410,,,32970,active,2019-01-23T15:12:35,,行政区別・男女別・5歳階級別人口及び世帯数,CSV,,,,,行政区別・男女別・5歳階級別人口及び世帯数(平成28年9月末日現在),2019-01-23T15:12:33,https://www.city.osaka.lg.jp/contents/wdu290/opendata/dataset/data-00000410/2809_03_gyousei-danjo-5sai_setai.csv,,6,,,
,data-00000410,,,32972,active,2019-01-23T15:12:35,,行政区別・男女別・5歳階級別人口及び世帯数,CSV,,,,,行政区別・男女別・5歳階級別人口及び世帯数(平成28年6月末日現在),2019-01-23T15:12:33,https://www.city.osaka.lg.jp/contents/wdu290/opendata/dataset/data-00000410/2806_03_gyouseiku-danjo-5sai.csv,,7,,,
,data-00000410,,,32971,active,2019-01-23T15:12:35,,行政区別・男女別・5歳階級別人口及び世帯数,CSV,,,,,行政区別・男女別・5歳階級別人口及び世帯数(平成28年12月末日現在),2019-01-23T15:12:33,https://www.city.osaka.lg.jp/contents/wdu290/opendata/dataset/data-00000410/2812_03_gyouseiku-danjo-5sai.csv,,8,,,
,data-00000410,,,32973,active,2019-01-23T15:12:35,,行政区別・男女別・5歳階級別人口及び世帯数,CSV,,,,,行政区別・男女別・5歳階級別人口及び世帯数(平成29年3月末日現在),2019-01-23T15:12:33,https://www.city.osaka.lg.jp/contents/wdu290/opendata/dataset/data-00000410/2903_03_gyousei-danjo-5sai_setai.csv,,9,,,
,data-00000410,,,153611,active,2019-01-23T15:12:35,,各区町丁目別・男女別・各歳別人口及び世帯数（西成区）,CSV,,,,,各区町丁目別・男女別・各歳別人口及び世帯数（西成区）(平成28年9月末日現在),2019-01-23T15:12:33,https://www.city.osaka.lg.jp/contents/wdu290/opendata/dataset/data-00000410/2809_02-24_jyu-ki_nishinari.csv,,10,,,
,data-00000410,,,153607,active,2019-01-23T15:12:35,,各区町丁目別・男女別・各歳別人口及び世帯数（西成区）,CSV,,,,,各区町丁目別・男女別・各歳別人口及び世帯数（西成区）(平成29年3月末日現在),2019-01-23T15:12:33,https://www.city.osaka.lg.jp/contents/wdu290/opendata/dataset/data-00000410/2903_02-24_jyu-ki_nishinari.csv,,11,,,
,data-00000410,,,185265,active,2019-01-23T15:12:35,,各区町丁目別・男女別・各歳別人口及び世帯数（平野区）,CSV,,,,,各区町丁目別・男女別・各歳別人口及び世帯数（平野区）(平成28年9月末日現在),2019-01-23T15:12:33,https://www.city.osaka.lg.jp/contents/wdu290/opendata/dataset/data-00000410/2809_02-23_jyu-ki_hirano.csv,,12,,,
,data-00000410,,,185303,active,2019-01-23T15:12:35,,各区町丁目別・男女別・各歳別人口及び世帯数（平野区）,CSV,,,,,各区町丁目別・男女別・各歳別人口及び世帯数（平野区）(平成29年3月末日現在),2019-01-23T15:12:33,https://www.city.osaka.lg.jp/contents/wdu290/opendata/dataset/data-00000410/2903_02-23_jyu-ki_hirano.csv,,13,,,
,data-00000410,,,163643,active,2019-01-23T15:12:35,,各区町丁目別・男女別・各歳別人口及び世帯数（東住吉区）,CSV,,,,,各区町丁目別・男女別・各歳別人口及び世帯数（東住吉区）(平成28年9月末日現在),2019-01-23T15:12:33,https://www.city.osaka.lg.jp/contents/wdu290/opendata/dataset/data-00000410/2809_02-22_jyu-ki_higashisumiyoshi.csv,,14,,,
,data-00000410,,,163576,active,2019-01-23T15:12:35,,各区町丁目別・男女別・各歳別人口及び世帯数（東住吉区）,CSV,,,,,各区町丁目別・男女別・各歳別人口及び世帯数（東住吉区）(平成29年3月末日現在),2019-01-23T15:12:33,https://www.city.osaka.lg.jp/contents/wdu290/opendata/dataset/data-00000410/2903_02-22_jyu-ki_higashisumiyoshi.csv,,15,,,
,data-00000410,,,166569,active,2019-01-23T15:12:35,,各区町丁目別・男女別・各歳別人口及び世帯数（住吉区）,CSV,,,,,各区町丁目別・男女別・各歳別人口及び世帯数（住吉区）(平成28年9月末日現在),2019-01-23T15:12:33,https://www.city.osaka.lg.jp/contents/wdu290/opendata/dataset/data-00000410/2809_02-21_jyu-ki_sumiyoshi.csv,,16,,,
,data-00000410,,,166485,active,2019-01-23T15:12:35,,各区町丁目別・男女別・各歳別人口及び世帯数（住吉区）,CSV,,,,,各区町丁目別・男女別・各歳別人口及び世帯数（住吉区）(平成29年3月末日現在),2019-01-23T15:12:33,https://www.city.osaka.lg.jp/contents/wdu290/opendata/dataset/data-00000410/2903_02-21_jyu-ki_sumiyoshi.csv,,17,,,
,data-00000410,,,161734,active,2019-01-23T15:12:35,,各区町丁目別・男女別・各歳別人口及び世帯数（住之江区）,CSV,,,,,各区町丁目別・男女別・各歳別人口及び世帯数（住之江区）(平成29年3月末日現在),2019-01-23T15:12:33,https://www.city.osaka.lg.jp/contents/wdu290/opendata/dataset/data-00000410/2903_02-20_jyu-ki_suminoe.csv,,18,,,
,data-00000410,,,161670,active,2019-01-23T15:12:35,,各区町丁目別・男女別・各歳別人口及び世帯数（住之江区）,CSV,,,,,各区町丁目別・男女別・各歳別人口及び世帯数（住之江区）(平成28年9月末日現在),2019-01-23T15:12:33,https://www.city.osaka.lg.jp/contents/wdu290/opendata/dataset/data-00000410/2809_02-20_jyu-ki_suminoe.csv,,19,,,
,data-00000410,,,147972,active,2019-01-23T15:12:35,,各区町丁目別・男女別・各歳別人口及び世帯数（阿倍野区）,CSV,,,,,各区町丁目別・男女別・各歳別人口及び世帯数（阿倍野区）(平成29年3月末日現在),2019-01-23T15:12:33,https://www.city.osaka.lg.jp/contents/wdu290/opendata/dataset/data-00000410/2903_02-19_jyu-ki_abeno.csv,,20,,,
,data-00000410,,,147970,active,2019-01-23T15:12:35,,各区町丁目別・男女別・各歳別人口及び世帯数（阿倍野区）,CSV,,,,,各区町丁目別・男女別・各歳別人口及び世帯数（阿倍野区）(平成28年9月末日現在),2019-01-23T15:12:33,https://www.city.osaka.lg.jp/contents/wdu290/opendata/dataset/data-00000410/2809_02-19_jyu-ki_abeno.csv,,21,,,
,data-00000410,,,143811,active,2019-01-23T15:12:35,,各区町丁目別・男女別・各歳別人口及び世帯数（鶴見区）,CSV,,,,,各区町丁目別・男女別・各歳別人口及び世帯数（鶴見区）(平成29年3月末日現在),2019-01-23T15:12:33,https://www.city.osaka.lg.jp/contents/wdu290/opendata/dataset/data-00000410/2903_02-18_jyu-ki_turumi.csv,,22,,,
,data-00000410,,,143756,active,2019-01-23T15:12:35,,各区町丁目別・男女別・各歳別人口及び世帯数（鶴見区）,CSV,,,,,各区町丁目別・男女別・各歳別人口及び世帯数（鶴見区）(平成28年9月末日現在),2019-01-23T15:12:33,https://www.city.osaka.lg.jp/contents/wdu290/opendata/dataset/data-00000410/2809_02-18_jyu-ki_turumi.csv,,23,,,
,data-00000410,,,155321,active,2019-01-23T15:12:35,,各区町丁目別・男女別・各歳別人口及び世帯数（城東区）,CSV,,,,,各区町丁目別・男女別・各歳別人口及び世帯数（城東区）(平成29年3月末日現在),2019-01-23T15:12:33,https://www.city.osaka.lg.jp/contents/wdu290/opendata/dataset/data-00000410/2903_02-17_jyu-ki_jyoutou.csv,,24,,,
,data-00000410,,,155326,active,2019-01-23T15:12:35,,各区町丁目別・男女別・各歳別人口及び世帯数（城東区）,CSV,,,,,各区町丁目別・男女別・各歳別人口及び世帯数（城東区）(平成28年9月末日現在),2019-01-23T15:12:33,https://www.city.osaka.lg.jp/contents/wdu290/opendata/dataset/data-00000410/2809_02-17_jyu-ki_jyoutou.csv,,25,,,
,data-00000410,,,137195,active,2019-01-23T15:12:35,,各区町丁目別・男女別・各歳別人口及び世帯数（旭区）,CSV,,,,,各区町丁目別・男女別・各歳別人口及び世帯数（旭区）(平成29年3月末日現在),2019-01-23T15:12:33,https://www.city.osaka.lg.jp/contents/wdu290/opendata/dataset/data-00000410/2903_02-16_jyu-ki_asahi.csv,,26,,,
,data-00000410,,,137236,active,2019-01-23T15:12:35,,各区町丁目別・男女別・各歳別人口及び世帯数（旭区）,CSV,,,,,各区町丁目別・男女別・各歳別人口及び世帯数（旭区）(平成28年9月末日現在),2019-01-23T15:12:33,https://www.city.osaka.lg.jp/contents/wdu290/opendata/dataset/data-00000410/2809_02-16_jyu-ki_asahi.csv,,27,,,
,data-00000410,,,158776,active,2019-01-23T15:12:35,,各区町丁目別・男女別・各歳別人口及び世帯数（生野区）,CSV,,,,,各区町丁目別・男女別・各歳別人口及び世帯数（生野区）(平成28年9月末日現在),2019-01-23T15:12:33,https://www.city.osaka.lg.jp/contents/wdu290/opendata/dataset/data-00000410/2809_02-15_jyu-ki_ikuno.csv,,28,,,
,data-00000410,,,158672,active,2019-01-23T15:12:35,,各区町丁目別・男女別・各歳別人口及び世帯数（生野区）,CSV,,,,,各区町丁目別・男女別・各歳別人口及び世帯数（生野区）(平成29年3月末日現在),2019-01-23T15:12:33,https://www.city.osaka.lg.jp/contents/wdu290/opendata/dataset/data-00000410/2903_02-15_jyu-ki_ikuno.csv,,29,,,
,data-00000410,,,136403,active,2019-01-23T15:12:35,,各区町丁目別・男女別・各歳別人口及び世帯数（東成区）,CSV,,,,,各区町丁目別・男女別・各歳別人口及び世帯数（東成区）(平成29年3月末日現在),2019-01-23T15:12:33,https://www.city.osaka.lg.jp/contents/wdu290/opendata/dataset/data-00000410/2903_02-14_jyu-ki_higashinari.csv,,30,,,
,data-00000410,,,136299,active,2019-01-23T15:12:35,,各区町丁目別・男女別・各歳別人口及び世帯数（東成区）,CSV,,,,,各区町丁目別・男女別・各歳別人口及び世帯数（東成区）(平成28年9月末日現在),2019-01-23T15:12:33,https://www.city.osaka.lg.jp/contents/wdu290/opendata/dataset/data-00000410/2809_02-14_jyu-ki_higashinari.csv,,31,,,
,data-00000410,,,160377,active,2019-01-23T15:12:35,,各区町丁目別・男女別・各歳別人口及び世帯数（東淀川区）,CSV,,,,,各区町丁目別・男女別・各歳別人口及び世帯数（東淀川区）(平成29年3月末日現在),2019-01-23T15:12:33,https://www.city.osaka.lg.jp/contents/wdu290/opendata/dataset/data-00000410/2903_02-13_jyu-ki_higashiyodogawa.csv,,32,,,
,data-00000410,,,160330,active,2019-01-23T15:12:35,,各区町丁目別・男女別・各歳別人口及び世帯数（東淀川区）,CSV,,,,,各区町丁目別・男女別・各歳別人口及び世帯数（東淀川区）(平成28年9月末日現在),2019-01-23T15:12:33,https://www.city.osaka.lg.jp/contents/wdu290/opendata/dataset/data-00000410/2809_02-13_jyu-ki_higashiyodogawa.csv,,33,,,
,data-00000410,,,160746,active,2019-01-23T15:12:35,,各区町丁目別・男女別・各歳別人口及び世帯数（淀川区）,CSV,,,,,各区町丁目別・男女別・各歳別人口及び世帯数（淀川区）(平成28年9月末日現在),2019-01-23T15:12:35,https://www.city.osaka.lg.jp/contents/wdu290/opendata/dataset/data-00000410/2809_02-12_jyu-ki_yodogawa.csv,,34,,,
,data-00000410,,,160850,active,2019-01-23T15:12:35,,各区町丁目別・男女別・各歳別人口及び世帯数（淀川区）,CSV,,,,,各区町丁目別・男女別・各歳別人口及び世帯数（淀川区）(平成29年3月末日現在),2019-01-23T15:12:35,https://www.city.osaka.lg.jp/contents/wdu290/opendata/dataset/data-00000410/2903_02-12_jyu-ki_yodogawa.csv,,35,,,
,data-00000410,,,144110,active,2019-01-23T15:12:35,,各区町丁目別・男女別・各歳別人口及び世帯数（西淀川区）,CSV,,,,,各区町丁目別・男女別・各歳別人口及び世帯数（西淀川区）(平成29年3月末日現在),2019-01-23T15:12:33,https://www.city.osaka.lg.jp/contents/wdu290/opendata/dataset/data-00000410/2903_02-11_jyu-ki_nishiyodogawa.csv,,36,,,
,data-00000410,,,144098,active,2019-01-23T15:12:35,,各区町丁目別・男女別・各歳別人口及び世帯数（西淀川区）,CSV,,,,,各区町丁目別・男女別・各歳別人口及び世帯数（西淀川区）(平成28年9月末日現在),2019-01-23T15:12:33,https://www.city.osaka.lg.jp/contents/wdu290/opendata/dataset/data-00000410/2809_02-11_jyu-ki_nishiyodogawa.csv,,37,,,
,data-00000410,,,140736,active,2019-01-23T15:12:35,,各区町丁目別・男女別・各歳別人口及び世帯数（浪速区）,CSV,,,,,各区町丁目別・男女別・各歳別人口及び世帯数（浪速区）(平成28年9月末日現在),2019-01-23T15:12:33,https://www.city.osaka.lg.jp/contents/wdu290/opendata/dataset/data-00000410/2809_02-10_jyu-ki_naniwa.csv,,38,,,
,data-00000410,,,140772,active,2019-01-23T15:12:35,,各区町丁目別・男女別・各歳別人口及び世帯数（浪速区）,CSV,,,,,各区町丁目別・男女別・各歳別人口及び世帯数（浪速区）(平成29年3月末日現在),2019-01-23T15:12:33,https://www.city.osaka.lg.jp/contents/wdu290/opendata/dataset/data-00000410/2903_02-10_jyu-ki_naniwa.csv,,39,,,
,data-00000410,,,144564,active,2019-01-23T15:12:35,,各区町丁目別・男女別・各歳別人口及び世帯数（天王寺区）,CSV,,,,,各区町丁目別・男女別・各歳別人口及び世帯数（天王寺区）(平成28年9月末日現在),2019-01-23T15:12:33,https://www.city.osaka.lg.jp/contents/wdu290/opendata/dataset/data-00000410/2809_02-09_jyu-ki_tennouji.csv,,40,,,
,data-00000410,,,144611,active,2019-01-23T15:12:35,,各区町丁目別・男女別・各歳別人口及び世帯数（天王寺区）,CSV,,,,,各区町丁目別・男女別・各歳別人口及び世帯数（天王寺区）(平成29年3月末日現在),2019-01-23T15:12:33,https://www.city.osaka.lg.jp/contents/wdu290/opendata/dataset/data-00000410/2903_02-09_jyu-ki_tennouji.csv,,41,,,
,data-00000410,,,136297,active,2019-01-23T15:12:35,,各区町丁目別・男女別・各歳別人口及び世帯数（大正区）,CSV,,,,,各区町丁目別・男女別・各歳別人口及び世帯数（大正区）(平成28年9月末日現在),2019-01-23T15:12:33,https://www.city.osaka.lg.jp/contents/wdu290/opendata/dataset/data-00000410/2809_02-08_jyu-ki_taisyou.csv,,42,,,
,data-00000410,,,136277,active,2019-01-23T15:12:35,,各区町丁目別・男女別・各歳別人口及び世帯数（大正区）,CSV,,,,,各区町丁目別・男女別・各歳別人口及び世帯数（大正区）(平成29年3月末日現在),2019-01-23T15:12:33,https://www.city.osaka.lg.jp/contents/wdu290/opendata/dataset/data-00000410/2903_02-08_jyu-ki_taisyou.csv,,43,,,
,data-00000410,,,141352,active,2019-01-23T15:12:35,,各区町丁目別・男女別・各歳別人口及び世帯数（港区）,CSV,,,,,各区町丁目別・男女別・各歳別人口及び世帯数（港区）(平成29年3月末日現在),2019-01-23T15:12:33,https://www.city.osaka.lg.jp/contents/wdu290/opendata/dataset/data-00000410/2903_02-07_jyu-ki_minato.csv,,44,,,
,data-00000410,,,141334,active,2019-01-23T15:12:35,,各区町丁目別・男女別・各歳別人口及び世帯数（港区）,CSV,,,,,各区町丁目別・男女別・各歳別人口及び世帯数（港区）(平成28年9月末日現在),2019-01-23T15:12:33,https://www.city.osaka.lg.jp/contents/wdu290/opendata/dataset/data-00000410/2809_02-07_jyu-ki_minato.csv,,45,,,
,data-00000410,,,141981,active,2019-01-23T15:12:35,,各区町丁目別・男女別・各歳別人口及び世帯数（西区）,CSV,,,,,各区町丁目別・男女別・各歳別人口及び世帯数（西区）(平成28年9月末日現在),2019-01-23T15:12:33,https://www.city.osaka.lg.jp/contents/wdu290/opendata/dataset/data-00000410/2809_02-06_jyu-ki_nishi.csv,,46,,,
,data-00000410,,,141996,active,2019-01-23T15:12:35,,各区町丁目別・男女別・各歳別人口及び世帯数（西区）,CSV,,,,,各区町丁目別・男女別・各歳別人口及び世帯数（西区）(平成29年3月末日現在),2019-01-23T15:12:33,https://www.city.osaka.lg.jp/contents/wdu290/opendata/dataset/data-00000410/2903_02-06_jyu-ki_nishi.csv,,47,,,
,data-00000410,,,193313,active,2019-01-23T15:12:35,,各区町丁目別・男女別・各歳別人口及び世帯数（中央区）,CSV,,,,,各区町丁目別・男女別・各歳別人口及び世帯数（中央区）(平成29年3月末日現在),2019-01-23T15:12:33,https://www.city.osaka.lg.jp/contents/wdu290/opendata/dataset/data-00000410/2903_02-05_jyu-ki_chuou.csv,,48,,,
,data-00000410,,,193280,active,2019-01-23T15:12:35,,各区町丁目別・男女別・各歳別人口及び世帯数（中央区）,CSV,,,,,各区町丁目別・男女別・各歳別人口及び世帯数（中央区）(平成28年9月末日現在),2019-01-23T15:12:33,https://www.city.osaka.lg.jp/contents/wdu290/opendata/dataset/data-00000410/2809_02-05_jyu-ki_chuou.csv,,49,,,
,data-00000410,,,139620,active,2019-01-23T15:12:35,,各区町丁目別・男女別・各歳別人口及び世帯数（此花区）,CSV,,,,,各区町丁目別・男女別・各歳別人口及び世帯数（此花区）(平成29年3月末日現在),2019-01-23T15:12:33,https://www.city.osaka.lg.jp/contents/wdu290/opendata/dataset/data-00000410/2903_02-04_jyu-ki_konohana.csv,,50,,,
,data-00000410,,,139587,active,2019-01-23T15:12:35,,各区町丁目別・男女別・各歳別人口及び世帯数（此花区）,CSV,,,,,各区町丁目別・男女別・各歳別人口及び世帯数（此花区）(平成28年9月末日現在),2019-01-23T15:12:33,https://www.city.osaka.lg.jp/contents/wdu290/opendata/dataset/data-00000410/2809_02-04_jyu-ki_konohana.csv,,51,,,
,data-00000410,,,133263,active,2019-01-23T15:12:35,,各区町丁目別・男女別・各歳別人口及び世帯数（福島区）,CSV,,,,,各区町丁目別・男女別・各歳別人口及び世帯数（福島区）(平成28年9月末日現在),2019-01-23T15:12:33,https://www.city.osaka.lg.jp/contents/wdu290/opendata/dataset/data-00000410/2809_02-03_jyu-ki_fukushima.csv,,52,,,
,data-00000410,,,133333,active,2019-01-23T15:12:35,,各区町丁目別・男女別・各歳別人口及び世帯数（福島区）,CSV,,,,,各区町丁目別・男女別・各歳別人口及び世帯数（福島区）(平成29年3月末日現在),2019-01-23T15:12:33,https://www.city.osaka.lg.jp/contents/wdu290/opendata/dataset/data-00000410/2903_02-03_jyu-ki_fukushima.csv,,53,,,
,data-00000410,,,137636,active,2019-01-23T15:12:35,,各区町丁目別・男女別・各歳別人口及び世帯数（都島区）,CSV,,,,,各区町丁目別・男女別・各歳別人口及び世帯数（都島区）(平成28年9月末日現在),2019-01-23T15:12:35,https://www.city.osaka.lg.jp/contents/wdu290/opendata/dataset/data-00000410/2809_02-02_jyu-ki_miyakojima.csv,,54,,,
,data-00000410,,,137674,active,2019-01-23T15:12:35,,各区町丁目別・男女別・各歳別人口及び世帯数（都島区）,CSV,,,,,各区町丁目別・男女別・各歳別人口及び世帯数（都島区）(平成29年3月末日現在),2019-01-23T15:12:35,https://www.city.osaka.lg.jp/contents/wdu290/opendata/dataset/data-00000410/2903_02-02_jyu-ki_miyakojima.csv,,55,,,
,data-00000410,,,169344,active,2019-01-23T15:12:35,,各区町丁目別・男女別・各歳別人口及び世帯数（北区）,CSV,,,,,各区町丁目別・男女別・各歳別人口及び世帯数（北区）(平成28年9月末日現在),2019-01-23T15:12:32,https://www.city.osaka.lg.jp/contents/wdu290/opendata/dataset/data-00000410/2809_02-01_jyu-ki_kita.csv,,56,,,
,data-00000410,,,169505,active,2019-01-23T15:12:35,,各区町丁目別・男女別・各歳別人口及び世帯数（北区）,CSV,,,,,各区町丁目別・男女別・各歳別人口及び世帯数（北区）(平成29年3月末日現在),2019-01-23T15:12:32,https://www.city.osaka.lg.jp/contents/wdu290/opendata/dataset/data-00000410/2903_02-01_jyu-ki_kita.csv,,57,,,
,data-00000410,,,912,active,2019-01-23T15:12:35,,行政区別・男女別人口及び世帯数,CSV,,,,,行政区別・男女別人口及び世帯数(平成28年9月末日現在),2019-01-23T15:12:33,https://www.city.osaka.lg.jp/contents/wdu290/opendata/dataset/data-00000410/2809_01_gyousei-danjo-setai.csv,,58,,,
,data-00000410,,,912,active,2019-01-23T15:12:35,,行政区別・男女別人口及び世帯数,CSV,,,,,行政区別・男女別人口及び世帯数(平成29年3月末日現在),2019-01-23T15:12:33,https://www.city.osaka.lg.jp/contents/wdu290/opendata/dataset/data-00000410/2903_01_gyousei-danjo-setai.csv,,59,,,
,data-00000411,,,2722,active,2019-01-28T18:07:31,,外国人住民国籍別人口,CSV,,,,,外国人住民国籍別人口(平成30年3月末日現在),2019-01-23T15:12:33,https://www.city.osaka.lg.jp/contents/wdu290/opendata/dataset/data-00000411/3003_06_kokusekibetu.csv,,0,,,
,data-00000411,,,2681,active,2019-01-28T18:07:31,,外国人住民国籍別人口,CSV,,,,,外国人住民国籍別人口(平成29年9月末日現在),2019-01-23T15:12:33,https://www.city.osaka.lg.jp/contents/wdu290/opendata/dataset/data-00000411/2909_06_kokusekibetu.csv,,1,,,
,data-00000411,,,30572,active,2019-01-28T18:07:31,,行政区別・男女別・5歳階級別・外国人登録人口及び世帯数,CSV,,,,,行政区別・男女別・5歳階級別・外国人登録人口及び世帯数(平成30年3月末日現在),2019-01-23T15:12:33,https://www.city.osaka.lg.jp/contents/wdu290/opendata/dataset/data-00000411/3003_05_gyousei-danjo-5sai_gaikokujin-setai.csv,,2,,,
,data-00000411,,,30560,active,2019-01-28T18:07:31,,行政区別・男女別・5歳階級別・外国人登録人口及び世帯数,CSV,,,,,行政区別・男女別・5歳階級別・外国人登録人口及び世帯数(平成29年9月末日現在),2019-01-23T15:12:33,https://www.city.osaka.lg.jp/contents/wdu290/opendata/dataset/data-00000411/2909_05_gyousei-danjo-5sai_gaikokujin-setai.csv,,3,,,
,data-00000411,,,849,active,2019-01-28T18:07:31,,行政区別・男女別・外国人登録人口及び世帯数,CSV,,,,,行政区別・男女別・外国人登録人口及び世帯数(平成29年9月末日現在),2019-01-23T15:12:33,https://www.city.osaka.lg.jp/contents/wdu290/opendata/dataset/data-00000411/2909_04_gyousei-danjo_gaikokujin-setai.csv,,4,,,
,data-00000411,,,850,active,2019-01-28T18:07:31,,行政区別・男女別・外国人登録人口及び世帯数,CSV,,,,,行政区別・男女別・外国人登録人口及び世帯数(平成30年3月末日現在),2019-01-23T15:12:33,https://www.city.osaka.lg.jp/contents/wdu290/opendata/dataset/data-00000411/3003_04_gyousei-danjo_gaikokujin-setai.csv,,5,,,
,data-00000411,,,32975,active,2019-01-28T18:07:31,,行政区別・男女別・5歳階級別人口及び世帯数,CSV,,,,,行政区別・男女別・5歳階級別人口及び世帯数(平成29年9月末日現在),2019-01-23T15:12:33,https://www.city.osaka.lg.jp/contents/wdu290/opendata/dataset/data-00000411/2909_03_gyousei-danjo-5sai_setai.csv,,6,,,
,data-00000411,,,32976,active,2019-01-28T18:07:31,,行政区別・男女別・5歳階級別人口及び世帯数,CSV,,,,,行政区別・男女別・5歳階級別人口及び世帯数(平成29年6月末日現在),2019-01-23T15:12:33,https://www.city.osaka.lg.jp/contents/wdu290/opendata/dataset/data-00000411/2906_03_gyouseiku-danjo-5sai.csv,,7,,,
,data-00000411,,,32979,active,2019-01-28T18:07:31,,行政区別・男女別・5歳階級別人口及び世帯数,CSV,,,,,行政区別・男女別・5歳階級別人口及び世帯数(平成30年3月末日現在),2019-01-23T15:12:33,https://www.city.osaka.lg.jp/contents/wdu290/opendata/dataset/data-00000411/3003_03_gyousei-danjo-5sai_setai.csv,,8,,,
,data-00000411,,,33976,active,2019-01-28T18:07:31,,行政区別・男女別・5歳階級別人口及び世帯数,CSV,,,,,行政区別・男女別・5歳階級別人口及び世帯数(平成29年12月末日現在),2019-01-23T15:12:33,https://www.city.osaka.lg.jp/contents/wdu290/opendata/dataset/data-00000411/2912_03_gyousei-danjo-5sai_setai.csv,,9,,,
,data-00000411,,,153603,active,2019-01-28T18:07:31,,各区町丁目別・男女別・各歳別人口及び世帯数（西成区）,CSV,,,,,各区町丁目別・男女別・各歳別人口及び世帯数（西成区）(平成29年9月末日現在),2019-01-23T15:12:33,https://www.city.osaka.lg.jp/contents/wdu290/opendata/dataset/data-00000411/2909_02-24_jyu-ki_nishinari.csv,,10,,,
,data-00000411,,,153559,active,2019-01-28T18:07:31,,各区町丁目別・男女別・各歳別人口及び世帯数（西成区）,CSV,,,,,各区町丁目別・男女別・各歳別人口及び世帯数（西成区）(平成30年3月末日現在),2019-01-23T15:12:33,https://www.city.osaka.lg.jp/contents/wdu290/opendata/dataset/data-00000411/3003_02-24_jyu-ki_nishinari.csv,,11,,,
,data-00000411,,,185228,active,2019-01-28T18:07:31,,各区町丁目別・男女別・各歳別人口及び世帯数（平野区）,CSV,,,,,各区町丁目別・男女別・各歳別人口及び世帯数（平野区）(平成29年9月末日現在),2019-01-23T15:12:33,https://www.city.osaka.lg.jp/contents/wdu290/opendata/dataset/data-00000411/2909_02-23_jyu-ki_hirano.csv,,12,,,
,data-00000411,,,185307,active,2019-01-28T18:07:31,,各区町丁目別・男女別・各歳別人口及び世帯数（平野区）,CSV,,,,,各区町丁目別・男女別・各歳別人口及び世帯数（平野区）(平成30年3月末日現在),2019-01-23T15:12:33,https://www.city.osaka.lg.jp/contents/wdu290/opendata/dataset/data-00000411/3003_02-23_jyu-ki_hirano.csv,,13,,,
,data-00000411,,,163589,active,2019-01-28T18:07:31,,各区町丁目別・男女別・各歳別人口及び世帯数（東住吉区）,CSV,,,,,各区町丁目別・男女別・各歳別人口及び世帯数（東住吉区）(平成30年3月末日現在),2019-01-23T15:12:33,https://www.city.osaka.lg.jp/contents/wdu290/opendata/dataset/data-00000411/3003_02-22_jyu-ki_higashisumiyoshi.csv,,14,,,
,data-00000411,,,163635,active,2019-01-28T18:07:31,,各区町丁目別・男女別・各歳別人口及び世帯数（東住吉区）,CSV,,,,,各区町丁目別・男女別・各歳別人口及び世帯数（東住吉区）(平成29年9月末日現在),2019-01-23T15:12:33,https://www.city.osaka.lg.jp/contents/wdu290/opendata/dataset/data-00000411/2909_02-22_jyu-ki_higashisumiyoshi.csv,,15,,,
,data-00000411,,,166558,active,2019-01-28T18:07:31,,各区町丁目別・男女別・各歳別人口及び世帯数（住吉区）,CSV,,,,,各区町丁目別・男女別・各歳別人口及び世帯数（住吉区）(平成29年9月末日現在),2019-01-23T15:12:33,https://www.city.osaka.lg.jp/contents/wdu290/opendata/dataset/data-00000411/2909_02-21_jyu-ki_sumiyoshi.csv,,16,,,
,data-00000411,,,166449,active,2019-01-28T18:07:31,,各区町丁目別・男女別・各歳別人口及び世帯数（住吉区）,CSV,,,,,各区町丁目別・男女別・各歳別人口及び世帯数（住吉区）(平成30年3月末日現在),2019-01-23T15:12:33,https://www.city.osaka.lg.jp/contents/wdu290/opendata/dataset/data-00000411/3003_02-21_jyu-ki_sumiyoshi.csv,,17,,,
,data-00000411,,,161724,active,2019-01-28T18:07:31,,各区町丁目別・男女別・各歳別人口及び世帯数（住之江区）,CSV,,,,,各区町丁目別・男女別・各歳別人口及び世帯数（住之江区）(平成30年3月末日現在),2019-01-23T15:12:33,https://www.city.osaka.lg.jp/contents/wdu290/opendata/dataset/data-00000411/3003_02-20_jyu-ki_suminoe.csv,,18,,,
,data-00000411,,,161690,active,2019-01-28T18:07:31,,各区町丁目別・男女別・各歳別人口及び世帯数（住之江区）,CSV,,,,,各区町丁目別・男女別・各歳別人口及び世帯数（住之江区）(平成29年9月末日現在),2019-01-23T15:12:33,https://www.city.osaka.lg.jp/contents/wdu290/opendata/dataset/data-00000411/2909_02-20_jyu-ki_suminoe.csv,,19,,,
,data-00000411,,,147997,active,2019-01-28T18:07:31,,各区町丁目別・男女別・各歳別人口及び世帯数（阿倍野区）,CSV,,,,,各区町丁目別・男女別・各歳別人口及び世帯数（阿倍野区）(平成30年3月末日現在),2019-01-23T15:12:33,https://www.city.osaka.lg.jp/contents/wdu290/opendata/dataset/data-00000411/3003_02-19_jyu-ki_abeno.csv,,20,,,
,data-00000411,,,148003,active,2019-01-28T18:07:31,,各区町丁目別・男女別・各歳別人口及び世帯数（阿倍野区）,CSV,,,,,各区町丁目別・男女別・各歳別人口及び世帯数（阿倍野区）(平成29年9月末日現在),2019-01-23T15:12:33,https://www.city.osaka.lg.jp/contents/wdu290/opendata/dataset/data-00000411/2909_02-19_jyu-ki_abeno.csv,,21,,,
,data-00000411,,,143782,active,2019-01-28T18:07:31,,各区町丁目別・男女別・各歳別人口及び世帯数（鶴見区）,CSV,,,,,各区町丁目別・男女別・各歳別人口及び世帯数（鶴見区）(平成29年9月末日現在),2019-01-23T15:12:33,https://www.city.osaka.lg.jp/contents/wdu290/opendata/dataset/data-00000411/2909_02-18_jyu-ki_turumi.csv,,22,,,
,data-00000411,,,143786,active,2019-01-28T18:07:31,,各区町丁目別・男女別・各歳別人口及び世帯数（鶴見区）,CSV,,,,,各区町丁目別・男女別・各歳別人口及び世帯数（鶴見区）(平成30年3月末日現在),2019-01-23T15:12:33,https://www.city.osaka.lg.jp/contents/wdu290/opendata/dataset/data-00000411/3003_02-18_jyu-ki_turumi.csv,,23,,,
,data-00000411,,,155361,active,2019-01-28T18:07:31,,各区町丁目別・男女別・各歳別人口及び世帯数（城東区）,CSV,,,,,各区町丁目別・男女別・各歳別人口及び世帯数（城東区）(平成30年3月末日現在),2019-01-23T15:12:33,https://www.city.osaka.lg.jp/contents/wdu290/opendata/dataset/data-00000411/3003_02-17_jyu-ki_jyoutou.csv,,24,,,
,data-00000411,,,155360,active,2019-01-28T18:07:31,,各区町丁目別・男女別・各歳別人口及び世帯数（城東区）,CSV,,,,,各区町丁目別・男女別・各歳別人口及び世帯数（城東区）(平成29年9月末日現在),2019-01-23T15:12:33,https://www.city.osaka.lg.jp/contents/wdu290/opendata/dataset/data-00000411/2909_02-17_jyu-ki_jyoutou.csv,,25,,,
,data-00000411,,,137143,active,2019-01-28T18:07:31,,各区町丁目別・男女別・各歳別人口及び世帯数（旭区）,CSV,,,,,各区町丁目別・男女別・各歳別人口及び世帯数（旭区）(平成30年3月末日現在),2019-01-23T15:12:33,https://www.city.osaka.lg.jp/contents/wdu290/opendata/dataset/data-00000411/3003_02-16_jyu-ki_asahi.csv,,26,,,
,data-00000411,,,137178,active,2019-01-28T18:07:31,,各区町丁目別・男女別・各歳別人口及び世帯数（旭区）,CSV,,,,,各区町丁目別・男女別・各歳別人口及び世帯数（旭区）(平成29年9月末日現在),2019-01-23T15:12:33,https://www.city.osaka.lg.jp/contents/wdu290/opendata/dataset/data-00000411/2909_02-16_jyu-ki_asahi.csv,,27,,,
,data-00000411,,,158718,active,2019-01-28T18:07:31,,各区町丁目別・男女別・各歳別人口及び世帯数（生野区）,CSV,,,,,各区町丁目別・男女別・各歳別人口及び世帯数（生野区）(平成29年9月末日現在),2019-01-23T15:12:33,https://www.city.osaka.lg.jp/contents/wdu290/opendata/dataset/data-00000411/2909_02-15_jyu-ki_ikuno.csv,,28,,,
,data-00000411,,,158641,active,2019-01-28T18:07:31,,各区町丁目別・男女別・各歳別人口及び世帯数（生野区）,CSV,,,,,各区町丁目別・男女別・各歳別人口及び世帯数（生野区）(平成30年3月末日現在),2019-01-23T15:12:33,https://www.city.osaka.lg.jp/contents/wdu290/opendata/dataset/data-00000411/3003_02-15_jyu-ki_ikuno.csv,,29,,,
,data-00000411,,,136456,active,2019-01-28T18:07:31,,各区町丁目別・男女別・各歳別人口及び世帯数（東成区）,CSV,,,,,各区町丁目別・男女別・各歳別人口及び世帯数（東成区）(平成30年3月末日現在),2019-01-23T15:12:33,https://www.city.osaka.lg.jp/contents/wdu290/opendata/dataset/data-00000411/3003_02-14_jyu-ki_higashinari.csv,,30,,,
,data-00000411,,,136404,active,2019-01-28T18:07:31,,各区町丁目別・男女別・各歳別人口及び世帯数（東成区）,CSV,,,,,各区町丁目別・男女別・各歳別人口及び世帯数（東成区）(平成29年9月末日現在),2019-01-23T15:12:33,https://www.city.osaka.lg.jp/contents/wdu290/opendata/dataset/data-00000411/2909_02-14_jyu-ki_higashinari.csv,,31,,,
,data-00000411,,,160328,active,2019-01-28T18:07:31,,各区町丁目別・男女別・各歳別人口及び世帯数（東淀川区）,CSV,,,,,各区町丁目別・男女別・各歳別人口及び世帯数（東淀川区）(平成29年9月末日現在),2019-01-23T15:12:33,https://www.city.osaka.lg.jp/contents/wdu290/opendata/dataset/data-00000411/2909_02-13_jyu-ki_higashiyodogawa.csv,,32,,,
,data-00000411,,,160468,active,2019-01-28T18:07:31,,各区町丁目別・男女別・各歳別人口及び世帯数（東淀川区）,CSV,,,,,各区町丁目別・男女別・各歳別人口及び世帯数（東淀川区）(平成30年3月末日現在),2019-01-23T15:12:33,https://www.city.osaka.lg.jp/contents/wdu290/opendata/dataset/data-00000411/3003_02-13_jyu-ki_higashiyodogawa.csv,,33,,,
,data-00000411,,,160825,active,2019-01-28T18:07:31,,各区町丁目別・男女別・各歳別人口及び世帯数（淀川区）,CSV,,,,,各区町丁目別・男女別・各歳別人口及び世帯数（淀川区）(平成29年9月末日現在),2019-01-23T15:12:35,https://www.city.osaka.lg.jp/contents/wdu290/opendata/dataset/data-00000411/2909_02-12_jyu-ki_yodogawa.csv,,34,,,
,data-00000411,,,160855,active,2019-01-28T18:07:31,,各区町丁目別・男女別・各歳別人口及び世帯数（淀川区）,CSV,,,,,各区町丁目別・男女別・各歳別人口及び世帯数（淀川区）(平成30年3月末日現在),2019-01-23T15:12:35,https://www.city.osaka.lg.jp/contents/wdu290/opendata/dataset/data-00000411/3003_02-12_jyu-ki_yodogawa.csv,,35,,,
,data-00000411,,,144126,active,2019-01-28T18:07:31,,各区町丁目別・男女別・各歳別人口及び世帯数（西淀川区）,CSV,,,,,各区町丁目別・男女別・各歳別人口及び世帯数（西淀川区）(平成30年3月末日現在),2019-01-23T15:12:33,https://www.city.osaka.lg.jp/contents/wdu290/opendata/dataset/data-00000411/3003_02-11_jyu-ki_nishiyodogawa.csv,,36,,,
,data-00000411,,,144091,active,2019-01-28T18:07:31,,各区町丁目別・男女別・各歳別人口及び世帯数（西淀川区）,CSV,,,,,各区町丁目別・男女別・各歳別人口及び世帯数（西淀川区）(平成29年9月末日現在),2019-01-23T15:12:33,https://www.city.osaka.lg.jp/contents/wdu290/opendata/dataset/data-00000411/2909_02-11_jyu-ki_nishiyodogawa.csv,,37,,,
,data-00000411,,,140779,active,2019-01-28T18:07:31,,各区町丁目別・男女別・各歳別人口及び世帯数（浪速区）,CSV,,,,,各区町丁目別・男女別・各歳別人口及び世帯数（浪速区）(平成30年3月末日現在),2019-01-23T15:12:33,https://www.city.osaka.lg.jp/contents/wdu290/opendata/dataset/data-00000411/3003_02-10_jyu-ki_naniwa.csv,,38,,,
,data-00000411,,,140833,active,2019-01-28T18:07:31,,各区町丁目別・男女別・各歳別人口及び世帯数（浪速区）,CSV,,,,,各区町丁目別・男女別・各歳別人口及び世帯数（浪速区）(平成29年9月末日現在),2019-01-23T15:12:33,https://www.city.osaka.lg.jp/contents/wdu290/opendata/dataset/data-00000411/2909_02-10_jyu-ki_naniwa.csv,,39,,,
,data-00000411,,,144680,active,2019-01-28T18:07:31,,各区町丁目別・男女別・各歳別人口及び世帯数（天王寺区）,CSV,,,,,各区町丁目別・男女別・各歳別人口及び世帯数（天王寺区）(平成29年9月末日現在),2019-01-23T15:12:33,https://www.city.osaka.lg.jp/contents/wdu290/opendata/dataset/data-00000411/2909_02-09_jyu-ki_tennouji.csv,,40,,,
,data-00000411,,,144723,active,2019-01-28T18:07:31,,各区町丁目別・男女別・各歳別人口及び世帯数（天王寺区）,CSV,,,,,各区町丁目別・男女別・各歳別人口及び世帯数（天王寺区）(平成30年3月末日現在),2019-01-23T15:12:33,https://www.city.osaka.lg.jp/contents/wdu290/opendata/dataset/data-00000411/3003_02-09_jyu-ki_tennouji.csv,,41,,,
,data-00000411,,,136268,active,2019-01-28T18:07:31,,各区町丁目別・男女別・各歳別人口及び世帯数（大正区）,CSV,,,,,各区町丁目別・男女別・各歳別人口及び世帯数（大正区）(平成29年9月末日現在),2019-01-23T15:12:33,https://www.city.osaka.lg.jp/contents/wdu290/opendata/dataset/data-00000411/2909_02-08_jyu-ki_taisyou.csv,,42,,,
,data-00000411,,,136243,active,2019-01-28T18:07:31,,各区町丁目別・男女別・各歳別人口及び世帯数（大正区）,CSV,,,,,各区町丁目別・男女別・各歳別人口及び世帯数（大正区）(平成30年3月末日現在),2019-01-23T15:12:33,https://www.city.osaka.lg.jp/contents/wdu290/opendata/dataset/data-00000411/3003_02-08_jyu-ki_taisyou.csv,,43,,,
,data-00000411,,,141305,active,2019-01-28T18:07:31,,各区町丁目別・男女別・各歳別人口及び世帯数（港区）,CSV,,,,,各区町丁目別・男女別・各歳別人口及び世帯数（港区）(平成29年9月末日現在),2019-01-23T15:12:33,https://www.city.osaka.lg.jp/contents/wdu290/opendata/dataset/data-00000411/2909_02-07_jyu-ki_minato.csv,,44,,,
,data-00000411,,,141335,active,2019-01-28T18:07:31,,各区町丁目別・男女別・各歳別人口及び世帯数（港区）,CSV,,,,,各区町丁目別・男女別・各歳別人口及び世帯数（港区）(平成30年3月末日現在),2019-01-23T15:12:33,https://www.city.osaka.lg.jp/contents/wdu290/opendata/dataset/data-00000411/3003_02-07_jyu-ki_minato.csv,,45,,,
,data-00000411,,,142155,active,2019-01-28T18:07:31,,各区町丁目別・男女別・各歳別人口及び世帯数（西区）,CSV,,,,,各区町丁目別・男女別・各歳別人口及び世帯数（西区）(平成30年3月末日現在),2019-01-23T15:12:33,https://www.city.osaka.lg.jp/contents/wdu290/opendata/dataset/data-00000411/3003_02-06_jyu-ki_nishi.csv,,46,,,
,data-00000411,,,142103,active,2019-01-28T18:07:31,,各区町丁目別・男女別・各歳別人口及び世帯数（西区）,CSV,,,,,各区町丁目別・男女別・各歳別人口及び世帯数（西区）(平成29年9月末日現在),2019-01-23T15:12:33,https://www.city.osaka.lg.jp/contents/wdu290/opendata/dataset/data-00000411/2909_02-06_jyu-ki_nishi.csv,,47,,,
,data-00000411,,,193393,active,2019-01-28T18:07:31,,各区町丁目別・男女別・各歳別人口及び世帯数（中央区）,CSV,,,,,各区町丁目別・男女別・各歳別人口及び世帯数（中央区）(平成30年3月末日現在),2019-01-23T15:12:33,https://www.city.osaka.lg.jp/contents/wdu290/opendata/dataset/data-00000411/3003_02-05_jyu-ki_chuou.csv,,48,,,
,data-00000411,,,193320,active,2019-01-28T18:07:31,,各区町丁目別・男女別・各歳別人口及び世帯数（中央区）,CSV,,,,,各区町丁目別・男女別・各歳別人口及び世帯数（中央区）(平成29年9月末日現在),2019-01-23T15:12:33,https://www.city.osaka.lg.jp/contents/wdu290/opendata/dataset/data-00000411/2909_02-05_jyu-ki_chuou.csv,,49,,,
,data-00000411,,,139614,active,2019-01-28T18:07:31,,各区町丁目別・男女別・各歳別人口及び世帯数（此花区）,CSV,,,,,各区町丁目別・男女別・各歳別人口及び世帯数（此花区）(平成30年3月末日現在),2019-01-23T15:12:33,https://www.city.osaka.lg.jp/contents/wdu290/opendata/dataset/data-00000411/3003_02-04_jyu-ki_konohana.csv,,50,,,
,data-00000411,,,139613,active,2019-01-28T18:07:31,,各区町丁目別・男女別・各歳別人口及び世帯数（此花区）,CSV,,,,,各区町丁目別・男女別・各歳別人口及び世帯数（此花区）(平成29年9月末日現在),2019-01-23T15:12:33,https://www.city.osaka.lg.jp/contents/wdu290/opendata/dataset/data-00000411/2909_02-04_jyu-ki_konohana.csv,,51,,,
,data-00000411,,,133340,active,2019-01-28T18:07:31,,各区町丁目別・男女別・各歳別人口及び世帯数（福島区）,CSV,,,,,各区町丁目別・男女別・各歳別人口及び世帯数（福島区）(平成29年9月末日現在),2019-01-23T15:12:33,https://www.city.osaka.lg.jp/contents/wdu290/opendata/dataset/data-00000411/2909_02-03_jyu-ki_fukushima.csv,,52,,,
,data-00000411,,,133425,active,2019-01-28T18:07:31,,各区町丁目別・男女別・各歳別人口及び世帯数（福島区）,CSV,,,,,各区町丁目別・男女別・各歳別人口及び世帯数（福島区）(平成30年3月末日現在),2019-01-23T15:12:33,https://www.city.osaka.lg.jp/contents/wdu290/opendata/dataset/data-00000411/3003_02-03_jyu-ki_fukushima.csv,,53,,,
,data-00000411,,,137711,active,2019-01-28T18:07:31,,各区町丁目別・男女別・各歳別人口及び世帯数（都島区）,CSV,,,,,各区町丁目別・男女別・各歳別人口及び世帯数（都島区）(平成29年9月末日現在),2019-01-23T15:12:35,https://www.city.osaka.lg.jp/contents/wdu290/opendata/dataset/data-00000411/2909_02-02_jyu-ki_miyakojima.csv,,54,,,
,data-00000411,,,137717,active,2019-01-28T18:07:31,,各区町丁目別・男女別・各歳別人口及び世帯数（都島区）,CSV,,,,,各区町丁目別・男女別・各歳別人口及び世帯数（都島区）(平成30年3月末日現在),2019-01-23T15:12:35,https://www.city.osaka.lg.jp/contents/wdu290/opendata/dataset/data-00000411/3003_02-02_jyu-ki_miyakojima.csv,,55,,,
,data-00000411,,,169790,active,2019-01-28T18:07:31,,各区町丁目別・男女別・各歳別人口及び世帯数（北区）,CSV,,,,,各区町丁目別・男女別・各歳別人口及び世帯数（北区）(平成30年3月末日現在),2019-01-23T15:12:32,https://www.city.osaka.lg.jp/contents/wdu290/opendata/dataset/data-00000411/3003_02-01_jyu-ki_kita.csv,,56,,,
,data-00000411,,,169701,active,2019-01-28T18:07:31,,各区町丁目別・男女別・各歳別人口及び世帯数（北区）,CSV,,,,,各区町丁目別・男女別・各歳別人口及び世帯数（北区）(平成29年9月末日現在),2019-01-23T15:12:32,https://www.city.osaka.lg.jp/contents/wdu290/opendata/dataset/data-00000411/2909_02-01_jyu-ki_kita.csv,,57,,,
,data-00000411,,,913,active,2019-01-28T18:07:31,,行政区別・男女別人口及び世帯数,CSV,,,,,行政区別・男女別人口及び世帯数(平成29年9月末日現在),2019-01-23T15:12:33,https://www.city.osaka.lg.jp/contents/wdu290/opendata/dataset/data-00000411/2909_01_gyousei-danjo-setai.csv,,58,,,
,data-00000411,,,913,active,2019-01-28T18:07:31,,行政区別・男女別人口及び世帯数,CSV,,,,,行政区別・男女別人口及び世帯数(平成30年3月末日現在),2019-01-23T15:12:33,https://www.city.osaka.lg.jp/contents/wdu290/opendata/dataset/data-00000411/3003_01_gyousei-danjo-setai.csv,,59,,,
,data-00000412,,,53622,active,2019-06-06T19:19:51,,,CSV,,,,,外国人住民区別在留資格別人口(平成31年3月末日現在),2019-05-08T09:10:00,https://www.city.osaka.lg.jp/contents/wdu290/opendata/dataset/data-00000412/20190508_3103_08_kubetu_sikakubetu_gaikokujin.csv,,0,,,
,data-00000412,,,13713,active,2019-06-06T19:19:51,,,CSV,,,,,外国人住民区別国籍別人口(平成31年3月末日現在),2019-05-08T09:09:00,https://www.city.osaka.lg.jp/contents/wdu290/opendata/dataset/data-00000412/20190508_3103_07_kubetu_kokusekibetu_gaikokujin.csv,,1,,,
,data-00000412,,,3532,active,2019-06-06T19:19:51,,,CSV,,,,,外国人住民国籍別人口(平成31年3月末日現在),2019-05-07T07:07:00,https://www.city.osaka.lg.jp/contents/wdu290/opendata/dataset/data-00000412/20190506_3103_06_kokusekibetu.csv,,2,,,
,data-00000412,,,2754,active,2019-01-23T15:12:36,,,CSV,,,,,外国人住民国籍別人口(平成30年9月末日現在),2019-01-23T15:12:33,https://www.city.osaka.lg.jp/contents/wdu290/opendata/dataset/data-00000412/3009_06_kokusekibetu.csv,,3,,,
,data-00000412,,,31900,active,2019-06-06T19:19:51,,,CSV,,,,,行政区別・男女別・5歳階級別・外国人人口及び世帯数(平成31年3月末日現在),2019-05-07T07:07:00,https://www.city.osaka.lg.jp/contents/wdu290/opendata/dataset/data-00000412/20190506_3103_05_gyousei-danjo-5sai_gaikokujin-setai.csv,,4,,,
,data-00000412,,,30588,active,2019-01-23T15:12:36,,,CSV,,,,,行政区別・男女別・5歳階級別・外国人登録人口及び世帯数(平成30年9月末日現在),2019-01-23T15:12:33,https://www.city.osaka.lg.jp/contents/wdu290/opendata/dataset/data-00000412/3009_05_gyousei-danjo-5sai_gaikokujin-setai.csv,,5,,,
,data-00000412,,,935,active,2019-06-06T19:19:50,,,CSV,,,,,行政区別・男女別・外国人人口及び世帯数(平成31年3月末日現在),2019-05-07T07:06:00,https://www.city.osaka.lg.jp/contents/wdu290/opendata/dataset/data-00000412/20190506_3103_04_gyousei-danjo_gaikokujiin-setai.csv,,6,,,
,data-00000412,,,851,active,2019-01-23T15:12:36,,,CSV,,,,,行政区別・男女別・外国人登録人口及び世帯数(平成30年9月末日現在),2019-01-23T15:12:33,https://www.city.osaka.lg.jp/contents/wdu290/opendata/dataset/data-00000412/3009_04_gyousei-danjo_gaikokujin-setai.csv,,7,,,
,data-00000412,,,32982,active,2019-01-23T15:12:36,,,CSV,,,,,行政区別・男女別・5歳階級別人口及び世帯数(平成30年6月末日現在),2019-01-23T15:12:33,https://www.city.osaka.lg.jp/contents/wdu290/opendata/dataset/data-00000412/3006_03_gyousei-danjo-5sai_setai.csv,,8,,,
,data-00000412,,,32983,active,2019-01-23T15:12:36,,,CSV,,,,,行政区別・男女別・5歳階級別人口及び世帯数(平成30年9月末日現在),2019-01-23T15:12:33,https://www.city.osaka.lg.jp/contents/wdu290/opendata/dataset/data-00000412/3009_03_gyousei-danjo-5sai_setai.csv,,9,,,
,data-00000412,,,0,active,2019-01-23T15:12:36,,,CSV,,,,,行政区別・男女別・5歳階級別人口及び世帯数(平成30年12月末日現在),2019-01-23T15:12:33,https://www.city.osaka.lg.jp/contents/wdu290/opendata/dataset/data-00000412/3012_03_gyousei-danjo-5sai_setai.csv,,10,,,
,data-00000412,,,34191,active,2019-06-06T19:19:50,,,CSV,,,,,行政区別・男女別・5歳階級別人口及び世帯数(平成31年3月末日現在),2019-05-07T07:06:00,https://www.city.osaka.lg.jp/contents/wdu290/opendata/dataset/data-00000412/20190506_3103_03_gyousei-danjo-5sai_setai.csv,,11,,,
,data-00000412,,,153376,active,2019-06-06T19:28:25,,,CSV,,,,,各区町丁目別・男女別・各歳別人口及び世帯数（西成区）(平成31年3月末日現在),2019-05-07T06:55:00,https://www.city.osaka.lg.jp/contents/wdu290/opendata/dataset/data-00000412/20190506_3103_02-24_jyu-ki_nishinari.csv,,12,,,
,data-00000412,,,153571,active,2019-01-23T15:12:36,,,CSV,,,,,各区町丁目別・男女別・各歳別人口及び世帯数（西成区）(平成30年9月末日現在),2019-01-23T15:12:33,https://www.city.osaka.lg.jp/contents/wdu290/opendata/dataset/data-00000412/3009_02-24_jyu-ki_nishinari.csv,,13,,,
,data-00000412,,,185052,active,2019-06-06T19:28:25,,,CSV,,,,,各区町丁目別・男女別・各歳別人口及び世帯数（平野区）(平成31年3月末日現在),2019-05-07T06:40:00,https://www.city.osaka.lg.jp/contents/wdu290/opendata/dataset/data-00000412/20190506_3103_02-23_jyu-ki_hirano.csv,,14,,,
,data-00000412,,,185182,active,2019-01-23T15:12:36,,,CSV,,,,,各区町丁目別・男女別・各歳別人口及び世帯数（平野区）(平成30年9月末日現在),2019-01-23T15:12:33,https://www.city.osaka.lg.jp/contents/wdu290/opendata/dataset/data-00000412/3009_02-23_jyu-ki_hirano.csv,,15,,,
,data-00000412,,,163547,active,2019-06-06T20:25:10,,,CSV,,,,,各区町丁目別・男女別・各歳別人口及び世帯数（東住吉区）(平成31年3月末日現在),2019-05-07T06:40:00,https://www.city.osaka.lg.jp/contents/wdu290/opendata/dataset/data-00000412/20190506_3103_02-22_jyu-ki_higashisumiyoshi.csv,,16,,,
,data-00000412,,,163616,active,2019-01-23T15:12:36,,,CSV,,,,,各区町丁目別・男女別・各歳別人口及び世帯数（東住吉区）(平成30年9月末日現在),2019-01-23T15:12:33,https://www.city.osaka.lg.jp/contents/wdu290/opendata/dataset/data-00000412/3009_02-22_jyu-ki_higashisumiyoshi.csv,,17,,,
,data-00000412,,,166376,active,2019-06-06T19:28:25,,,CSV,,,,,各区町丁目別・男女別・各歳別人口及び世帯数（住吉区）(平成31年3月末日現在),2019-05-07T07:00:00,https://www.city.osaka.lg.jp/contents/wdu290/opendata/dataset/data-00000412/20190506_3103_02-21_jyu-ki_sumiyoshi.csv,,18,,,
,data-00000412,,,166524,active,2019-01-23T15:12:36,,,CSV,,,,,各区町丁目別・男女別・各歳別人口及び世帯数（住吉区）(平成30年9月末日現在),2019-01-23T15:12:33,https://www.city.osaka.lg.jp/contents/wdu290/opendata/dataset/data-00000412/3009_02-21_jyu-ki_sumiyoshi.csv,,19,,,
,data-00000412,,,161635,active,2019-06-06T19:28:25,,,CSV,,,,,各区町丁目別・男女別・各歳別人口及び世帯数（住之江区）(平成31年3月末日現在),2019-05-07T06:59:00,https://www.city.osaka.lg.jp/contents/wdu290/opendata/dataset/data-00000412/20190506_3103_02-20_jyu-ki_suminoe.csv,,20,,,
,data-00000412,,,161677,active,2019-01-23T15:12:36,,,CSV,,,,,各区町丁目別・男女別・各歳別人口及び世帯数（住之江区）(平成30年9月末日現在),2019-01-23T15:12:33,https://www.city.osaka.lg.jp/contents/wdu290/opendata/dataset/data-00000412/3009_02-20_jyu-ki_suminoe.csv,,21,,,
,data-00000412,,,148008,active,2019-06-06T20:00:35,,,CSV,,,,,各区町丁目別・男女別・各歳別人口及び世帯数（阿倍野区）(平成31年3月末日現在),2019-05-07T06:37:00,https://www.city.osaka.lg.jp/contents/wdu290/opendata/dataset/data-00000412/20190506_3103_02-19_jyu-ki_abeno.csv,,22,,,
,data-00000412,,,147989,active,2019-01-23T15:12:36,,,CSV,,,,,各区町丁目別・男女別・各歳別人口及び世帯数（阿倍野区）(平成30年9月末日現在),2019-01-23T15:12:33,https://www.city.osaka.lg.jp/contents/wdu290/opendata/dataset/data-00000412/3009_02-19_jyu-ki_abeno.csv,,23,,,
,data-00000412,,,143760,active,2019-06-06T19:28:25,,,CSV,,,,,各区町丁目別・男女別・各歳別人口及び世帯数（鶴見区）(平成31年3月末日現在),2019-05-07T07:05:00,https://www.city.osaka.lg.jp/contents/wdu290/opendata/dataset/data-00000412/20190506_3103_02-18_jyu-ki_tsurumi.csv,,24,,,
,data-00000412,,,143748,active,2019-01-23T15:12:36,,,CSV,,,,,各区町丁目別・男女別・各歳別人口及び世帯数（鶴見区）(平成30年9月末日現在),2019-01-23T15:12:33,https://www.city.osaka.lg.jp/contents/wdu290/opendata/dataset/data-00000412/3009_02-18_jyu-ki_turumi.csv,,25,,,
,data-00000412,,,155300,active,2019-06-06T19:28:25,,,CSV,,,,,各区町丁目別・男女別・各歳別人口及び世帯数（城東区）(平成31年3月末日現在),2019-05-07T06:41:00,https://www.city.osaka.lg.jp/contents/wdu290/opendata/dataset/data-00000412/20190506_3103_02-17_jyu-ki_joto.csv,,26,,,
,data-00000412,,,155415,active,2019-01-23T15:12:36,,,CSV,,,,,各区町丁目別・男女別・各歳別人口及び世帯数（城東区）(平成30年9月末日現在),2019-01-23T15:12:33,https://www.city.osaka.lg.jp/contents/wdu290/opendata/dataset/data-00000412/3009_02-17_jyu-ki_jyoutou.csv,,27,,,
,data-00000412,,,137085,active,2019-06-06T20:18:10,,,CSV,,,,,各区町丁目別・男女別・各歳別人口及び世帯数（旭区）(平成31年3月末日現在),2019-05-07T06:37:00,https://www.city.osaka.lg.jp/contents/wdu290/opendata/dataset/data-00000412/20190506_3103_02-16_jyu-ki_asahi.csv,,28,,,
,data-00000412,,,137215,active,2019-01-23T15:12:36,,,CSV,,,,,各区町丁目別・男女別・各歳別人口及び世帯数（旭区）(平成30年9月末日現在),2019-01-23T15:12:33,https://www.city.osaka.lg.jp/contents/wdu290/opendata/dataset/data-00000412/3009_02-16_jyu-ki_asahi.csv,,29,,,
,data-00000412,,,158593,active,2019-06-06T19:28:25,,,CSV,,,,,各区町丁目別・男女別・各歳別人口及び世帯数（生野区）(平成31年3月末日現在),2019-05-07T06:41:00,https://www.city.osaka.lg.jp/contents/wdu290/opendata/dataset/data-00000412/20190506_3103_02-15_jyu-ki_ikuno.csv,,30,,,
,data-00000412,,,158716,active,2019-01-23T15:12:36,,,CSV,,,,,各区町丁目別・男女別・各歳別人口及び世帯数（生野区）(平成30年9月末日現在),2019-01-23T15:12:33,https://www.city.osaka.lg.jp/contents/wdu290/opendata/dataset/data-00000412/3009_02-15_jyu-ki_ikuno.csv,,31,,,
,data-00000412,,,0,active,2019-06-06T19:28:25,,,CSV,,,,,各区町丁目別・男女別・各歳別人口及び世帯数（東成区）(平成31年3月末日現在),2019-05-07T06:39:00,https://www.city.osaka.lg.jp/contents/wdu290/opendata/dataset/data-00000412/20190506_3103_02-14_jyu-ki_higashinari.csv,,32,,,
,data-00000412,,,136479,active,2019-01-23T15:12:36,,,CSV,,,,,各区町丁目別・男女別・各歳別人口及び世帯数（東成区）(平成30年9月末日現在),2019-01-23T15:12:33,https://www.city.osaka.lg.jp/contents/wdu290/opendata/dataset/data-00000412/3009_02-14_jyu-ki_higashinari.csv,,33,,,
,data-00000412,,,160430,active,2019-06-06T19:28:25,,,CSV,,,,,各区町丁目別・男女別・各歳別人口及び世帯数（東淀川区）(平成31年3月末日現在),2019-05-07T06:39:00,https://www.city.osaka.lg.jp/contents/wdu290/opendata/dataset/data-00000412/20190506_3103_02-13_jyu-ki_higashiyodogawa.csv,,34,,,
,data-00000412,,,160356,active,2019-01-23T15:12:36,,,CSV,,,,,各区町丁目別・男女別・各歳別人口及び世帯数（東淀川区）(平成30年9月末日現在),2019-01-23T15:12:33,https://www.city.osaka.lg.jp/contents/wdu290/opendata/dataset/data-00000412/3009_02-13_jyu-ki_higashiyodogawa.csv,,35,,,
,data-00000412,,,160802,active,2019-06-06T19:28:25,,,CSV,,,,,各区町丁目別・男女別・各歳別人口及び世帯数（淀川区）(平成31年3月末日現在),2019-05-07T07:05:00,https://www.city.osaka.lg.jp/contents/wdu290/opendata/dataset/data-00000412/20190506_3103_02-12_jyu-ki_yodogawa.csv,,36,,,
,data-00000412,,,160836,active,2019-01-23T15:12:36,,,CSV,,,,,各区町丁目別・男女別・各歳別人口及び世帯数（淀川区）(平成30年9月末日現在),2019-01-23T15:12:35,https://www.city.osaka.lg.jp/contents/wdu290/opendata/dataset/data-00000412/3009_02-12_jyu-ki_yodogawa.csv,,37,,,
,data-00000412,,,144132,active,2019-06-06T19:28:25,,,CSV,,,,,各区町丁目別・男女別・各歳別人口及び世帯数（西淀川区）(平成31年3月末日現在),2019-05-07T06:55:00,https://www.city.osaka.lg.jp/contents/wdu290/opendata/dataset/data-00000412/20190506_3103_02-11_jyu-ki_nishiyodogawa.csv,,38,,,
,data-00000412,,,144158,active,2019-01-23T15:12:36,,,CSV,,,,,各区町丁目別・男女別・各歳別人口及び世帯数（西淀川区）(平成30年9月末日現在),2019-01-23T15:12:33,https://www.city.osaka.lg.jp/contents/wdu290/opendata/dataset/data-00000412/3009_02-11_jyu-ki_nishiyodogawa.csv,,39,,,
,data-00000412,,,140808,active,2019-06-06T19:28:25,,,CSV,,,,,各区町丁目別・男女別・各歳別人口及び世帯数（浪速区）(平成31年3月末日現在),2019-05-07T06:46:00,https://www.city.osaka.lg.jp/contents/wdu290/opendata/dataset/data-00000412/20190506_3103_02-10_jyu-ki_naniwa.csv,,40,,,
,data-00000412,,,140867,active,2019-01-23T15:12:36,,,CSV,,,,,各区町丁目別・男女別・各歳別人口及び世帯数（浪速区）(平成30年9月末日現在),2019-01-23T15:12:33,https://www.city.osaka.lg.jp/contents/wdu290/opendata/dataset/data-00000412/3009_02-10_jyu-ki_naniwa.csv,,41,,,
,data-00000412,,,144776,active,2019-06-06T19:28:25,,,CSV,,,,,各区町丁目別・男女別・各歳別人口及び世帯数（天王寺区）(平成31年3月末日現在),2019-05-07T07:02:00,https://www.city.osaka.lg.jp/contents/wdu290/opendata/dataset/data-00000412/20190506_3103_02-09_jyu-ki_tennoji.csv,,42,,,
,data-00000412,,,144800,active,2019-01-23T15:12:36,,,CSV,,,,,各区町丁目別・男女別・各歳別人口及び世帯数（天王寺区）(平成30年9月末日現在),2019-01-23T15:12:33,https://www.city.osaka.lg.jp/contents/wdu290/opendata/dataset/data-00000412/3009_02-09_jyu-ki_tennouji.csv,,43,,,
,data-00000412,,,136073,active,2019-06-06T19:28:25,,,CSV,,,,,各区町丁目別・男女別・各歳別人口及び世帯数（大正区）(平成31年3月末日現在),2019-05-07T07:01:00,https://www.city.osaka.lg.jp/contents/wdu290/opendata/dataset/data-00000412/20190506_3103_02-08_jyu-ki_taisho.csv,,44,,,
,data-00000412,,,136207,active,2019-01-23T15:12:36,,,CSV,,,,,各区町丁目別・男女別・各歳別人口及び世帯数（大正区）(平成30年9月末日現在),2019-01-23T15:12:33,https://www.city.osaka.lg.jp/contents/wdu290/opendata/dataset/data-00000412/3009_02-08_jyu-ki_taisyou.csv,,45,,,
,data-00000412,,,141156,active,2019-06-06T19:28:25,,,CSV,,,,,各区町丁目別・男女別・各歳別人口及び世帯数（港区）(平成31年3月末日現在),2019-05-07T06:45:00,https://www.city.osaka.lg.jp/contents/wdu290/opendata/dataset/data-00000412/20190506_3103_02-07_jyu-ki_minato.csv,,46,,,
,data-00000412,,,141281,active,2019-01-23T15:12:36,,,CSV,,,,,各区町丁目別・男女別・各歳別人口及び世帯数（港区）(平成30年9月末日現在),2019-01-23T15:12:33,https://www.city.osaka.lg.jp/contents/wdu290/opendata/dataset/data-00000412/3009_02-07_jyu-ki_minato.csv,,47,,,
,data-00000412,,,142259,active,2019-06-06T19:28:25,,,CSV,,,,,各区町丁目別・男女別・各歳別人口及び世帯数（西区）(平成31年3月末日現在),2019-05-07T06:53:00,https://www.city.osaka.lg.jp/contents/wdu290/opendata/dataset/data-00000412/20190506_3103_02-06_jyu-ki_nishi.csv,,48,,,
,data-00000412,,,142270,active,2019-01-23T15:12:36,,,CSV,,,,,各区町丁目別・男女別・各歳別人口及び世帯数（西区）(平成30年9月末日現在),2019-01-23T15:12:33,https://www.city.osaka.lg.jp/contents/wdu290/opendata/dataset/data-00000412/3009_02-06_jyu-ki_nishi.csv,,49,,,
,data-00000412,,,193476,active,2019-06-06T19:28:25,,,CSV,,,,,各区町丁目別・男女別・各歳別人口及び世帯数（中央区）(平成31年3月末日現在),2019-05-07T06:38:00,https://www.city.osaka.lg.jp/contents/wdu290/opendata/dataset/data-00000412/20190506_3103_02-05_jyu-ki_chuo.csv,,50,,,
,data-00000412,,,193448,active,2019-01-23T15:12:36,,,CSV,,,,,各区町丁目別・男女別・各歳別人口及び世帯数（中央区）(平成30年9月末日現在),2019-01-23T15:12:33,https://www.city.osaka.lg.jp/contents/wdu290/opendata/dataset/data-00000412/3009_02-05_jyu-ki_chuou.csv,,51,,,
,data-00000412,,,49138,active,2019-06-06T19:28:25,,,CSV,,,,,各区町丁目別・男女別・各歳別人口及び世帯数（此花区）(平成31年3月末日現在),2019-05-07T06:45:00,https://www.city.osaka.lg.jp/contents/wdu290/opendata/dataset/data-00000412/20190506_3103_02-04_jyu-ki_konohana.csv,,52,,,
,data-00000412,,,139612,active,2019-01-23T15:12:36,,,CSV,,,,,各区町丁目別・男女別・各歳別人口及び世帯数（此花区）(平成30年9月末日現在),2019-01-23T15:12:33,https://www.city.osaka.lg.jp/contents/wdu290/opendata/dataset/data-00000412/3009_02-04_jyu-ki_konohana.csv,,53,,,
,data-00000412,,,37378,active,2019-06-06T19:28:25,,,CSV,,,,,各区町丁目別・男女別・各歳別人口及び世帯数（福島区）(平成31年3月末日現在),2019-05-07T06:39:00,https://www.city.osaka.lg.jp/contents/wdu290/opendata/dataset/data-00000412/20190506_3103_02-03_jyu-ki_fukushima.csv,,54,,,
,data-00000412,,,133425,active,2019-01-23T15:12:36,,,CSV,,,,,各区町丁目別・男女別・各歳別人口及び世帯数（福島区）(平成30年9月末日現在),2019-01-23T15:12:33,https://www.city.osaka.lg.jp/contents/wdu290/opendata/dataset/data-00000412/3009_02-03_jyu-ki_fukushima.csv,,55,,,
,data-00000412,,,43621,active,2019-06-06T19:28:25,,,CSV,,,,,各区町丁目別・男女別・各歳別人口及び世帯数（都島区）(平成31年3月末日現在),2019-05-07T06:45:00,https://www.city.osaka.lg.jp/contents/wdu290/opendata/dataset/data-00000412/20190506_3103_02-02_jyu-ki_miyakojima.csv,,56,,,
,data-00000412,,,137741,active,2019-01-23T15:12:36,,,CSV,,,,,各区町丁目別・男女別・各歳別人口及び世帯数（都島区）(平成30年9月末日現在),2019-01-23T15:12:35,https://www.city.osaka.lg.jp/contents/wdu290/opendata/dataset/data-00000412/3009_02-02_jyu-ki_miyakojima.csv,,57,,,
,data-00000412,,,169996,active,2019-06-06T19:28:25,,,CSV,,,,,各区町丁目別・男女別・各歳別人口及び世帯数（北区）(平成31年3月末日現在),2019-05-07T06:41:00,https://www.city.osaka.lg.jp/contents/wdu290/opendata/dataset/data-00000412/20190506_3103_02-01_jyu-ki_kita.csv,,58,,,
,data-00000412,,,169941,active,2019-01-23T15:12:36,,,CSV,,,,,各区町丁目別・男女別・各歳別人口及び世帯数（北区）(平成30年9月末日現在),2019-01-23T15:12:32,https://www.city.osaka.lg.jp/contents/wdu290/opendata/dataset/data-00000412/3009_02-01_jyu-ki_kita.csv,,59,,,
,data-00000412,,,941,active,2019-06-06T19:19:50,,,CSV,,,,,行政区別・男女別人口及び世帯数(平成31年3月末日現在),2019-05-07T06:37:00,https://www.city.osaka.lg.jp/contents/wdu290/opendata/dataset/data-00000412/20190506_3103_01_gyousei-danjo-setai.csv,,60,,,
,data-00000412,,,913,active,2019-01-23T15:12:36,,,CSV,,,,,行政区別・男女別人口及び世帯数(平成30年9月末日現在),2019-01-23T15:12:33,https://www.city.osaka.lg.jp/contents/wdu290/opendata/dataset/data-00000412/3009_01_gyousei-danjo-setai.csv,,61,,,
,data-00000413,,,5331,active,2020-01-24T00:27:00,,人口異動、自然動態、出生、死亡、自然増加、社会動態、転入、転出、社会増加、人口増加、出生率、死亡率、自然増加率、転入率、転出率、社会増加率、人口増加率、人口異動の推移,CSV,,,,,第2表　人口異動の推移(昭和22年～令和元年),2020-01-24T00:27:00,https://www.city.osaka.lg.jp/contents/wdu290/opendata/dataset/data-00000413/20200123_31-2hyou.csv,,0,,,
,data-00000413,,,19164,active,2020-01-16T00:45:00,,人口異動、自然動態、出生、死亡、自然増加、社会動態、転入、転出、社会増加、人口増加、出生率、死亡率、自然増加率、転入率、転出率、社会増加率、人口増加率、人口異動の推移,CSV,,,,,第1表　令和元年（平成31年）中の人口異動（月別）,2020-01-16T00:45:00,https://www.city.osaka.lg.jp/contents/wdu290/opendata/dataset/data-00000413/20200115_31-1hyou-2.csv,,1,,,
,data-00000413,,,4388,active,2020-01-20T05:41:00,,人口異動、自然動態、出生、死亡、自然増加、社会動態、転入、転出、社会増加、人口増加、出生率、死亡率、自然増加率、転入率、転出率、社会増加率、人口増加率、人口異動の推移,CSV,,,,,第1表　令和元年（平成31年）中の人口異動,2020-01-20T05:41:00,https://www.city.osaka.lg.jp/contents/wdu290/opendata/dataset/data-00000413/20200119_31-1hyou.csv,,2,,,
,data-00000413,,,5019,active,2019-01-23T07:04:00,,人口異動、自然動態、出生、死亡、自然増加、社会動態、転入、転出、社会増加、人口増加、出生率、死亡率、自然増加率、転入率、転出率、社会増加率、人口増加率、人口異動の推移,CSV,,,,,第2表　人口異動の推移(平成30年まで),2019-01-23T07:04:00,https://www.city.osaka.lg.jp/contents/wdu290/opendata/dataset/data-00000413/20190122_30-2hyou.csv,,3,,,
,data-00000413,,,19183,active,2019-01-23T07:04:00,,人口異動、自然動態、出生、死亡、自然増加、社会動態、転入、転出、社会増加、人口増加、出生率、死亡率、自然増加率、転入率、転出率、社会増加率、人口増加率、人口異動の推移,CSV,,,,,第1表　平成30年中の人口異動（月別）,2019-01-23T07:04:00,https://www.city.osaka.lg.jp/contents/wdu290/opendata/dataset/data-00000413/20190122_30-1hyou-2.csv,,4,,,
,data-00000413,,,3751,active,2019-01-23T07:04:00,,人口異動、自然動態、出生、死亡、自然増加、社会動態、転入、転出、社会増加、人口増加、出生率、死亡率、自然増加率、転入率、転出率、社会増加率、人口増加率、人口異動の推移,CSV,,,,,第1表　平成30年中の人口異動,2019-01-23T07:04:00,https://www.city.osaka.lg.jp/contents/wdu290/opendata/dataset/data-00000413/20190122_30-1hyou-1.csv,,5,,,
,data-00000413,,,4818,active,2019-01-16T22:30:33,,第2表　人口異動の推移(平成29年まで),CSV,,,,,第2表　人口異動の推移(平成29年まで),2020-02-13T09:52:03.243946,https://www.city.osaka.lg.jp/contents/wdu290/opendata/dataset/data-00000413/29-2hyou.csv,,6,,,
,data-00000413,,,18869,active,2019-01-16T22:30:33,,第1表　平成29年中の人口異動（月別）,CSV,,,,,第1表　平成29年中の人口異動（月別）,2020-02-13T09:52:04.010126,https://www.city.osaka.lg.jp/contents/wdu290/opendata/dataset/data-00000413/29-1hyou-2.csv,,7,,,
,data-00000413,,,3729,active,2019-01-16T22:30:33,,第1表　平成29年中の人口異動,CSV,,,,,第1表　平成29年中の人口異動,2020-02-13T09:52:04.844858,https://www.city.osaka.lg.jp/contents/wdu290/opendata/dataset/data-00000413/29-1hyou-1.csv,,8,,,
,data-00000413,,,3850,active,2019-01-16T22:30:33,,第2表　人口異動の推移(平成28年まで),CSV,,,,,第2表　人口異動の推移(平成28年まで),2020-02-13T09:52:05.660614,https://www.city.osaka.lg.jp/contents/wdu290/opendata/dataset/data-00000413/28-2hyou.csv,,9,,,
,data-00000413,,,20666,active,2019-01-16T22:30:33,,第1表　平成28年中の人口異動（月別）,CSV,,,,,第1表　平成28年中の人口異動（月別）,2020-02-13T09:52:06.572720,https://www.city.osaka.lg.jp/contents/wdu290/opendata/dataset/data-00000413/28-1hyou-2.csv,,10,,,
,data-00000413,,,4107,active,2019-01-16T22:30:33,,第1表　平成28年中の人口異動,CSV,,,,,第1表　平成28年中の人口異動,2020-02-13T09:52:07.456982,https://www.city.osaka.lg.jp/contents/wdu290/opendata/dataset/data-00000413/28-1hyou-1.csv,,11,,,
,data-00000413,,,4902,active,2019-01-16T22:30:33,,第2表　人口異動の推移(平成27年まで),CSV,,,,,第2表　人口異動の推移(平成27年まで),2020-02-13T09:52:08.450310,https://www.city.osaka.lg.jp/contents/wdu290/opendata/dataset/data-00000413/27-2hyou.csv,,12,,,
,data-00000413,,,20906,active,2019-01-16T22:30:33,,第1表　平成27年中の人口異動（月別）,CSV,,,,,第1表　平成27年中の人口異動（月別）,2020-02-13T09:52:09.400454,https://www.city.osaka.lg.jp/contents/wdu290/opendata/dataset/data-00000413/27-1hyou-2.csv,,13,,,
,data-00000413,,,4092,active,2019-01-16T22:30:33,,第1表　平成27年中の人口異動,CSV,,,,,第1表　平成27年中の人口異動,2020-02-13T09:52:10.295379,https://www.city.osaka.lg.jp/contents/wdu290/opendata/dataset/data-00000413/27-1hyou-1.csv,,14,,,
,data-00000414,,,9828358,active,2025-12-01T00:00:00,,大阪港全景（西⇒東）の写真です。,JPEG,,,,,01_大阪港全景（西⇒東）,2025-12-01T00:00:00,https://www.city.osaka.lg.jp/contents/wdu290/opendata/dataset/data-00000414/naname-01.jpg,,0,,,
,data-00000414,,,8483543,active,2025-12-01T00:00:00,,大阪港全景（北⇒南）の写真です。,JPEG,,,,,02_大阪港全景（北⇒南）,2025-12-01T00:00:00,https://www.city.osaka.lg.jp/contents/wdu290/opendata/dataset/data-00000414/naname-02.jpg,,1,,,
,data-00000414,,,9704931,active,2025-12-01T00:00:00,,コンテナ埠頭（C‐1～C‐4）の写真です。,JPEG,,,,,03_コンテナ埠頭（C‐1～C‐4）,2025-12-01T00:00:00,https://www.city.osaka.lg.jp/contents/wdu290/opendata/dataset/data-00000414/naname-03.jpg,,2,,,
,data-00000414,,,8208501,active,2025-12-01T00:00:00,,外貿多目的埠頭（C‐6～C‐7）の写真です。,JPEG,,,,,04_外貿多目的埠頭（C‐6～C‐7）,2025-12-01T00:00:00,https://www.city.osaka.lg.jp/contents/wdu290/opendata/dataset/data-00000414/naname-04.jpg,,3,,,
,data-00000414,,,8404057,active,2025-12-01T00:00:00,,コンテナ埠頭（C‐8～C‐9）の写真です。,JPEG,,,,,05_コンテナ埠頭（C‐8～C‐9）,2025-12-01T00:00:00,https://www.city.osaka.lg.jp/contents/wdu290/opendata/dataset/data-00000414/naname-05.jpg,,4,,,
,data-00000414,,,8230736,active,2025-12-01T00:00:00,,夢洲コンテナ埠頭（C‐10～C‐12）の写真です。,JPEG,,,,,06_夢洲コンテナ埠頭（C‐10～C‐12）,2025-12-01T00:00:00,https://www.city.osaka.lg.jp/contents/wdu290/opendata/dataset/data-00000414/naname-06.jpg,,5,,,
,data-00000414,,,10203699,active,2025-12-01T00:00:00,,コスモフェリー埠頭（R‐2～R‐5）の写真です。,JPEG,,,,,07_コスモフェリー埠頭（R‐2～R‐5）,2025-12-01T00:00:00,https://www.city.osaka.lg.jp/contents/wdu290/opendata/dataset/data-00000414/naname-07.jpg,,6,,,
,data-00000414,,,8780682,active,2025-12-01T00:00:00,,舞洲埠頭（HS-1~HS-3）の写真です。,JPEG,,,,,08_舞洲埠頭（HS-1~HS-3）,2025-12-01T00:00:00,https://www.city.osaka.lg.jp/contents/wdu290/opendata/dataset/data-00000414/naname-08.jpg,,7,,,
,data-00000414,,,7494154,active,2025-12-01T00:00:00,,国際フェリーターミナルの写真です。,JPEG,,,,,09_国際フェリーターミナル,2025-12-01T00:00:00,https://www.city.osaka.lg.jp/contents/wdu290/opendata/dataset/data-00000414/naname-09.jpg,,8,,,
,data-00000414,,,9216743,active,2025-12-01T00:00:00,,南港フェリーターミナルの写真です。,JPEG,,,,,10_南港フェリーターミナル,2025-12-01T00:00:00,https://www.city.osaka.lg.jp/contents/wdu290/opendata/dataset/data-00000414/naname-10.jpg,,9,,,
,data-00000414,,,8626025,active,2025-12-01T00:00:00,,港区築港地区全景の写真です。,JPEG,,,,,11_港区築港地区全景,2025-12-01T00:00:00,https://www.city.osaka.lg.jp/contents/wdu290/opendata/dataset/data-00000414/suichoku-01.jpg,,11,,,
,data-00000414,,,9928124,active,2025-12-01T00:00:00,,大正区鶴浜地区全景の写真です。,JPEG,,,,,12_大正区鶴浜地区全景,2025-12-01T00:00:00,https://www.city.osaka.lg.jp/contents/wdu290/opendata/dataset/data-00000414/suichoku-02.jpg,,12,,,
,data-00000414,,,8289851,active,2025-12-01T00:00:00,,コスモスクエア地区全景の写真です。,JPEG,,,,,13_コスモスクエア地区全景,2025-12-01T00:00:00,https://www.city.osaka.lg.jp/contents/wdu290/opendata/dataset/data-00000414/suichoku-03.jpg,,13,,,
,data-00000414,,,8763632,active,2025-12-01T00:00:00,,此花西部臨海地区（USJ周辺）の写真です。,JPEG,,,,,14_此花西部臨海地区（USJ周辺）,2025-12-01T00:00:00,https://www.city.osaka.lg.jp/contents/wdu290/opendata/dataset/data-00000414/suichoku-04.jpg,,14,,,
,data-00000414,,,7966062,active,2025-12-01T00:00:00,,夢洲全景の写真です。,JPEG,,,,,15_夢洲全景,2025-12-01T00:00:00,https://www.city.osaka.lg.jp/contents/wdu290/opendata/dataset/data-00000414/suichoku-05.jpg,,15,,,
,data-00000414,,,7903991,active,2025-12-01T00:00:00,,舞洲全景の写真です。,JPEG,,,,,16_舞洲全景,2025-12-01T00:00:00,https://www.city.osaka.lg.jp/contents/wdu290/opendata/dataset/data-00000414/suichoku-06.jpg,,16,,,
,data-00000414,,,10062943,active,2025-12-01T00:00:00,,平林地区全景の写真です。,JPEG,,,,,17_平林地区全景,2025-12-01T00:00:00,https://www.city.osaka.lg.jp/contents/wdu290/opendata/dataset/data-00000414/suichoku-07.jpg,,17,,,
,data-00000414,,,9667234,active,2025-12-01T00:00:00,,南港南埠頭全景の写真です。,JPEG,,,,,18_南港南埠頭全景,2025-12-01T00:00:00,https://www.city.osaka.lg.jp/contents/wdu290/opendata/dataset/data-00000414/suichoku-08.jpg,,18,,,
,data-00000414,,,8146646,active,2025-12-01T00:00:00,,南港ポートタウン全景の写真です。,JPEG,,,,,19_南港ポートタウン全景,2025-12-01T00:00:00,https://www.city.osaka.lg.jp/contents/wdu290/opendata/dataset/data-00000414/suichoku-09.jpg,,19,,,
,data-00000415,,,56625,active,2026-09-01T00:00:00,,,CSV,,,,,イベント一覧,2026-09-01T00:00:00,https://www.city.osaka.lg.jp/contents/wdu290/opendata/dataset/data-00000415/271004_event.csv,,1,,,
,data-00000416,,,2236,active,2019-03-03T17:52:48,,4　（2）市立斎場式場使用状況,CSV,,,,,4　（2）市立斎場式場使用状況,2020-03-19T20:14:44.872817,https://www.city.osaka.lg.jp/contents/wdu290/opendata/dataset/data-00000416/2017_san4-2.csv,,0,,,
,data-00000416,,,4103,active,2019-03-03T17:52:37,,4　（1）市立斎場火葬取扱状況,CSV,,,,,4　（1）市立斎場火葬取扱状況,2020-03-19T20:14:45.912052,https://www.city.osaka.lg.jp/contents/wdu290/opendata/dataset/data-00000416/2017_san4-1.csv,,1,,,
,data-00000416,,,5938,active,2019-03-03T17:52:28,,3　胞衣汚物等処理状況の推移,CSV,,,,,3　胞衣汚物等処理状況の推移,2020-03-19T20:14:46.924719,https://www.city.osaka.lg.jp/contents/wdu290/opendata/dataset/data-00000416/2017_san3.csv,,2,,,
,data-00000416,,,5330,active,2019-03-03T17:52:17,,2　（3）し尿の処理状況,CSV,,,,,2　（3）し尿の処理状況,2020-03-19T20:14:48.078222,https://www.city.osaka.lg.jp/contents/wdu290/opendata/dataset/data-00000416/2017_san2-3.csv,,3,,,
,data-00000416,,,9624,active,2019-03-03T17:52:07,,2　（2）ごみの処分状況,CSV,,,,,2　（2）ごみの処分状況,2019-03-03T15:33:41,https://www.city.osaka.lg.jp/contents/wdu290/opendata/dataset/data-00000416/2017_san2-2.csv,,4,,,
,data-00000416,,,8540,active,2019-03-03T17:51:58,,2　（1）ごみの収集状況,CSV,,,,,2　（1）ごみの収集状況,2019-03-03T15:33:41,https://www.city.osaka.lg.jp/contents/wdu290/opendata/dataset/data-00000416/2017_san2-1.csv,,5,,,
,data-00000416,,,2375,active,2019-03-03T17:51:46,,1　人口・世帯数・市域面積の変遷,CSV,,,,,1　人口・世帯数・市域面積の変遷,2019-03-03T15:33:41,https://www.city.osaka.lg.jp/contents/wdu290/opendata/dataset/data-00000416/2017_san1.csv,,6,,,
,data-00000416,,,1555,active,2019-03-03T15:33:41,,2　市立斎場式場使用件数,CSV,,,,,2　市立斎場式場使用件数,2019-03-03T15:33:41,https://www.city.osaka.lg.jp/contents/wdu290/opendata/dataset/data-00000416/2017_5-2.csv,,7,,,
,data-00000416,,,584,active,2019-03-03T15:33:41,,1　市立斎場火葬取扱件数,CSV,,,,,1　市立斎場火葬取扱件数,2019-03-03T15:33:41,https://www.city.osaka.lg.jp/contents/wdu290/opendata/dataset/data-00000416/2017_5-1.csv,,8,,,
,data-00000416,,,990,active,2019-03-03T15:33:41,,2　犬・猫等の死体処理状況（道路上のへい死動物）,CSV,,,,,2　犬・猫等の死体処理状況（道路上のへい死動物）,2019-03-03T15:33:41,https://www.city.osaka.lg.jp/contents/wdu290/opendata/dataset/data-00000416/2017_4-2.csv,,9,,,
,data-00000416,,,415,active,2019-03-03T15:33:41,,1　犬・猫等の死体処理状況（家庭で飼われていたペットの死体）,CSV,,,,,1　犬・猫等の死体処理状況（家庭で飼われていたペットの死体）,2019-03-03T15:33:41,https://www.city.osaka.lg.jp/contents/wdu290/opendata/dataset/data-00000416/2017_4-1.csv,,10,,,
,data-00000416,,,491,active,2019-03-03T15:33:41,,2　し尿収集家屋の推移,CSV,,,,,2　し尿収集家屋の推移,2019-03-03T15:33:41,https://www.city.osaka.lg.jp/contents/wdu290/opendata/dataset/data-00000416/2017_3-2.csv,,11,,,
,data-00000416,,,390,active,2019-03-03T15:33:41,,1　し尿収集処分状況,CSV,,,,,1　し尿収集処分状況,2019-03-03T15:33:41,https://www.city.osaka.lg.jp/contents/wdu290/opendata/dataset/data-00000416/2017_3-1.csv,,12,,,
,data-00000416,,,381,active,2019-03-03T15:33:41,,3‐9　コミュニティ回収活動実績,CSV,,,,,3‐9　コミュニティ回収活動実績,2019-03-03T15:33:41,https://www.city.osaka.lg.jp/contents/wdu290/opendata/dataset/data-00000416/2017_2-3-9.csv,,13,,,
,data-00000416,,,3274,active,2019-03-03T15:33:41,,3‐8　資源集団回収活動実績,CSV,,,,,3‐8　資源集団回収活動実績,2019-03-03T15:33:41,https://www.city.osaka.lg.jp/contents/wdu290/opendata/dataset/data-00000416/2017_2-3-8.csv,,14,,,
,data-00000416,,,1024,active,2019-03-03T15:33:41,,3‐7　拠点回収受付実績 （インクカートリッジ・使用済小型家電）,CSV,,,,,3‐7　拠点回収受付実績 （インクカートリッジ・使用済小型家電）,2019-03-03T15:33:41,https://www.city.osaka.lg.jp/contents/wdu290/opendata/dataset/data-00000416/2017_2-3-7.csv,,15,,,
,data-00000416,,,14938,active,2019-03-03T15:33:41,,3‐6　拠点回収受付実績 （マタニティウェア・ベビー服・子ども服）,CSV,,,,,3‐6　拠点回収受付実績 （マタニティウェア・ベビー服・子ども服）,2019-03-03T15:33:41,https://www.city.osaka.lg.jp/contents/wdu290/opendata/dataset/data-00000416/2017_2-3-6.csv,,16,,,
,data-00000416,,,13940,active,2019-03-03T15:33:41,,3‐5　拠点回収受付実績（乾電池・蛍光灯管・水銀体温計・水銀血圧計）,CSV,,,,,3‐5　拠点回収受付実績（乾電池・蛍光灯管・水銀体温計・水銀血圧計）,2019-03-03T15:33:41,https://www.city.osaka.lg.jp/contents/wdu290/opendata/dataset/data-00000416/2017_2-3-5.csv,,17,,,
,data-00000416,,,32398,active,2019-03-03T15:33:41,,3‐4　直営及び委託収集処理処分状況,CSV,,,,,3‐4　直営及び委託収集処理処分状況,2019-03-03T15:33:41,https://www.city.osaka.lg.jp/contents/wdu290/opendata/dataset/data-00000416/2017_2-3-4.csv,,18,,,
,data-00000416,,,1339,active,2019-03-03T15:33:41,,3‐3　最終処分状況,CSV,,,,,3‐3　最終処分状況,2019-03-03T15:33:41,https://www.city.osaka.lg.jp/contents/wdu290/opendata/dataset/data-00000416/2017_2-3-3.csv,,19,,,
,data-00000416,,,1122,active,2019-03-03T15:33:41,,3‐2　破砕施設処理状況,CSV,,,,,3‐2　破砕施設処理状況,2019-03-03T15:33:41,https://www.city.osaka.lg.jp/contents/wdu290/opendata/dataset/data-00000416/2017_2-3-2.csv,,20,,,
,data-00000416,,,12180,active,2019-03-03T15:33:41,,3‐1　工場別処理状況,CSV,,,,,3‐1　工場別処理状況,2019-03-03T15:33:41,https://www.city.osaka.lg.jp/contents/wdu290/opendata/dataset/data-00000416/2017_2-3-1.csv,,21,,,
,data-00000416,,,690,active,2019-03-03T15:33:41,,2‐8　水面清掃作業状況,CSV,,,,,2‐8　水面清掃作業状況,2019-03-03T15:33:41,https://www.city.osaka.lg.jp/contents/wdu290/opendata/dataset/data-00000416/2017_2-2-8.csv,,22,,,
,data-00000416,,,4187,active,2019-03-03T15:33:41,,2‐7　行政区別ごみ収集状況,CSV,,,,,2‐7　行政区別ごみ収集状況,2019-03-03T15:33:41,https://www.city.osaka.lg.jp/contents/wdu290/opendata/dataset/data-00000416/2017_2-2-7.csv,,23,,,
,data-00000416,,,5625,active,2019-03-03T15:33:41,,2‐6　古紙・衣類収集状況,CSV,,,,,2‐6　古紙・衣類収集状況,2019-03-03T15:33:41,https://www.city.osaka.lg.jp/contents/wdu290/opendata/dataset/data-00000416/2017_2-2-6.csv,,24,,,
,data-00000416,,,5676,active,2019-03-03T15:33:41,,2‐5　容器包装プラスチック収集状況,CSV,,,,,2‐5　容器包装プラスチック収集状況,2019-03-03T15:33:41,https://www.city.osaka.lg.jp/contents/wdu290/opendata/dataset/data-00000416/2017_2-2-5.csv,,25,,,
,data-00000416,,,5775,active,2019-03-03T15:33:41,,2‐4　資源ごみ収集状況,CSV,,,,,2‐4　資源ごみ収集状況,2019-03-03T15:33:41,https://www.city.osaka.lg.jp/contents/wdu290/opendata/dataset/data-00000416/2017_2-2-4.csv,,26,,,
,data-00000416,,,7036,active,2019-03-03T15:33:41,,2‐3　普通ごみ収集状況,CSV,,,,,2‐3　普通ごみ収集状況,2019-03-03T15:33:41,https://www.city.osaka.lg.jp/contents/wdu290/opendata/dataset/data-00000416/2017_2-2-3.csv,,27,,,
,data-00000416,,,597,active,2019-03-03T15:33:41,,2‐2　管路輸送稼動状況,CSV,,,,,2‐2　管路輸送稼動状況,2019-03-03T15:33:41,https://www.city.osaka.lg.jp/contents/wdu290/opendata/dataset/data-00000416/2017_2-2-2.csv,,28,,,
,data-00000416,,,26605,active,2019-03-03T15:33:41,,2‐1　直営及び委託収集状況,CSV,,,,,2‐1　直営及び委託収集状況,2019-03-03T15:33:41,https://www.city.osaka.lg.jp/contents/wdu290/opendata/dataset/data-00000416/2017_2-2-1.csv,,29,,,
,data-00000416,,,3367,active,2019-03-03T15:33:41,,1　ごみ等収集・処理処分状況,CSV,,,,,1　ごみ等収集・処理処分状況,2019-03-03T15:33:41,https://www.city.osaka.lg.jp/contents/wdu290/opendata/dataset/data-00000416/2017_2-1.csv,,30,,,
,data-00000416,,,448,active,2019-03-03T15:33:41,,8‐2　大規模小売店舗立地法等に基づく環境面の協議件数,CSV,,,,,8‐2　大規模小売店舗立地法等に基づく環境面の協議件数,2019-03-03T15:33:41,https://www.city.osaka.lg.jp/contents/wdu290/opendata/dataset/data-00000416/2017_1-8-2.csv,,31,,,
,data-00000416,,,4953,active,2019-03-03T15:33:41,,8‐1　本市環境影響評価条例施行後に手続きが行われた事業一覧,CSV,,,,,8‐1　本市環境影響評価条例施行後に手続きが行われた事業一覧,2019-03-03T15:33:41,https://www.city.osaka.lg.jp/contents/wdu290/opendata/dataset/data-00000416/2017_1-8-1.csv,,32,,,
,data-00000416,,,737,active,2019-03-03T15:33:41,,7‐2　行政区別苦情件数集計表,CSV,,,,,7‐2　行政区別苦情件数集計表,2019-03-03T15:33:41,https://www.city.osaka.lg.jp/contents/wdu290/opendata/dataset/data-00000416/2017_1-7-2.csv,,33,,,
,data-00000416,,,302,active,2019-03-03T15:33:41,,7‐1　公害苦情の種類別件数の経年変化,CSV,,,,,7‐1　公害苦情の種類別件数の経年変化,2019-03-03T15:33:41,https://www.city.osaka.lg.jp/contents/wdu290/opendata/dataset/data-00000416/2017_1-7-1.csv,,34,,,
,data-00000416,,,322,active,2019-03-03T15:33:41,,6‐11　大阪国際空港着陸航路下における航空機騒音測定結果,CSV,,,,,6‐11　大阪国際空港着陸航路下における航空機騒音測定結果,2019-03-03T15:33:41,https://www.city.osaka.lg.jp/contents/wdu290/opendata/dataset/data-00000416/2017_1-6-11.csv,,35,,,
,data-00000416,,,247,active,2019-03-03T15:33:41,,6‐10　新幹線鉄道騒音・振動に係る発生源対策の状況,CSV,,,,,6‐10　新幹線鉄道騒音・振動に係る発生源対策の状況,2019-03-03T15:33:41,https://www.city.osaka.lg.jp/contents/wdu290/opendata/dataset/data-00000416/2017_1-6-10.csv,,36,,,
,data-00000416,,,553,active,2019-03-03T15:33:41,,6‐9　新幹線鉄道騒音・振動測定結果,CSV,,,,,6‐9　新幹線鉄道騒音・振動測定結果,2019-03-03T15:33:41,https://www.city.osaka.lg.jp/contents/wdu290/opendata/dataset/data-00000416/2017_1-6-9.csv,,37,,,
,data-00000416,,,170,active,2019-03-03T15:33:41,,6‐8　立入指導等の状況（振動）,CSV,,,,,6‐8　立入指導等の状況（振動）,2019-03-03T15:33:41,https://www.city.osaka.lg.jp/contents/wdu290/opendata/dataset/data-00000416/2017_1-6-8.csv,,38,,,
,data-00000416,,,348,active,2019-03-03T15:33:41,,6‐7　特定建設作業実施届出件数（振動）,CSV,,,,,6‐7　特定建設作業実施届出件数（振動）,2019-03-03T15:33:41,https://www.city.osaka.lg.jp/contents/wdu290/opendata/dataset/data-00000416/2017_1-6-7.csv,,39,,,
,data-00000416,,,282,active,2019-03-03T15:33:41,,6‐6　振動規制法・大阪府生活環境の保全等に関する条例（振動）に基づく特定（届出）施設の届出件数,CSV,,,,,6‐6　振動規制法・大阪府生活環境の保全等に関する条例（振動）に基づく特定（届出）施設の届出件数,2019-03-03T15:33:41,https://www.city.osaka.lg.jp/contents/wdu290/opendata/dataset/data-00000416/2017_1-6-6.csv,,40,,,
,data-00000416,,,539,active,2019-03-03T15:33:41,,6‐5　特定（届出）工場・事業場数（振動関係）,CSV,,,,,6‐5　特定（届出）工場・事業場数（振動関係）,2019-03-03T15:33:41,https://www.city.osaka.lg.jp/contents/wdu290/opendata/dataset/data-00000416/2017_1-6-5.csv,,41,,,
,data-00000416,,,172,active,2019-03-03T15:33:41,,6‐4　立入指導等の状況（騒音）,CSV,,,,,6‐4　立入指導等の状況（騒音）,2019-03-03T15:33:41,https://www.city.osaka.lg.jp/contents/wdu290/opendata/dataset/data-00000416/2017_1-6-4.csv,,42,,,
,data-00000416,,,573,active,2019-03-03T15:33:41,,6‐3　特定建設作業実施届出件数（騒音）,CSV,,,,,6‐3　特定建設作業実施届出件数（騒音）,2019-03-03T15:33:41,https://www.city.osaka.lg.jp/contents/wdu290/opendata/dataset/data-00000416/2017_1-6-3.csv,,43,,,
,data-00000416,,,288,active,2019-03-03T15:33:41,,6‐2　騒音規制法・大阪府生活環境の保全等に関する条例（騒音）に基づく特定（届出）施設の届出件数,CSV,,,,,6‐2　騒音規制法・大阪府生活環境の保全等に関する条例（騒音）に基づく特定（届出）施設の届出件数,2019-03-03T15:33:41,https://www.city.osaka.lg.jp/contents/wdu290/opendata/dataset/data-00000416/2017_1-6-2.csv,,44,,,
,data-00000416,,,584,active,2019-03-03T15:33:41,,6‐1　特定（届出）工場・事業場数（騒音関係）,CSV,,,,,6‐1　特定（届出）工場・事業場数（騒音関係）,2019-03-03T15:33:41,https://www.city.osaka.lg.jp/contents/wdu290/opendata/dataset/data-00000416/2017_1-6-1.csv,,45,,,
,data-00000416,,,310,active,2019-03-03T15:33:41,,5‐6　ダイオキシン類の排出量（推計）,CSV,,,,,5‐6　ダイオキシン類の排出量（推計）,2019-03-03T15:33:41,https://www.city.osaka.lg.jp/contents/wdu290/opendata/dataset/data-00000416/2017_1-5-6.csv,,46,,,
,data-00000416,,,402,active,2019-03-03T15:33:41,,5‐5　PRTR法及び府条例に基づく届出排出量・移動量・取扱量,CSV,,,,,5‐5　PRTR法及び府条例に基づく届出排出量・移動量・取扱量,2019-03-03T15:33:41,https://www.city.osaka.lg.jp/contents/wdu290/opendata/dataset/data-00000416/2017_1-5-5.csv,,47,,,
,data-00000416,,,178,active,2019-03-03T15:33:41,,5‐4　PRTR法及び府条例に基づく排出量等の届出件数,CSV,,,,,5‐4　PRTR法及び府条例に基づく排出量等の届出件数,2019-03-03T15:33:41,https://www.city.osaka.lg.jp/contents/wdu290/opendata/dataset/data-00000416/2017_1-5-4.csv,,48,,,
,data-00000416,,,1423,active,2019-03-03T15:33:41,,5‐3　有害大気汚染物質の環境モニタリング結果,CSV,,,,,5‐3　有害大気汚染物質の環境モニタリング結果,2019-03-03T15:33:41,https://www.city.osaka.lg.jp/contents/wdu290/opendata/dataset/data-00000416/2017_1-5-3.csv,,49,,,
,data-00000416,,,222,active,2019-03-03T15:33:41,,5‐2　ダイオキシン類対策特別措置法に基づく届出件数,CSV,,,,,5‐2　ダイオキシン類対策特別措置法に基づく届出件数,2019-03-03T15:33:41,https://www.city.osaka.lg.jp/contents/wdu290/opendata/dataset/data-00000416/2017_1-5-2.csv,,50,,,
,data-00000416,,,1533,active,2019-03-03T15:33:41,,5‐1　ダイオキシン類環境調査結果,CSV,,,,,5‐1　ダイオキシン類環境調査結果,2019-03-03T15:33:41,https://www.city.osaka.lg.jp/contents/wdu290/opendata/dataset/data-00000416/2017_1-5-1.csv,,51,,,
,data-00000416,,,1327,active,2019-03-03T15:33:41,,4‐5　地下水継続監視調査結果,CSV,,,,,4‐5　地下水継続監視調査結果,2019-03-03T15:33:41,https://www.city.osaka.lg.jp/contents/wdu290/opendata/dataset/data-00000416/2017_1-4-5.csv,,52,,,
,data-00000416,,,1138,active,2019-03-03T15:33:41,,4‐4　地下水汚染井戸周辺地区調査結果,CSV,,,,,4‐4　地下水汚染井戸周辺地区調査結果,2019-03-03T15:33:41,https://www.city.osaka.lg.jp/contents/wdu290/opendata/dataset/data-00000416/2017_1-4-4.csv,,53,,,
,data-00000416,,,1879,active,2019-03-03T15:33:41,,4‐3　地下水概況調査結果,CSV,,,,,4‐3　地下水概況調査結果,2019-03-03T15:33:41,https://www.city.osaka.lg.jp/contents/wdu290/opendata/dataset/data-00000416/2017_1-4-3.csv,,54,,,
,data-00000416,,,2432,active,2019-03-03T15:33:41,,4‐2　地下水位観測井の概要及び地下水位観測結果,CSV,,,,,4‐2　地下水位観測井の概要及び地下水位観測結果,2019-03-03T15:33:41,https://www.city.osaka.lg.jp/contents/wdu290/opendata/dataset/data-00000416/2017_1-4-2.csv,,55,,,
,data-00000416,,,2146,active,2019-03-03T15:33:41,,4‐1　各区主要地点における水準点高さ変動量,CSV,,,,,4‐1　各区主要地点における水準点高さ変動量,2019-03-03T15:33:41,https://www.city.osaka.lg.jp/contents/wdu290/opendata/dataset/data-00000416/2017_1-4-1.csv,,56,,,
,data-00000416,,,359,active,2019-03-03T15:33:41,,3‐4　大阪市内河川底質調査結果,CSV,,,,,3‐4　大阪市内河川底質調査結果,2019-03-03T15:33:41,https://www.city.osaka.lg.jp/contents/wdu290/opendata/dataset/data-00000416/2017_1-3-4.csv,,57,,,
,data-00000416,,,533,active,2019-03-03T15:33:41,,3‐3　大阪市内公共用水域における水質調査結果②海域,CSV,,,,,3‐3　大阪市内公共用水域における水質調査結果②海域,2019-03-03T15:33:41,https://www.city.osaka.lg.jp/contents/wdu290/opendata/dataset/data-00000416/2017_1-3-3-2.csv,,58,,,
,data-00000416,,,2451,active,2019-03-03T15:33:41,,3‐3　大阪市内公共用水域における水質調査結果①河川,CSV,,,,,3‐3　大阪市内公共用水域における水質調査結果①河川,2019-03-03T15:33:41,https://www.city.osaka.lg.jp/contents/wdu290/opendata/dataset/data-00000416/2017_1-3-3-1.csv,,59,,,
,data-00000416,,,710,active,2019-03-03T15:33:41,,3‐2　大阪港湾水域におけるCODの経年変化,CSV,,,,,3‐2　大阪港湾水域におけるCODの経年変化,2019-03-03T15:33:41,https://www.city.osaka.lg.jp/contents/wdu290/opendata/dataset/data-00000416/2017_1-3-2.csv,,60,,,
,data-00000416,,,3024,active,2019-03-03T15:33:41,,3‐1　大阪市内公共用水域におけるBODの経年変化,CSV,,,,,3‐1　大阪市内公共用水域におけるBODの経年変化,2019-03-03T15:33:41,https://www.city.osaka.lg.jp/contents/wdu290/opendata/dataset/data-00000416/2017_1-3-1.csv,,61,,,
,data-00000416,,,303,active,2019-03-03T15:33:41,,2‐5　自動車からの窒素酸化物排出量の推移,CSV,,,,,2‐5　自動車からの窒素酸化物排出量の推移,2019-03-03T15:33:41,https://www.city.osaka.lg.jp/contents/wdu290/opendata/dataset/data-00000416/2017_1-2-5.csv,,62,,,
,data-00000416,,,414,active,2019-03-03T15:33:41,,2‐4　自動車騒音の障害防止対策（民家防音工事助成）,CSV,,,,,2‐4　自動車騒音の障害防止対策（民家防音工事助成）,2019-03-03T15:33:41,https://www.city.osaka.lg.jp/contents/wdu290/opendata/dataset/data-00000416/2017_1-2-4.csv,,63,,,
,data-00000416,,,388,active,2019-03-03T15:33:41,,2‐3　大阪市域幹線道路における低騒音舗装の施工状況及び遮音壁の設置状況,CSV,,,,,2‐3　大阪市域幹線道路における低騒音舗装の施工状況及び遮音壁の設置状況,2019-03-03T15:33:41,https://www.city.osaka.lg.jp/contents/wdu290/opendata/dataset/data-00000416/2017_1-2-3.csv,,64,,,
,data-00000416,,,166,active,2019-03-03T15:33:41,,2‐2　過去5年の自動車騒音・道路交通振動苦情発生件数の経年変化,CSV,,,,,2‐2　過去5年の自動車騒音・道路交通振動苦情発生件数の経年変化,2019-03-03T15:33:41,https://www.city.osaka.lg.jp/contents/wdu290/opendata/dataset/data-00000416/2017_1-2-2.csv,,65,,,
,data-00000416,,,3043,active,2019-03-03T15:33:41,,2‐1　自動車騒音・道路交通振動測定,CSV,,,,,2‐1　自動車騒音・道路交通振動測定,2019-03-03T15:33:41,https://www.city.osaka.lg.jp/contents/wdu290/opendata/dataset/data-00000416/2017_1-2-1.csv,,66,,,
,data-00000416,,,609,active,2019-03-03T15:33:41,,1‐29　一般環境大気中のアスベスト濃度調査結果,CSV,,,,,1‐29　一般環境大気中のアスベスト濃度調査結果,2019-03-03T15:33:41,https://www.city.osaka.lg.jp/contents/wdu290/opendata/dataset/data-00000416/2017_1-1-29.csv,,67,,,
,data-00000416,,,110,active,2019-03-03T15:33:41,,1‐28　アスベスト現場立入検査件数,CSV,,,,,1‐28　アスベスト現場立入検査件数,2019-03-03T15:33:41,https://www.city.osaka.lg.jp/contents/wdu290/opendata/dataset/data-00000416/2017_1-1-28.csv,,68,,,
,data-00000416,,,110,active,2019-03-03T15:33:41,,1‐27　アスベスト環境濃度測定実施作業件数,CSV,,,,,1‐27　アスベスト環境濃度測定実施作業件数,2019-03-03T15:33:41,https://www.city.osaka.lg.jp/contents/wdu290/opendata/dataset/data-00000416/2017_1-1-27.csv,,69,,,
,data-00000416,,,299,active,2019-03-03T15:33:41,,1‐26　特定粉じん（石綿）排出等作業に係る届出件数,CSV,,,,,1‐26　特定粉じん（石綿）排出等作業に係る届出件数,2019-03-03T15:33:41,https://www.city.osaka.lg.jp/contents/wdu290/opendata/dataset/data-00000416/2017_1-1-26.csv,,70,,,
,data-00000416,,,270,active,2019-03-03T15:33:41,,1‐25　特定工場における公害防止組織の整備に関する法律に基づく届出件数,CSV,,,,,1‐25　特定工場における公害防止組織の整備に関する法律に基づく届出件数,2019-03-03T15:33:41,https://www.city.osaka.lg.jp/contents/wdu290/opendata/dataset/data-00000416/2017_1-1-25.csv,,71,,,
,data-00000416,,,365,active,2019-03-03T15:33:41,,1‐24　大気汚染防止法・大阪府生活環境の保全等に関する条例(大気)に基づく届出件数,CSV,,,,,1‐24　大気汚染防止法・大阪府生活環境の保全等に関する条例(大気)に基づく届出件数,2019-03-03T15:33:41,https://www.city.osaka.lg.jp/contents/wdu290/opendata/dataset/data-00000416/2017_1-1-24.csv,,72,,,
,data-00000416,,,825,active,2019-03-03T15:33:41,,1‐23　届出工場・事業場数（大阪府生活環境の保全等に関する条例）,CSV,,,,,1‐23　届出工場・事業場数（大阪府生活環境の保全等に関する条例）,2019-03-03T15:33:41,https://www.city.osaka.lg.jp/contents/wdu290/opendata/dataset/data-00000416/2017_1-1-23.csv,,73,,,
,data-00000416,,,717,active,2019-03-03T15:33:41,,1‐22　届出工場・事業場数（大気汚染防止法）,CSV,,,,,1‐22　届出工場・事業場数（大気汚染防止法）,2019-03-03T15:33:41,https://www.city.osaka.lg.jp/contents/wdu290/opendata/dataset/data-00000416/2017_1-1-22.csv,,74,,,
,data-00000416,,,71,active,2019-03-03T15:33:41,,1-21　悪臭に係る検査件数,CSV,,,,,1-21　悪臭に係る検査件数,2019-03-03T15:33:41,https://www.city.osaka.lg.jp/contents/wdu290/opendata/dataset/data-00000416/2017_1-1-21.csv,,75,,,
,data-00000416,,,166,active,2019-03-03T15:33:41,,1-20　大気汚染防止推進月間に係る立入検査結果,CSV,,,,,1-20　大気汚染防止推進月間に係る立入検査結果,2019-03-03T15:33:41,https://www.city.osaka.lg.jp/contents/wdu290/opendata/dataset/data-00000416/2017_1-1-20.csv,,76,,,
,data-00000416,,,177,active,2019-03-03T15:33:41,,1-19　環境月間に係る立入検査結果,CSV,,,,,1-19　環境月間に係る立入検査結果,2019-03-03T15:33:41,https://www.city.osaka.lg.jp/contents/wdu290/opendata/dataset/data-00000416/2017_1-1-19.csv,,77,,,
,data-00000416,,,187,active,2019-03-03T15:33:41,,1-18　立入指導等の状況（大気）,CSV,,,,,1-18　立入指導等の状況（大気）,2019-03-03T15:33:41,https://www.city.osaka.lg.jp/contents/wdu290/opendata/dataset/data-00000416/2017_1-1-18.csv,,78,,,
,data-00000416,,,219,active,2019-03-03T15:33:41,,1-17　窒素酸化物・硫黄酸化物総量規制対象工場・事業場数,CSV,,,,,1-17　窒素酸化物・硫黄酸化物総量規制対象工場・事業場数,2019-03-03T15:33:41,https://www.city.osaka.lg.jp/contents/wdu290/opendata/dataset/data-00000416/2017_1-1-17.csv,,79,,,
,data-00000416,,,321,active,2019-03-03T15:33:41,,1-16　固定発生源からの窒素酸化物排出量の推移,CSV,,,,,1-16　固定発生源からの窒素酸化物排出量の推移,2019-03-03T15:33:41,https://www.city.osaka.lg.jp/contents/wdu290/opendata/dataset/data-00000416/2017_1-1-16.csv,,80,,,
,data-00000416,,,588,active,2019-03-03T15:33:41,,1-15　短期測定による浮遊粒子状物質（SPM）、二酸化硫黄（SO2）の測定結果,CSV,,,,,1-15　短期測定による浮遊粒子状物質（SPM）、二酸化硫黄（SO2）の測定結果,2019-03-03T15:33:41,https://www.city.osaka.lg.jp/contents/wdu290/opendata/dataset/data-00000416/2017_1-1-15.csv,,81,,,
,data-00000416,,,540,active,2019-03-03T15:33:41,,1-14　短期測定による二酸化窒素（NO2）、一酸化窒素（NO）の測定結果,CSV,,,,,1-14　短期測定による二酸化窒素（NO2）、一酸化窒素（NO）の測定結果,2019-03-03T15:33:41,https://www.city.osaka.lg.jp/contents/wdu290/opendata/dataset/data-00000416/2017_1-1-14.csv,,82,,,
,data-00000416,,,499,active,2019-03-03T15:33:41,,1-13　一酸化炭素（CO）濃度経年変化,CSV,,,,,1-13　一酸化炭素（CO）濃度経年変化,2019-03-03T15:33:41,https://www.city.osaka.lg.jp/contents/wdu290/opendata/dataset/data-00000416/2017_1-1-13.csv,,83,,,
,data-00000416,,,1665,active,2019-03-03T15:33:41,,1-12　二酸化硫黄（SO2）濃度経年変化,CSV,,,,,1-12　二酸化硫黄（SO2）濃度経年変化,2019-03-03T15:33:41,https://www.city.osaka.lg.jp/contents/wdu290/opendata/dataset/data-00000416/2017_1-1-12.csv,,84,,,
,data-00000416,,,883,active,2019-03-03T15:33:41,,1-11　年度別・地域別光化学スモッグ被害の訴え状況,CSV,,,,,1-11　年度別・地域別光化学スモッグ被害の訴え状況,2019-03-03T15:33:41,https://www.city.osaka.lg.jp/contents/wdu290/opendata/dataset/data-00000416/2017_1-1-11.csv,,85,,,
,data-00000416,,,827,active,2019-03-03T15:33:41,,1-10　年度別・地域別光化学スモッグ注意報等発令回数,CSV,,,,,1-10　年度別・地域別光化学スモッグ注意報等発令回数,2019-03-03T15:33:41,https://www.city.osaka.lg.jp/contents/wdu290/opendata/dataset/data-00000416/2017_1-1-10.csv,,86,,,
,data-00000416,,,811,active,2019-03-03T15:33:40,,1-9　非メタン炭化水素の年間測定結果,CSV,,,,,1-9　非メタン炭化水素の年間測定結果,2019-03-03T15:33:40,https://www.city.osaka.lg.jp/contents/wdu290/opendata/dataset/data-00000416/2017_1-1-9.csv,,87,,,
,data-00000416,,,1149,active,2019-03-03T15:33:40,,1-8　光化学オキシダント（Ox）測定結果,CSV,,,,,1-8　光化学オキシダント（Ox）測定結果,2019-03-03T15:33:40,https://www.city.osaka.lg.jp/contents/wdu290/opendata/dataset/data-00000416/2017_1-1-8.csv,,88,,,
,data-00000416,,,2232,active,2019-03-03T15:33:40,,1-7　（2）微小粒子状物質（PM2.5）質量濃度及び各種成分濃度の分析結果,CSV,,,,,1-7　（2）微小粒子状物質（PM2.5）質量濃度及び各種成分濃度の分析結果,2019-03-03T15:33:40,https://www.city.osaka.lg.jp/contents/wdu290/opendata/dataset/data-00000416/2017_1-1-7-2.csv,,89,,,
,data-00000416,,,1003,active,2019-03-03T15:33:40,,1-7　（1）微小粒子状物質（PM2.5）の年間測定結果,CSV,,,,,1-7　（1）微小粒子状物質（PM2.5）の年間測定結果,2019-03-03T15:33:40,https://www.city.osaka.lg.jp/contents/wdu290/opendata/dataset/data-00000416/2017_1-1-7-1.csv,,90,,,
,data-00000416,,,1438,active,2019-03-03T15:33:40,,1-6　浮遊粒子状物質（SPM）の年間測定結果,CSV,,,,,1-6　浮遊粒子状物質（SPM）の年間測定結果,2019-03-03T15:33:40,https://www.city.osaka.lg.jp/contents/wdu290/opendata/dataset/data-00000416/2017_1-1-6.csv,,91,,,
,data-00000416,,,2280,active,2019-03-03T15:33:40,,1-5　浮遊粒子状物質（SPM）濃度経年変化,CSV,,,,,1-5　浮遊粒子状物質（SPM）濃度経年変化,2019-03-03T15:33:40,https://www.city.osaka.lg.jp/contents/wdu290/opendata/dataset/data-00000416/2017_1-1-5.csv,,92,,,
,data-00000416,,,1534,active,2019-03-03T15:33:40,,1-4　一酸化窒素及び窒素酸化物の年間測定結果,CSV,,,,,1-4　一酸化窒素及び窒素酸化物の年間測定結果,2019-03-03T15:33:40,https://www.city.osaka.lg.jp/contents/wdu290/opendata/dataset/data-00000416/2017_1-1-4.csv,,93,,,
,data-00000416,,,1244,active,2019-03-03T15:33:40,,1-3　二酸化窒素（NO2）の年間測定結果,CSV,,,,,1-3　二酸化窒素（NO2）の年間測定結果,2019-03-03T15:33:40,https://www.city.osaka.lg.jp/contents/wdu290/opendata/dataset/data-00000416/2017_1-1-3.csv,,94,,,
,data-00000416,,,2406,active,2019-03-03T15:33:40,,1-2　二酸化窒素（NO2）濃度経年変化,CSV,,,,,1-2　二酸化窒素（NO2）濃度経年変化,2019-03-03T15:33:40,https://www.city.osaka.lg.jp/contents/wdu290/opendata/dataset/data-00000416/2017_1-1-2.csv,,95,,,
,data-00000416,,,1954,active,2019-03-03T15:33:40,,1-1　測定局別環境基準達成状況,CSV,,,,,1-1　測定局別環境基準達成状況,2019-03-03T15:33:40,https://www.city.osaka.lg.jp/contents/wdu290/opendata/dataset/data-00000416/2017_1-1-1.csv,,96,,,
,data-00000417,,,40497,active,2021-11-30T19:53:00,,各項目の凡例については関連URLをご参照ください。,CSV,,,,,審議会等運営状況一覧（令和2年8月1日現在）,2021-11-30T19:53:00,https://www.city.osaka.lg.jp/contents/wdu290/opendata/dataset/data-00000417/2020_uneijokyo.csv,,0,,,
,data-00000417,,,42289,active,2022-08-16T21:03:34,,各項目の凡例については関連URLをご参照ください。,CSV,,,,,審議会等運営状況一覧（令和3年8月1日現在）,2022-08-16T21:03:34,https://www.city.osaka.lg.jp/contents/wdu290/opendata/dataset/data-00000417/2021_uneijokyo.csv,,0,,,
,data-00000417,,,25451,active,2020-11-30T19:53:00,,各項目の凡例については関連URLをご参照ください。,CSV,,,,,審議会等運営状況一覧（令和元年7月1日現在）,2020-11-30T19:53:00,https://www.city.osaka.lg.jp/contents/wdu290/opendata/dataset/data-00000417/2019_uneijokyo.csv,,1,,,
,data-00000417,,,25116,active,2019-02-14T01:42:00,,各項目の凡例については関連URLをご参照ください。,CSV,,,,,審議会等運営状況一覧（平成30年7月1日現在）,2019-02-14T01:42:00,https://www.city.osaka.lg.jp/contents/wdu290/opendata/dataset/data-00000417/2018_uneijokyo.csv,,2,,,
,data-00000418,,,529207,active,2024-03-31T00:00:00,,「あなたにこの本を！」選定図書のうち、2015年1月号から2023年12月号までの「あなたにこの本を！」紙面上で紹介した図書リスト,CSV,,,,,大阪市立図書館 あなたにこの本を！（推薦図書）(2023年12月時点）,2019-04-11T07:45:39,https://www.city.osaka.lg.jp/contents/wdu290/opendata/dataset/data-00000418/anatanikonohonwo.csv,,0,,,
,data-00000419,,,3017,active,2020-02-27T00:26:00,,,CSV,,,,,4　（2）市立斎場式場使用状況,2020-02-27T00:26:00,https://www.city.osaka.lg.jp/contents/wdu290/opendata/dataset/data-00000419/20200226_4_2.csv,,0,,,
,data-00000419,,,4812,active,2020-02-27T00:26:00,,,CSV,,,,,4　（1）市立斎場火葬取扱状況,2020-02-27T00:26:00,https://www.city.osaka.lg.jp/contents/wdu290/opendata/dataset/data-00000419/20200226_4_1.csv,,1,,,
,data-00000419,,,7800,active,2020-02-27T00:26:00,,,CSV,,,,,3　胞衣汚物等処理状況の推移,2020-02-27T00:26:00,https://www.city.osaka.lg.jp/contents/wdu290/opendata/dataset/data-00000419/20200226_3.csv,,2,,,
,data-00000419,,,7192,active,2020-02-27T00:25:00,,,CSV,,,,,2　（3）し尿の処理状況,2020-02-27T00:25:00,https://www.city.osaka.lg.jp/contents/wdu290/opendata/dataset/data-00000419/20200226_2_3.csv,,3,,,
,data-00000419,,,12318,active,2020-02-27T00:25:00,,,CSV,,,,,2　（2）ごみの処分状況,2020-02-27T00:25:00,https://www.city.osaka.lg.jp/contents/wdu290/opendata/dataset/data-00000419/20200226_2_2.csv,,4,,,
,data-00000419,,,11051,active,2020-02-27T00:25:00,,,CSV,,,,,2　（1）ごみの収集状況,2020-02-27T00:25:00,https://www.city.osaka.lg.jp/contents/wdu290/opendata/dataset/data-00000419/20200226_2_1.csv,,5,,,
,data-00000419,,,4329,active,2020-02-27T00:25:00,,,CSV,,,,,1　人口・世帯数・市域面積の変遷,2020-02-27T00:25:00,https://www.city.osaka.lg.jp/contents/wdu290/opendata/dataset/data-00000419/20200226_1.csv,,6,,,
,data-00000419,,,1871,active,2020-02-27T00:23:00,,,CSV,,,,,2　市立斎場式場使用件数,2019-01-23T08:30:00,https://www.city.osaka.lg.jp/contents/wdu290/opendata/dataset/data-00000419/20200226_5-2.csv,,7,,,
,data-00000419,,,739,active,2020-02-27T00:23:00,,,CSV,,,,,1　市立斎場火葬取扱件数,2019-01-23T08:30:00,https://www.city.osaka.lg.jp/contents/wdu290/opendata/dataset/data-00000419/20200226_5-1.csv,,8,,,
,data-00000419,,,1201,active,2020-02-27T00:23:00,,,CSV,,,,,2　犬・猫等の死体処理状況（道路上のへい死動物）,2019-01-23T08:30:00,https://www.city.osaka.lg.jp/contents/wdu290/opendata/dataset/data-00000419/20200226_4-2.csv,,9,,,
,data-00000419,,,512,active,2020-02-27T00:22:00,,,CSV,,,,,1　犬・猫等の死体処理状況（家庭で飼われていたペットの死体）,2019-01-23T08:30:00,https://www.city.osaka.lg.jp/contents/wdu290/opendata/dataset/data-00000419/20200226_4-1.csv,,10,,,
,data-00000419,,,563,active,2020-02-27T00:21:00,,,CSV,,,,,2　し尿収集家屋の推移,2019-01-28T01:31:00,https://www.city.osaka.lg.jp/contents/wdu290/opendata/dataset/data-00000419/20200226_3-2.csv,,11,,,
,data-00000419,,,627,active,2020-02-27T00:21:00,,,CSV,,,,,1　し尿収集処分状況,2019-01-23T08:28:00,https://www.city.osaka.lg.jp/contents/wdu290/opendata/dataset/data-00000419/20200226_3-1.csv,,12,,,
,data-00000419,,,438,active,2020-02-27T00:14:00,,,CSV,,,,,3‐9　コミュニティ回収活動実績,2019-01-23T08:26:00,https://www.city.osaka.lg.jp/contents/wdu290/opendata/dataset/data-00000419/20200226_2-3-9.csv,,13,,,
,data-00000419,,,5591,active,2020-02-27T00:14:00,,,CSV,,,,,3‐8　資源集団回収活動実績,2019-01-23T08:25:00,https://www.city.osaka.lg.jp/contents/wdu290/opendata/dataset/data-00000419/20200226_2-3-8.csv,,14,,,
,data-00000419,,,7364,active,2020-02-27T00:14:00,,,CSV,,,,,3‐7　拠点回収受付実績 （インクカートリッジ・使用済小型家電）,2019-01-24T06:10:00,https://www.city.osaka.lg.jp/contents/wdu290/opendata/dataset/data-00000419/20200226_2-3-7.csv,,15,,,
,data-00000419,,,17605,active,2020-02-27T00:14:00,,,CSV,,,,,3‐6　拠点回収受付実績 （マタニティウェア・ベビー服・子ども服）,2019-01-23T08:22:00,https://www.city.osaka.lg.jp/contents/wdu290/opendata/dataset/data-00000419/20200226_2-3-6.csv,,16,,,
,data-00000419,,,22059,active,2020-02-27T00:13:00,,,CSV,,,,,3‐5　拠点回収受付実績（乾電池・蛍光灯管・水銀体温計・水銀血圧計）,2019-01-24T06:08:00,https://www.city.osaka.lg.jp/contents/wdu290/opendata/dataset/data-00000419/20200226_2-3-5.csv,,17,,,
,data-00000419,,,60176,active,2020-02-27T00:13:00,,,CSV,,,,,3‐4　直営及び委託収集処理処分状況,2019-01-24T06:07:00,https://www.city.osaka.lg.jp/contents/wdu290/opendata/dataset/data-00000419/20200226_2-3-4.csv,,18,,,
,data-00000419,,,1244,active,2020-02-27T00:13:00,,,CSV,,,,,3‐3　最終処分状況,2019-01-23T08:21:00,https://www.city.osaka.lg.jp/contents/wdu290/opendata/dataset/data-00000419/20200226_2-3-3.csv,,19,,,
,data-00000419,,,2841,active,2020-02-27T00:13:00,,,CSV,,,,,3‐2　破砕施設処理状況,2019-01-23T08:20:00,https://www.city.osaka.lg.jp/contents/wdu290/opendata/dataset/data-00000419/20200226_2-3-2.csv,,20,,,
,data-00000419,,,23251,active,2020-02-27T00:13:00,,,CSV,,,,,"3‐1　工場別処理状況	",2019-01-23T08:19:00,https://www.city.osaka.lg.jp/contents/wdu290/opendata/dataset/data-00000419/20200226_2-3-1.csv,,21,,,
,data-00000419,,,797,active,2020-02-27T00:12:00,,,CSV,,,,,2‐8　水面清掃作業状況,2019-01-23T08:24:00,https://www.city.osaka.lg.jp/contents/wdu290/opendata/dataset/data-00000419/20200226_2-2-8.csv,,22,,,
,data-00000419,,,4626,active,2020-02-27T00:12:00,,,CSV,,,,,2‐7　行政区別ごみ収集状況,2019-01-23T08:24:00,https://www.city.osaka.lg.jp/contents/wdu290/opendata/dataset/data-00000419/20200226_2-2-7.csv,,23,,,
,data-00000419,,,5571,active,2020-02-27T00:11:00,,,CSV,,,,,2‐6　古紙・衣類収集状況,2019-01-23T08:23:00,https://www.city.osaka.lg.jp/contents/wdu290/opendata/dataset/data-00000419/20200226_2-2-6.csv,,24,,,
,data-00000419,,,5628,active,2020-02-27T00:11:00,,,CSV,,,,,2‐5　容器包装プラスチック収集状況,2019-01-23T08:17:00,https://www.city.osaka.lg.jp/contents/wdu290/opendata/dataset/data-00000419/20200226_2-2-5.csv,,25,,,
,data-00000419,,,6587,active,2020-02-27T00:11:00,,,CSV,,,,,2‐4　資源ごみ収集状況,2019-01-23T08:16:00,https://www.city.osaka.lg.jp/contents/wdu290/opendata/dataset/data-00000419/20200226_2-2-4.csv,,26,,,
,data-00000419,,,6987,active,2020-02-27T00:11:00,,,CSV,,,,,2‐3　普通ごみ収集状況,2019-01-24T02:53:00,https://www.city.osaka.lg.jp/contents/wdu290/opendata/dataset/data-00000419/20200226_2-2-3.csv,,27,,,
,data-00000419,,,471,active,2020-02-27T00:10:00,,,CSV,,,,,2‐2　管路輸送稼動状況,2019-01-24T02:52:00,https://www.city.osaka.lg.jp/contents/wdu290/opendata/dataset/data-00000419/20200226_2-2-2.csv,,28,,,
,data-00000419,,,29324,active,2020-02-27T00:10:00,,,CSV,,,,,2‐1　直営及び委託収集状況,2019-01-24T04:37:00,https://www.city.osaka.lg.jp/contents/wdu290/opendata/dataset/data-00000419/20200226_2-2-1.csv,,29,,,
,data-00000419,,,4354,active,2020-02-27T00:10:00,,,CSV,,,,,1　ごみ等収集・処理処分状況,2019-01-24T04:37:00,https://www.city.osaka.lg.jp/contents/wdu290/opendata/dataset/data-00000419/20200226_2-1.csv,,30,,,
,data-00000419,,,494,active,2020-02-27T00:09:00,,,CSV,,,,,8‐2　大規模小売店舗立地法等に基づく環境面の協議件数,2019-01-24T03:17:00,https://www.city.osaka.lg.jp/contents/wdu290/opendata/dataset/data-00000419/20200226_1-8-2.csv,,31,,,
,data-00000419,,,5366,active,2020-02-27T00:09:00,,,CSV,,,,,8‐1　本市環境影響評価条例施行後に手続きが行われた事業一覧,2019-01-24T03:17:00,https://www.city.osaka.lg.jp/contents/wdu290/opendata/dataset/data-00000419/20200226_1-8-1.csv,,32,,,
,data-00000419,,,903,active,2020-02-27T00:09:00,,,CSV,,,,,7‐2　行政区別苦情件数集計表,2019-01-24T03:16:00,https://www.city.osaka.lg.jp/contents/wdu290/opendata/dataset/data-00000419/20200226_1-7-2.csv,,33,,,
,data-00000419,,,261,active,2020-02-27T00:09:00,,,CSV,,,,,"7‐1　公害苦情の種類別件数の経年変化	",2019-01-24T03:16:00,https://www.city.osaka.lg.jp/contents/wdu290/opendata/dataset/data-00000419/20200226_1-7-1.csv,,34,,,
,data-00000419,,,346,active,2020-02-27T00:08:00,,,CSV,,,,,6‐11　大阪国際空港着陸航路下における航空機騒音測定結果,2019-01-24T03:15:00,https://www.city.osaka.lg.jp/contents/wdu290/opendata/dataset/data-00000419/20200226_1-6-11.csv,,35,,,
,data-00000419,,,312,active,2020-02-27T00:08:00,,,CSV,,,,,6‐10　新幹線鉄道騒音・振動に係る発生源対策の状況,2019-01-24T03:14:00,https://www.city.osaka.lg.jp/contents/wdu290/opendata/dataset/data-00000419/20200226_1-6-10.csv,,36,,,
,data-00000419,,,539,active,2020-02-27T00:07:00,,,CSV,,,,,6‐9　新幹線鉄道騒音・振動測定結果,2019-01-24T03:14:00,https://www.city.osaka.lg.jp/contents/wdu290/opendata/dataset/data-00000419/20200226_1-6-9.csv,,37,,,
,data-00000419,,,186,active,2020-02-27T00:07:00,,,CSV,,,,,6‐8　立入指導等の状況（振動）,2019-01-24T06:06:00,https://www.city.osaka.lg.jp/contents/wdu290/opendata/dataset/data-00000419/20200226_1-6-8.csv,,38,,,
,data-00000419,,,363,active,2020-02-27T00:07:00,,,CSV,,,,,6‐7　特定建設作業実施届出件数（振動）,2019-01-24T03:15:00,https://www.city.osaka.lg.jp/contents/wdu290/opendata/dataset/data-00000419/20200226_1-6-7.csv,,39,,,
,data-00000419,,,371,active,2020-02-27T00:06:00,,,CSV,,,,,6‐6　振動規制法・大阪府生活環境の保全等に関する条例（振動）に基づく特定（届出）施設の届出件数,2019-01-24T06:16:00,https://www.city.osaka.lg.jp/contents/wdu290/opendata/dataset/data-00000419/20200226_1-6-6.csv,,40,,,
,data-00000419,,,659,active,2020-02-27T00:06:00,,,CSV,,,,,6‐5　特定（届出）工場・事業場数（振動関係）,2019-01-24T06:05:00,https://www.city.osaka.lg.jp/contents/wdu290/opendata/dataset/data-00000419/20200226_1-6-5.csv,,41,,,
,data-00000419,,,230,active,2020-02-27T00:06:00,,,CSV,,,,,6‐4　立入指導等の状況（騒音）,2019-01-24T06:04:00,https://www.city.osaka.lg.jp/contents/wdu290/opendata/dataset/data-00000419/20200226_1-6-4.csv,,42,,,
,data-00000419,,,645,active,2020-02-27T00:06:00,,,CSV,,,,,6‐3　特定建設作業実施届出件数（騒音）,2019-01-24T03:10:00,https://www.city.osaka.lg.jp/contents/wdu290/opendata/dataset/data-00000419/20200226_1-6-3.csv,,43,,,
,data-00000419,,,379,active,2020-02-27T00:05:00,,,CSV,,,,,6‐2　騒音規制法・大阪府生活環境の保全等に関する条例（騒音）に基づく特定（届出）施設の届出件数,2019-01-24T06:16:00,https://www.city.osaka.lg.jp/contents/wdu290/opendata/dataset/data-00000419/20200226_1-6-2.csv,,44,,,
,data-00000419,,,701,active,2020-02-27T00:05:00,,,CSV,,,,,6‐1　特定（届出）工場・事業場数（騒音関係）,2019-01-24T03:10:00,https://www.city.osaka.lg.jp/contents/wdu290/opendata/dataset/data-00000419/20200226_1-6-1.csv,,45,,,
,data-00000419,,,374,active,2020-02-27T00:04:00,,,CSV,,,,,5‐6　ダイオキシン類の排出量（推計）,2019-01-24T04:22:00,https://www.city.osaka.lg.jp/contents/wdu290/opendata/dataset/data-00000419/20200226_1-5-6.csv,,46,,,
,data-00000419,,,337,active,2020-02-27T00:04:00,,,CSV,,,,,5‐5　PRTR法及び府条例に基づく届出排出量・移動量・取扱量,2019-01-24T04:22:00,https://www.city.osaka.lg.jp/contents/wdu290/opendata/dataset/data-00000419/20200226_1-5-5.csv,,47,,,
,data-00000419,,,253,active,2020-02-27T00:04:00,,,CSV,,,,,5‐4　PRTR法及び府条例に基づく排出量等の届出件数,2019-01-28T01:29:00,https://www.city.osaka.lg.jp/contents/wdu290/opendata/dataset/data-00000419/20200226_1-5-4.csv,,48,,,
,data-00000419,,,2252,active,2020-02-27T00:04:00,,,CSV,,,,,5‐3　有害大気汚染物質の環境モニタリング結果,2019-01-24T04:21:00,https://www.city.osaka.lg.jp/contents/wdu290/opendata/dataset/data-00000419/20200226_1-5-3.csv,,49,,,
,data-00000419,,,326,active,2020-02-27T00:03:00,,,CSV,,,,,5‐2　ダイオキシン類対策特別措置法に基づく届出件数,2019-01-24T03:08:00,https://www.city.osaka.lg.jp/contents/wdu290/opendata/dataset/data-00000419/20200226_1-5-2.csv,,50,,,
,data-00000419,,,2742,active,2020-02-27T00:03:00,,,CSV,,,,,5‐1　ダイオキシン類環境調査結果,2019-01-24T03:07:00,https://www.city.osaka.lg.jp/contents/wdu290/opendata/dataset/data-00000419/20200226_1-5-1.csv,,51,,,
,data-00000419,,,1544,active,2020-02-27T00:02:00,,,CSV,,,,,4‐4　地下水継続監視調査結果,2019-01-24T03:06:00,https://www.city.osaka.lg.jp/contents/wdu290/opendata/dataset/data-00000419/20200226_1-4-4.csv,,52,,,
,data-00000419,,,2057,active,2020-02-27T00:01:00,,,CSV,,,,,4‐3　地下水概況調査結果,2019-01-24T03:06:00,https://www.city.osaka.lg.jp/contents/wdu290/opendata/dataset/data-00000419/20200226_1-4-3.csv,,53,,,
,data-00000419,,,9916,active,2020-02-27T00:02:00,,,CSV,,,,,4‐2　地下水位観測井の概要及び地下水位観測結果,2019-01-24T03:05:00,https://www.city.osaka.lg.jp/contents/wdu290/opendata/dataset/data-00000419/20200226_1-4-2.csv,,54,,,
,data-00000419,,,2138,active,2020-02-27T00:01:00,,,CSV,,,,,4‐1　各区主要地点における水準点高さ変動量,2019-01-24T03:09:00,https://www.city.osaka.lg.jp/contents/wdu290/opendata/dataset/data-00000419/20200226_1-4-1.csv,,55,,,
,data-00000419,,,362,active,2020-02-27T00:00:00,,,CSV,,,,,3‐4　大阪市内河川底質調査結果,2019-01-24T06:00:00,https://www.city.osaka.lg.jp/contents/wdu290/opendata/dataset/data-00000419/20200226_1-3-4.csv,,56,,,
,data-00000419,,,564,active,2020-02-26T23:59:00,,,CSV,,,,,3‐3　大阪市内公共用水域における水質調査結果②海域,2020-02-26T23:59:00,https://www.city.osaka.lg.jp/contents/wdu290/opendata/dataset/data-00000419/20200226_1-3-3.csv,,57,,,
,data-00000419,,,2222,active,2020-02-27T00:59:00,,,CSV,,,,,3‐3　大阪市内公共用水域における水質調査結果①河川,2019-01-24T04:16:00,https://www.city.osaka.lg.jp/contents/wdu290/opendata/dataset/data-00000419/20200226_1-3-3_1.csv,,58,,,
,data-00000419,,,842,active,2020-02-26T23:59:00,,,CSV,,,,,3‐2　大阪港湾水域におけるCODの経年変化,2019-01-24T04:04:00,https://www.city.osaka.lg.jp/contents/wdu290/opendata/dataset/data-00000419/20200226_1-3-2.csv,,59,,,
,data-00000419,,,3014,active,2020-02-26T23:59:00,,,CSV,,,,,"3‐1　大阪市内公共用水域におけるBODの経年変化	",2019-01-24T02:59:00,https://www.city.osaka.lg.jp/contents/wdu290/opendata/dataset/data-00000419/20200226_1-3-1.csv,,60,,,
,data-00000419,,,339,active,2020-02-26T23:58:00,,,CSV,,,,,2‐5　自動車からの窒素酸化物排出量の推移,2019-01-24T02:52:00,https://www.city.osaka.lg.jp/contents/wdu290/opendata/dataset/data-00000419/20200226_1-2-5.csv,,61,,,
,data-00000419,,,441,active,2020-02-26T23:58:00,,,CSV,,,,,2‐4　自動車騒音の障害防止対策（民家防音工事助成）,2019-01-24T04:09:00,https://www.city.osaka.lg.jp/contents/wdu290/opendata/dataset/data-00000419/20200226_1-2-4.csv,,62,,,
,data-00000419,,,700,active,2020-02-26T23:58:00,,,CSV,,,,,2‐3　大阪市域幹線道路における低騒音舗装の施工状況及び遮音壁の設置状況,2019-01-23T08:16:00,https://www.city.osaka.lg.jp/contents/wdu290/opendata/dataset/data-00000419/20200226_1-2-3.csv,,63,,,
,data-00000419,,,200,active,2020-02-26T23:57:00,,,CSV,,,,,2‐2　過去5年の自動車騒音・道路交通振動苦情発生件数の経年変化,2019-01-23T08:15:00,https://www.city.osaka.lg.jp/contents/wdu290/opendata/dataset/data-00000419/20200226_1-2-2.csv,,64,,,
,data-00000419,,,3487,active,2020-02-26T23:57:00,,,CSV,,,,,2‐1　自動車騒音・道路交通振動測定,2019-01-23T08:15:00,https://www.city.osaka.lg.jp/contents/wdu290/opendata/dataset/data-00000419/20200226_1-2-1.csv,,65,,,
,data-00000419,,,722,active,2020-02-26T23:57:00,,,CSV,,,,,1‐29　一般環境大気中のアスベスト濃度調査結果,2019-01-23T08:15:00,https://www.city.osaka.lg.jp/contents/wdu290/opendata/dataset/data-00000419/20200226_1-1-29.csv,,66,,,
,data-00000419,,,112,active,2020-02-26T23:56:00,,,CSV,,,,,1‐28　アスベスト現場立入検査件数,2019-01-23T08:14:00,https://www.city.osaka.lg.jp/contents/wdu290/opendata/dataset/data-00000419/20200226_1-1-28.csv,,67,,,
,data-00000419,,,116,active,2020-02-26T23:56:00,,,CSV,,,,,1‐27　アスベスト環境濃度測定実施件数,2019-01-23T08:14:00,https://www.city.osaka.lg.jp/contents/wdu290/opendata/dataset/data-00000419/20200226_1-1-27.csv,,68,,,
,data-00000419,,,316,active,2020-02-26T23:56:00,,,CSV,,,,,1‐26　特定粉じん（石綿）排出等作業に係る届出件数,2019-01-23T08:14:00,https://www.city.osaka.lg.jp/contents/wdu290/opendata/dataset/data-00000419/20200226_1-1-26.csv,,69,,,
,data-00000419,,,463,active,2020-02-26T23:53:00,,,CSV,,,,,1‐25　特定工場における公害防止組織の整備に関する法律に基づく届出件数,2019-01-23T08:13:00,https://www.city.osaka.lg.jp/contents/wdu290/opendata/dataset/data-00000419/20200226_1-1-25.csv,,70,,,
,data-00000419,,,702,active,2020-02-26T23:52:00,,,CSV,,,,,1‐24　大気汚染防止法・大阪府生活環境の保全等に関する条例(大気)に基づく届出件数,2019-01-23T08:13:00,https://www.city.osaka.lg.jp/contents/wdu290/opendata/dataset/data-00000419/20200226_1-1-24.csv,,71,,,
,data-00000419,,,1514,active,2020-02-26T23:52:00,,,CSV,,,,,1‐23　届出工場・事業場数（大阪府生活環境の保全等に関する条例）,2020-02-26T23:52:00,https://www.city.osaka.lg.jp/contents/wdu290/opendata/dataset/data-00000419/20200226_1-1-23_2.csv,,72,,,
,data-00000419,,,994,active,2020-02-26T23:51:00,,,CSV,,,,,1‐22　届出工場・事業場数（大気汚染防止法）,2019-01-23T08:12:00,https://www.city.osaka.lg.jp/contents/wdu290/opendata/dataset/data-00000419/20200226_1-1-22.csv,,73,,,
,data-00000419,,,148,active,2020-02-26T23:50:00,,,CSV,,,,,1‐21　悪臭に係る検査件数,2019-01-23T08:12:00,https://www.city.osaka.lg.jp/contents/wdu290/opendata/dataset/data-00000419/20200226_1-1-21.csv,,74,,,
,data-00000419,,,307,active,2020-02-26T23:49:00,,,CSV,,,,,1‐20　大気汚染防止推進月間に係る立入検査結果,2019-01-23T08:12:00,https://www.city.osaka.lg.jp/contents/wdu290/opendata/dataset/data-00000419/20200226_1-1-20.csv,,75,,,
,data-00000419,,,295,active,2020-02-26T23:49:00,,,CSV,,,,,1‐19　環境月間に係る立入検査結果,2019-01-23T08:11:00,https://www.city.osaka.lg.jp/contents/wdu290/opendata/dataset/data-00000419/20200226_1-1-19.csv,,76,,,
,data-00000419,,,274,active,2020-02-26T23:46:00,,,CSV,,,,,1‐18　立入指導等の状況（大気）,2019-01-24T05:59:00,https://www.city.osaka.lg.jp/contents/wdu290/opendata/dataset/data-00000419/20200226_1-1-18.csv,,77,,,
,data-00000419,,,238,active,2020-02-26T23:45:00,,,CSV,,,,,1‐17　窒素酸化物・硫黄酸化物総量規制対象工場・事業場数,2019-01-23T08:10:00,https://www.city.osaka.lg.jp/contents/wdu290/opendata/dataset/data-00000419/20200226_1-1-17.csv,,78,,,
,data-00000419,,,503,active,2020-02-26T23:44:00,,,CSV,,,,,1‐16　固定発生源からの窒素酸化物排出量の推移,2019-01-23T08:10:00,https://www.city.osaka.lg.jp/contents/wdu290/opendata/dataset/data-00000419/20200226_1-1-16.csv,,79,,,
,data-00000419,,,669,active,2020-02-26T23:42:00,,,CSV,,,,,1‐15　短期測定による浮遊粒子状物質（SPM）、二酸化硫黄（SO2）の測定結果,2019-01-23T08:10:00,https://www.city.osaka.lg.jp/contents/wdu290/opendata/dataset/data-00000419/20200226_1-1-15.csv,,80,,,
,data-00000419,,,625,active,2020-02-26T08:59:00,,,CSV,,,,,1‐14　短期測定による二酸化窒素（NO2）、一酸化窒素（NO）の測定結果,2019-01-23T08:09:00,https://www.city.osaka.lg.jp/contents/wdu290/opendata/dataset/data-00000419/20200225_1-1-14.csv,,81,,,
,data-00000419,,,590,active,2020-02-26T08:59:00,,,CSV,,,,,1‐13　一酸化炭素（CO）濃度経年変化,2019-01-23T08:09:00,https://www.city.osaka.lg.jp/contents/wdu290/opendata/dataset/data-00000419/20200225_1-1-13.csv,,82,,,
,data-00000419,,,2382,active,2020-02-26T08:58:00,,,CSV,,,,,1‐12　二酸化硫黄（SO2）濃度経年変化,2019-01-23T08:10:00,https://www.city.osaka.lg.jp/contents/wdu290/opendata/dataset/data-00000419/20200225_1-1-12.csv,,83,,,
,data-00000419,,,863,active,2020-02-26T08:57:00,,,CSV,,,,,1‐11　年度別・地域別光化学スモッグ被害の訴え状況,2019-01-23T08:09:00,https://www.city.osaka.lg.jp/contents/wdu290/opendata/dataset/data-00000419/20200225_1-1-11.csv,,84,,,
,data-00000419,,,785,active,2020-02-26T08:57:00,,,CSV,,,,,"1‐10　年度別・地域別光化学スモッグ注意報等発令回数	",2019-01-23T08:09:00,https://www.city.osaka.lg.jp/contents/wdu290/opendata/dataset/data-00000419/20200225_1-1-10.csv,,85,,,
,data-00000419,,,1346,active,2020-02-26T08:56:00,,,CSV,,,,,1‐9　非メタン炭化水素の年間測定結果,2019-01-24T05:58:00,https://www.city.osaka.lg.jp/contents/wdu290/opendata/dataset/data-00000419/20200225_1-1-9.csv,,86,,,
,data-00000419,,,1599,active,2020-02-26T08:56:00,,,CSV,,,,,1‐8　光化学オキシダント（Ox）測定結果,2019-01-24T05:57:00,https://www.city.osaka.lg.jp/contents/wdu290/opendata/dataset/data-00000419/20200225_1-1-8.csv,,87,,,
,data-00000419,,,2360,active,2020-02-26T08:55:00,,,CSV,,,,,1-7　（2）微小粒子状物質（PM2.5）質量濃度及び各種成分濃度の分析結果,2019-01-23T08:08:00,https://www.city.osaka.lg.jp/contents/wdu290/opendata/dataset/data-00000419/20200225_1-1-7_2.csv,,88,,,
,data-00000419,,,1192,active,2020-02-26T08:55:00,,,CSV,,,,,1‐7　（1）微小粒子状物質（PM2.5）の年間測定結果,2019-01-23T08:08:00,https://www.city.osaka.lg.jp/contents/wdu290/opendata/dataset/data-00000419/20200225_1-1-7_1.csv,,89,,,
,data-00000419,,,2038,active,2020-02-26T08:54:00,,,CSV,,,,,1‐6　浮遊粒子状物質（SPM）の年間測定結果,2019-01-23T08:08:00,https://www.city.osaka.lg.jp/contents/wdu290/opendata/dataset/data-00000419/20200225_1-1-6.csv,,90,,,
,data-00000419,,,3238,active,2020-02-26T08:54:00,,,CSV,,,,,1‐5　浮遊粒子状物質（SPM）濃度経年変化,2019-01-23T08:08:00,https://www.city.osaka.lg.jp/contents/wdu290/opendata/dataset/data-00000419/20200225_1-1-5.csv,,91,,,
,data-00000419,,,2398,active,2020-02-26T08:53:00,,,CSV,,,,,1‐4　一酸化窒素及び窒素酸化物の年間測定結果,2019-01-23T08:07:00,https://www.city.osaka.lg.jp/contents/wdu290/opendata/dataset/data-00000419/20200225_1-1-4.csv,,92,,,
,data-00000419,,,2072,active,2020-02-26T08:51:00,,,CSV,,,,,1‐3　二酸化窒素（NO2）の年間測定結果,2019-01-23T08:07:00,https://www.city.osaka.lg.jp/contents/wdu290/opendata/dataset/data-00000419/20200225_1-1-3.csv,,93,,,
,data-00000419,,,3162,active,2020-02-26T08:50:00,,,CSV,,,,,1‐2　二酸化窒素（NO2）濃度経年変化,2019-01-28T01:28:00,https://www.city.osaka.lg.jp/contents/wdu290/opendata/dataset/data-00000419/20200225_1-1-2.csv,,94,,,
,data-00000419,,,2024,active,2020-02-26T08:49:00,,,CSV,,,,,1‐1　測定局別環境基準達成状況,2019-01-23T08:07:00,https://www.city.osaka.lg.jp/contents/wdu290/opendata/dataset/data-00000419/20200225_1-1-1.csv,,95,,,
,data-00000420,,,2798,active,2025-03-28T09:48:19,,,CSV,,,,,3か月児健康診査受診者数・受診率（市・24区）,2019-09-27T14:50:45,https://www.city.osaka.lg.jp/contents/wdu290/opendata/dataset/data-00000420/data_02_1_3kagetu.csv,,0,,,
,data-00000420,,,2614,active,2025-03-28T09:48:19,,,CSV,,,,,3か月児健康診査受診時の栄養状況（市・24区）,2019-09-27T14:50:55,https://www.city.osaka.lg.jp/contents/wdu290/opendata/dataset/data-00000420/data_02_2_3kagetueiyou.csv,,1,,,
,data-00000420,,,2788,active,2025-03-28T09:48:19,,,CSV,,,,,1歳6か月児健康診査受診者数・受診率（市・24区）,2019-09-27T14:51:03,https://www.city.osaka.lg.jp/contents/wdu290/opendata/dataset/data-00000420/data_02_3_1sai6kagetu.csv,,2,,,
,data-00000420,,,2811,active,2025-03-28T09:48:19,,,CSV,,,,,1歳6か月児歯科健康診査　う歯のない児の状況（市・24区）,2019-09-27T14:51:11,https://www.city.osaka.lg.jp/contents/wdu290/opendata/dataset/data-00000420/data_02_4_1sai6kagetushika.csv,,3,,,
,data-00000420,,,2775,active,2025-03-28T09:48:19,,,CSV,,,,,3歳児健康診査受診者数・受診率（市・24区）,2019-09-27T14:51:18,https://www.city.osaka.lg.jp/contents/wdu290/opendata/dataset/data-00000420/data_02_5_3sai.csv,,4,,,
,data-00000420,,,2789,active,2025-03-28T09:48:19,,,CSV,,,,,3歳児歯科健康診査・幼児歯科保健個別指導　実施状況（市・24区）,2019-09-27T14:51:26,https://www.city.osaka.lg.jp/contents/wdu290/opendata/dataset/data-00000420/data_02_6_3saishika.csv,,5,,,
,data-00000421,,,3031,active,2025-04-08T14:39:00,,国・府・市・24区における出生数・出生率（人口千対）の状況です。出生率は総人口で算出している為、厚生労働省が公表している値とは異なります。（資料：厚生労働省「人口動態統計」）,CSV,,,,,年次別出生数・率（人口千対）（国・府・市・24区）,2025-04-08T15:00:00,https://www.city.osaka.lg.jp/contents/wdu290/opendata/dataset/data-00000421/shusshou.csv,,0,,,
,data-00000425,,,1794,active,2019-03-13T07:23:00,,健康寿命、不健康な期間の平均を男女別に掲載しています。,CSV,,,,,年次別健康寿命（市・24区）（2010年・2015年）,2019-03-13T07:23:00,https://www.city.osaka.lg.jp/contents/wdu290/opendata/dataset/data-00000425/20190312_data_03_2_kenkoujyumyou.csv,,0,,,
,data-00000425,,,1368,active,2019-03-13T07:23:00,,2000年・2005年・2010年・2015年の平均寿命を男女別に掲載しています。,CSV,,,,,年次別平均寿命（国・府・市・24区）（2000年・2005年・2010年・2015年）,2019-03-13T07:23:00,https://www.city.osaka.lg.jp/contents/wdu290/opendata/dataset/data-00000425/20190312_data_03_1_heikinjyumyou.csv,,1,,,
,data-00000426,,,11340,active,2022-04-08T09:04:00,,がん検診の受診者数及び受診率を掲載しています。,CSV,,,,,がん検診受診者数受診率（市・24区）,2019-03-15T09:04:00,https://www.city.osaka.lg.jp/contents/wdu290/opendata/dataset/data-00000426/gankenshin.csv,,0,,,
,data-00000426,,,19782,active,2022-12-26T10:49:21,,悪性新生物（がん）の部位別死亡者数を掲載しています。,CSV,,,,,悪性新生物（がん）の部位別死亡者数（市・24区）,2019-03-15T09:05:00,https://www.city.osaka.lg.jp/contents/wdu290/opendata/dataset/data-00000426/ganshiinbetu.csv,,1,,,
,data-00000426,,,8277,active,2019-03-27T08:35:00,,年代別の高血圧症・脂質異常症・糖尿病の有病者数を掲載しています。,CSV,,,,,2016年度年代別有病者数（高血圧症・脂質異常症・糖尿病）（市・24区）,2019-03-27T08:35:00,https://www.city.osaka.lg.jp/contents/wdu290/opendata/dataset/data-00000426/20190326_data_04_4_nendaibetuyuubyou.csv,,2,,,
,data-00000426,,,16109,active,2022-12-26T10:49:11,,メタボリックシンドロームの基準該当者数及び予備群該当者数を掲載しています。,CSV,,,,,メタボリックシンドローム基準該当者・予備群該当者数（市・24区）,2019-03-15T09:26:00,https://www.city.osaka.lg.jp/contents/wdu290/opendata/dataset/data-00000426/metabogaitousha.csv,,3,,,
,data-00000426,,,4842,active,2019-03-15T09:44:00,,年代別の肥満及びやせ者数を掲載しています。,CSV,,,,,2016年度年代別肥満度判定者数（市・24区）,2019-03-15T09:44:00,https://www.city.osaka.lg.jp/contents/wdu290/opendata/dataset/data-00000426/20190315_data_04_2_nendaibetuhiman.csv,,4,,,
,data-00000426,,,39752,active,2022-12-26T10:48:58,,大阪市国民健康保険特定健康診査の受診者数を掲載しています。,CSV,,,,,大阪市国民健康保険特定健康診査受診者数（国・府・市・24区）,2019-03-15T08:55:00,https://www.city.osaka.lg.jp/contents/wdu290/opendata/dataset/data-00000426/kokuhotokuteikenshin.csv,,5,,,
,data-00000427,,,37127,active,2022-12-28T11:20:45,,年齢調整死亡率を掲載しています。厚生労働省が公表している値とは異なります。,CSV,,,,,年齢調整死亡率（人口10万対）（国・市・24区）,2019-03-15T19:08:45,https://www.city.osaka.lg.jp/contents/wdu290/opendata/dataset/data-00000427/nennreichouseishibou.csv,,0,,,
,data-00000427,,,3298,active,2026-04-22T13:19:31,,死亡数及び死亡率を掲載しています。,CSV,,,,,年次別死亡数・率（人口千対）,2019-03-15T19:08:37,https://www.city.osaka.lg.jp/contents/wdu290/opendata/dataset/data-00000427/shibousuuritu.csv,,1,,,
,data-00000431,,,30733,active,2022-03-25T00:48:00,,,CSV,,,,,大阪市赤ちゃんの駅（公共施設）（令和4年3月16日現在),2022-03-25T00:48:00,https://www.city.osaka.lg.jp/contents/wdu290/opendata/dataset/data-00000431/akachaneki_koukyou.csv,,0,,,
,data-00000431,,,33017,active,2022-05-10T00:48:00,,,CSV,,,,,大阪市赤ちゃんの駅（民間施設）（令和4年3月23日現在),2022-03-25T00:48:00,https://www.city.osaka.lg.jp/contents/wdu290/opendata/dataset/data-00000431/akachaneki_minkan.csv,,1,,,
,data-00000432,,,496,active,2019-07-30T06:18:00,,,CSV,,,,,淀川区生涯学習関連施設一覧（令和元年7月31日時点）,2019-07-30T06:18:00,https://www.city.osaka.lg.jp/contents/wdu290/opendata/dataset/data-00000432/20190729_opendata.csv,,0,,,
,data-00000433,,,52541,active,2020-05-07T09:37:00,,,CSV,,,,,外国人住民区別在留資格別人口(令和2年3月末日現在),2020-05-07T09:37:00,https://www.city.osaka.lg.jp/contents/wdu290/opendata/dataset/data-00000433/20200506_0203_08_kubetu_sikakubetu_gaikokujin.csv,,0,,,
,data-00000433,,,9881,active,2020-05-07T09:37:00,,,CSV,,,,,外国人住民区別国籍別人口(令和2年3月末日現在),2020-05-07T09:37:00,https://www.city.osaka.lg.jp/contents/wdu290/opendata/dataset/data-00000433/20200506_0203_07_kubetu_kokusekibetu_gaikokujin.csv,,1,,,
,data-00000433,,,2764,active,2020-05-18T21:32:53,,,CSV,,,,,外国人住民国籍別人口(令和2年3月末日現在),2020-05-07T01:58:00,https://www.city.osaka.lg.jp/contents/wdu290/opendata/dataset/data-00000433/20200506_0203_06_kokusekibetu.csv,,2,,,
,data-00000433,,,7643,active,2020-05-07T01:58:00,,,CSV,,,,,行政区別・男女別・5歳階級別・外国人人口及び世帯数(令和2年3月末日現在),2020-05-07T01:58:00,https://www.city.osaka.lg.jp/contents/wdu290/opendata/dataset/data-00000433/20200506_0203_05_gyosei-danjo-5sai_gaikokujin-setai.csv,,3,,,
,data-00000433,,,850,active,2020-05-07T01:53:00,,,CSV,,,,,行政区別・男女別・外国人人口及び世帯数(令和2年3月末日現在),2020-05-07T01:53:00,https://www.city.osaka.lg.jp/contents/wdu290/opendata/dataset/data-00000433/20200506_0203_04_gyosei-danjo-gaikokujin-setai.csv,,4,,,
,data-00000433,,,9970,active,2020-05-07T01:53:00,,,CSV,,,,,行政区別・男女別・5歳階級別人口及び世帯数(令和2年3月末日現在),2020-05-07T01:53:00,https://www.city.osaka.lg.jp/contents/wdu290/opendata/dataset/data-00000433/20200506_0203_03_gyousei-danjo-5sai_setai.csv,,5,,,
,data-00000433,,,72585,active,2020-05-18T21:32:53,,,CSV,,,,,各区町丁目別・男女別・各歳別人口及び世帯数（西成区）(令和2年3月末日現在),2020-05-07T01:36:00,https://www.city.osaka.lg.jp/contents/wdu290/opendata/dataset/data-00000433/20200506_0203_02-24_jukinishinari.csv,,6,,,
,data-00000433,,,122724,active,2020-05-07T09:42:00,,,CSV,,,,,各区町丁目別・男女別・各歳別人口及び世帯数（平野区）(令和2年3月末日現在),2020-05-07T09:42:00,https://www.city.osaka.lg.jp/contents/wdu290/opendata/dataset/data-00000433/20200506_0203_02-23_jukihirano.csv,,7,,,
,data-00000433,,,88816,active,2020-05-07T01:35:00,,,CSV,,,,,各区町丁目別・男女別・各歳別人口及び世帯数（東住吉区）(令和2年3月末日現在),2020-05-07T01:35:00,https://www.city.osaka.lg.jp/contents/wdu290/opendata/dataset/data-00000433/20200506_0203_02-22_jukihigashisumi.csv,,8,,,
,data-00000433,,,92249,active,2020-05-07T01:34:00,,,CSV,,,,,各区町丁目別・男女別・各歳別人口及び世帯数（住吉区）(令和2年3月末日現在),2020-05-07T01:34:00,https://www.city.osaka.lg.jp/contents/wdu290/opendata/dataset/data-00000433/20200506_0203_02-21_jukisumiyoshi.csv,,9,,,
,data-00000433,,,86113,active,2020-05-07T01:34:00,,,CSV,,,,,各区町丁目別・男女別・各歳別人口及び世帯数（住之江区）(令和2年3月末日現在),2020-05-07T01:34:00,https://www.city.osaka.lg.jp/contents/wdu290/opendata/dataset/data-00000433/20200506_0203_02-20_jukisuminoe.csv,,10,,,
,data-00000433,,,62104,active,2020-05-07T01:33:00,,,CSV,,,,,各区町丁目別・男女別・各歳別人口及び世帯数（阿倍野区）(令和2年3月末日現在),2020-05-07T01:33:00,https://www.city.osaka.lg.jp/contents/wdu290/opendata/dataset/data-00000433/20200506_0203_02-19_jukiabeno.csv,,11,,,
,data-00000433,,,54729,active,2020-05-07T01:32:00,,,CSV,,,,,各区町丁目別・男女別・各歳別人口及び世帯数（鶴見区）(令和2年3月末日現在),2020-05-07T01:32:00,https://www.city.osaka.lg.jp/contents/wdu290/opendata/dataset/data-00000433/20200506_0203_02-18_jukitsurumi.csv,,12,,,
,data-00000433,,,72009,active,2020-05-07T01:32:00,,,CSV,,,,,各区町丁目別・男女別・各歳別人口及び世帯数（城東区）(令和2年3月末日現在),2020-05-07T01:32:00,https://www.city.osaka.lg.jp/contents/wdu290/opendata/dataset/data-00000433/20200506_0203_02-17_jukijoto.csv,,13,,,
,data-00000433,,,43432,active,2020-05-07T01:32:00,,,CSV,,,,,各区町丁目別・男女別・各歳別人口及び世帯数（旭区）(令和2年3月末日現在),2020-05-07T01:32:00,https://www.city.osaka.lg.jp/contents/wdu290/opendata/dataset/data-00000433/20200506_0203_02-16_jukiasahi.csv,,14,,,
,data-00000433,,,79775,active,2020-05-07T01:31:00,,,CSV,,,,,各区町丁目別・男女別・各歳別人口及び世帯数（生野区）(令和2年3月末日現在),2020-05-07T01:31:00,https://www.city.osaka.lg.jp/contents/wdu290/opendata/dataset/data-00000433/20200506_0203_02-15_jukiikuno.csv,,15,,,
,data-00000433,,,42510,active,2020-05-07T01:31:00,,,CSV,,,,,各区町丁目別・男女別・各歳別人口及び世帯数（東成区）(令和2年3月末日現在),2020-05-07T01:31:00,https://www.city.osaka.lg.jp/contents/wdu290/opendata/dataset/data-00000433/20200506_0203_02-14_jukihigashinari.csv,,16,,,
,data-00000433,,,56462,active,2020-05-07T01:27:00,,,CSV,,,,,各区町丁目別・男女別・各歳別人口及び世帯数（西淀川区）(令和2年3月末日現在),2020-05-07T01:27:00,https://www.city.osaka.lg.jp/contents/wdu290/opendata/dataset/data-00000433/20200506_0203_02-11_jukinishiyodo.csv,,17,,,
,data-00000433,,,81455,active,2020-05-07T01:27:00,,,CSV,,,,,各区町丁目別・男女別・各歳別人口及び世帯数（淀川区）(令和2年3月末日現在),2020-05-07T01:27:00,https://www.city.osaka.lg.jp/contents/wdu290/opendata/dataset/data-00000433/20200506_0203_02-12_jukiyodogawa.csv,,18,,,
,data-00000433,,,80695,active,2020-05-07T01:31:00,,,CSV,,,,,各区町丁目別・男女別・各歳別人口及び世帯数（東淀川区）(令和2年3月末日現在),2020-05-07T01:31:00,https://www.city.osaka.lg.jp/contents/wdu290/opendata/dataset/data-00000433/20200506_0203_02-13_jukihigashiyodo.csv,,19,,,
,data-00000433,,,52916,active,2020-05-07T01:24:00,,,CSV,,,,,各区町丁目別・男女別・各歳別人口及び世帯数（浪速区）(令和2年3月末日現在),2020-05-07T01:24:00,https://www.city.osaka.lg.jp/contents/wdu290/opendata/dataset/data-00000433/20200506_0203_02-10_jukinaniwa.csv,,20,,,
,data-00000433,,,59515,active,2020-05-07T01:19:00,,,CSV,,,,,各区町丁目別・男女別・各歳別人口及び世帯数（天王寺区）(令和2年3月末日現在),2020-05-07T01:19:00,https://www.city.osaka.lg.jp/contents/wdu290/opendata/dataset/data-00000433/20200506_0203_02-09_jukitennoji.csv,,21,,,
,data-00000433,,,43342,active,2020-05-07T01:18:00,,,CSV,,,,,各区町丁目別・男女別・各歳別人口及び世帯数（大正区）(令和2年3月末日現在),2020-05-07T01:18:00,https://www.city.osaka.lg.jp/contents/wdu290/opendata/dataset/data-00000433/20200506_0203_02-08_jukitaisho.csv,,22,,,
,data-00000433,,,51825,active,2020-05-07T01:17:00,,,CSV,,,,,各区町丁目別・男女別・各歳別人口及び世帯数（港区）(令和2年3月末日現在),2020-05-07T01:17:00,https://www.city.osaka.lg.jp/contents/wdu290/opendata/dataset/data-00000433/20200506_0203_02-07_jukiminato.csv,,23,,,
,data-00000433,,,53384,active,2020-05-07T01:19:00,,,CSV,,,,,各区町丁目別・男女別・各歳別人口及び世帯数（西区）(令和2年3月末日現在),2020-05-07T01:19:00,https://www.city.osaka.lg.jp/contents/wdu290/opendata/dataset/data-00000433/20200506_0203_02-06_jukinishi.csv,,24,,,
,data-00000433,,,194831,active,2020-05-07T01:18:00,,,CSV,,,,,各区町丁目別・男女別・各歳別人口及び世帯数（中央区）(令和2年3月末日現在),2020-05-07T01:18:00,https://www.city.osaka.lg.jp/contents/wdu290/opendata/dataset/data-00000433/20200506_0203_02-05_jukichuou.csv,,25,,,
,data-00000433,,,140531,active,2020-05-07T01:17:00,,,CSV,,,,,各区町丁目別・男女別・各歳別人口及び世帯数（此花区）(令和2年3月末日現在),2020-05-07T01:17:00,https://www.city.osaka.lg.jp/contents/wdu290/opendata/dataset/data-00000433/20200506_0203_02-04_jukikonohana.csv,,26,,,
,data-00000433,,,38543,active,2020-05-07T01:18:00,,,CSV,,,,,各区町丁目別・男女別・各歳別人口及び世帯数（福島区）(令和2年3月末日現在),2020-05-07T01:18:00,https://www.city.osaka.lg.jp/contents/wdu290/opendata/dataset/data-00000433/20200506_0203_02-03_jukifukushima.csv,,27,,,
,data-00000433,,,44726,active,2020-05-18T21:32:52,,,CSV,,,,,各区町丁目別・男女別・各歳別人口及び世帯数（都島区）(令和2年3月末日現在),2020-05-07T01:17:00,https://www.city.osaka.lg.jp/contents/wdu290/opendata/dataset/data-00000433/20200506_0203_02-02_jukimiyakojima.csv,,28,,,
,data-00000433,,,102392,active,2020-05-07T01:17:00,,,CSV,,,,,各区町丁目別・男女別・各歳別人口及び世帯数（北区）(令和2年3月末日現在),2020-05-07T01:17:00,https://www.city.osaka.lg.jp/contents/wdu290/opendata/dataset/data-00000433/20200506_0203_02-01_jukikita.csv,,29,,,
,data-00000433,,,937,active,2020-05-18T21:32:52,,,CSV,,,,,行政区別・男女別人口及び世帯数(令和2年3月末日現在),2020-05-07T09:40:00,https://www.city.osaka.lg.jp/contents/wdu290/opendata/dataset/data-00000433/20200506_0203_01_gyousei-danjo-setai.csv,,30,,,
,data-00000433,,,33990,active,2020-01-22T02:56:00,,,CSV,,,,,行政区別・男女別・5歳階級別人口及び世帯数(令和元年12月末日現在),2020-01-22T02:56:00,https://www.city.osaka.lg.jp/contents/wdu290/opendata/dataset/data-00000433/20200121_0112_03_gyousei-danjo-5sai_setai.csv,,31,,,
,data-00000433,,,0,active,2019-11-13T17:39:13,,,CSV,,,,,外国人住民区別在留資格別人口(令和元年9月末日現在),2019-10-29T05:51:00,https://www.city.osaka.lg.jp/contents/wdu290/opendata/dataset/data-00000433/20191203_0109_08_kubetu_sikakubetu_gaikokujin.csv,,32,,,
,data-00000433,,,13161,active,2019-11-13T17:39:13,,,CSV,,,,,外国人住民区別国籍別人口(令和元年9月末日現在),2019-10-29T05:51:00,https://www.city.osaka.lg.jp/contents/wdu290/opendata/dataset/data-00000433/20191028_0109_07_kubetu_kokusekibetu_gaikokujin.csv,,33,,,
,data-00000433,,,3102,active,2019-11-13T17:39:13,,,CSV,,,,,外国人住民国籍別人口(令和元年9月末日現在),2019-10-29T05:50:00,https://www.city.osaka.lg.jp/contents/wdu290/opendata/dataset/data-00000433/20191028_0109_06_kokusekibetu.csv,,34,,,
,data-00000433,,,31622,active,2019-11-13T17:39:13,,,CSV,,,,,行政区別・男女別・5歳階級別・外国人人口及び世帯数(令和元年9月末日現在),2019-10-29T05:50:00,https://www.city.osaka.lg.jp/contents/wdu290/opendata/dataset/data-00000433/20191028_0109_05_gyosei-danjo-5sai_gaikokujin-setai.csv,,35,,,
,data-00000433,,,0,active,2019-12-12T01:08:00,,,CSV,,,,,行政区別・男女別・外国人人口及び世帯数(令和元年9月末日現在),2019-10-29T05:49:00,https://www.city.osaka.lg.jp/contents/wdu290/opendata/dataset/data-00000433/20191211_0109_04_gyosei-danjo-gaikokujin-setai.csv,,36,,,
,data-00000433,,,33991,active,2019-11-13T17:39:13,,,CSV,,,,,行政区別・男女別・5歳階級別人口及び世帯数(令和元年9月末日現在),2019-10-29T05:49:00,https://www.city.osaka.lg.jp/contents/wdu290/opendata/dataset/data-00000433/20191028_0109_03_gyousei-danjo-5sai_setai.csv,,37,,,
,data-00000433,,,154470,active,2019-11-13T17:39:13,,,CSV,,,,,各区町丁目別・男女別・各歳別人口及び世帯数（西成区）(令和元年9月末日現在),2019-10-29T05:46:00,https://www.city.osaka.lg.jp/contents/wdu290/opendata/dataset/data-00000433/20191028_0109_02-01_juki_nishinari.csv,,38,,,
,data-00000433,,,186050,active,2019-11-13T17:39:13,,,CSV,,,,,各区町丁目別・男女別・各歳別人口及び世帯数（平野区）(令和元年9月末日現在),2019-10-29T05:41:00,https://www.city.osaka.lg.jp/contents/wdu290/opendata/dataset/data-00000433/20191028_0109_02-01_juki_hirano.csv,,39,,,
,data-00000433,,,164666,active,2019-11-13T17:39:13,,,CSV,,,,,各区町丁目別・男女別・各歳別人口及び世帯数（東住吉区）(令和元年9月末日現在),2019-10-29T05:40:00,https://www.city.osaka.lg.jp/contents/wdu290/opendata/dataset/data-00000433/20191028_0109_02-01_juki_higashisumiyoshi.csv,,40,,,
,data-00000433,,,167525,active,2019-11-13T17:39:13,,,CSV,,,,,各区町丁目別・男女別・各歳別人口及び世帯数（住吉区）(令和元年9月末日現在),2019-10-29T05:47:00,https://www.city.osaka.lg.jp/contents/wdu290/opendata/dataset/data-00000433/20191028_0109_02-01_juki_sumiyoshi.csv,,41,,,
,data-00000433,,,162707,active,2019-11-13T17:39:13,,,CSV,,,,,各区町丁目別・男女別・各歳別人口及び世帯数（住之江区）(令和元年9月末日現在),2019-10-29T05:46:00,https://www.city.osaka.lg.jp/contents/wdu290/opendata/dataset/data-00000433/20191028_0109_02-01_juki_suminoe.csv,,42,,,
,data-00000433,,,149170,active,2019-11-13T17:39:13,,,CSV,,,,,各区町丁目別・男女別・各歳別人口及び世帯数（阿倍野区）(令和元年9月末日現在),2019-10-29T05:39:00,https://www.city.osaka.lg.jp/contents/wdu290/opendata/dataset/data-00000433/20191028_0109_02-01_juki_abeno.csv,,43,,,
,data-00000433,,,144771,active,2019-11-13T17:39:13,,,CSV,,,,,各区町丁目別・男女別・各歳別人口及び世帯数（鶴見区）(令和元年9月末日現在),2019-10-29T05:48:00,https://www.city.osaka.lg.jp/contents/wdu290/opendata/dataset/data-00000433/20191028_0109_02-01_juki_turumi.csv,,44,,,
,data-00000433,,,156433,active,2019-11-13T17:39:13,,,CSV,,,,,各区町丁目別・男女別・各歳別人口及び世帯数（城東区）(令和元年9月末日現在),2019-10-29T05:43:00,https://www.city.osaka.lg.jp/contents/wdu290/opendata/dataset/data-00000433/20191028_0109_02-01_juki_joto.csv,,45,,,
,data-00000433,,,138175,active,2019-11-13T17:39:13,,,CSV,,,,,各区町丁目別・男女別・各歳別人口及び世帯数（旭区）(令和元年9月末日現在),2019-10-29T05:39:00,https://www.city.osaka.lg.jp/contents/wdu290/opendata/dataset/data-00000433/20191028_0109_02-01_juki_asahi.csv,,46,,,
,data-00000433,,,159669,active,2019-11-13T17:39:13,,,CSV,,,,,各区町丁目別・男女別・各歳別人口及び世帯数（生野区）(令和元年9月末日現在),2019-10-29T05:41:00,https://www.city.osaka.lg.jp/contents/wdu290/opendata/dataset/data-00000433/20191028_0109_02-01_juki_ikuno.csv,,47,,,
,data-00000433,,,137539,active,2019-11-13T17:39:13,,,CSV,,,,,各区町丁目別・男女別・各歳別人口及び世帯数（東成区）(令和元年9月末日現在),2019-10-29T05:40:00,https://www.city.osaka.lg.jp/contents/wdu290/opendata/dataset/data-00000433/20191028_0109_02-01_juki_higashinari.csv,,48,,,
,data-00000433,,,161443,active,2019-11-13T17:39:13,,,CSV,,,,,各区町丁目別・男女別・各歳別人口及び世帯数（東淀川区）(令和元年9月末日現在),2019-10-29T05:41:00,https://www.city.osaka.lg.jp/contents/wdu290/opendata/dataset/data-00000433/20191028_0109_02-01_juki_higashiyodogawa.csv,,49,,,
,data-00000433,,,161886,active,2019-11-13T17:39:13,,,CSV,,,,,各区町丁目別・男女別・各歳別人口及び世帯数（淀川区）(令和元年9月末日現在),2019-10-29T05:48:00,https://www.city.osaka.lg.jp/contents/wdu290/opendata/dataset/data-00000433/20191028_0109_02-01_juki_yodogawa.csv,,50,,,
,data-00000433,,,145221,active,2019-11-13T17:39:13,,,CSV,,,,,各区町丁目別・男女別・各歳別人口及び世帯数（西淀川区）(令和元年9月末日現在),2019-10-29T05:46:00,https://www.city.osaka.lg.jp/contents/wdu290/opendata/dataset/data-00000433/20191028_0109_02-01_juki_nishiyodogawa.csv,,51,,,
,data-00000433,,,141962,active,2019-11-13T17:39:13,,,CSV,,,,,各区町丁目別・男女別・各歳別人口及び世帯数（浪速区）(令和元年9月末日現在),2019-10-29T05:45:00,https://www.city.osaka.lg.jp/contents/wdu290/opendata/dataset/data-00000433/20191028_0109_02-01_juki_naniwa.csv,,52,,,
,data-00000433,,,145944,active,2019-11-13T17:39:13,,,CSV,,,,,各区町丁目別・男女別・各歳別人口及び世帯数（天王寺区）(令和元年9月末日現在),2019-10-29T05:47:00,https://www.city.osaka.lg.jp/contents/wdu290/opendata/dataset/data-00000433/20191028_0109_02-01_juki_tennoji.csv,,53,,,
,data-00000433,,,137074,active,2019-11-13T17:39:13,,,CSV,,,,,各区町丁目別・男女別・各歳別人口及び世帯数（大正区）(令和元年9月末日現在),2019-10-29T05:47:00,https://www.city.osaka.lg.jp/contents/wdu290/opendata/dataset/data-00000433/20191028_0109_02-01_juki_taisho.csv,,54,,,
,data-00000433,,,142249,active,2019-11-13T17:39:13,,,CSV,,,,,各区町丁目別・男女別・各歳別人口及び世帯数（港区）(令和元年9月末日現在),2019-10-29T05:44:00,https://www.city.osaka.lg.jp/contents/wdu290/opendata/dataset/data-00000433/20191028_0109_02-01_juki_minato.csv,,55,,,
,data-00000433,,,143442,active,2019-11-13T17:39:13,,,CSV,,,,,各区町丁目別・男女別・各歳別人口及び世帯数（西区）(令和元年9月末日現在),2019-10-29T05:45:00,https://www.city.osaka.lg.jp/contents/wdu290/opendata/dataset/data-00000433/20191028_0109_02-01_juki_nishi.csv,,56,,,
,data-00000433,,,194635,active,2019-11-13T17:39:13,,,CSV,,,,,各区町丁目別・男女別・各歳別人口及び世帯数（中央区）(令和元年9月末日現在),2019-10-29T05:39:00,https://www.city.osaka.lg.jp/contents/wdu290/opendata/dataset/data-00000433/20191028_0109_02-01_juki_chuo.csv,,57,,,
,data-00000433,,,140539,active,2019-11-13T17:39:13,,,CSV,,,,,各区町丁目別・男女別・各歳別人口及び世帯数（此花区）(令和元年9月末日現在),2019-10-29T05:43:00,https://www.city.osaka.lg.jp/contents/wdu290/opendata/dataset/data-00000433/20191028_0109_02-01_juki_konohana.csv,,58,,,
,data-00000433,,,134489,active,2019-11-13T17:39:13,,,CSV,,,,,各区町丁目別・男女別・各歳別人口及び世帯数（福島区）(令和元年9月末日現在),2019-10-29T05:40:00,https://www.city.osaka.lg.jp/contents/wdu290/opendata/dataset/data-00000433/20191028_0109_02-01_juki_fukushima.csv,,59,,,
,data-00000433,,,138786,active,2019-11-13T17:39:13,,,CSV,,,,,各区町丁目別・男女別・各歳別人口及び世帯数（都島区）(令和元年9月末日現在),2019-10-29T05:44:00,https://www.city.osaka.lg.jp/contents/wdu290/opendata/dataset/data-00000433/20191028_0109_02-01_juki_miyakojima.csv,,60,,,
,data-00000433,,,171239,active,2019-11-13T17:39:13,,,CSV,,,,,各区町丁目別・男女別・各歳別人口及び世帯数（北区）(令和元年9月末日現在),2019-10-29T05:43:00,https://www.city.osaka.lg.jp/contents/wdu290/opendata/dataset/data-00000433/20191028_0109_02-01_juki_kita.csv,,61,,,
,data-00000433,,,936,active,2025-01-10T11:24:17,,,CSV,,,,,行政区別・男女別人口及び世帯数(令和元年9月末日現在),2025-01-10T11:24:17,https://www.city.osaka.lg.jp/contents/wdu290/opendata/dataset/data-00000433/20250110_0109_01_gyousei-danjo-setai.csv,,62,,,
,data-00000433,,,9963,active,2025-01-10T11:24:17,,,CSV,,,,,行政区別・男女別・5歳階級別人口及び世帯数(令和元年6月末日現在),2025-01-10T11:24:17,https://www.city.osaka.lg.jp/contents/wdu290/opendata/dataset/data-00000433/0106_03_gyousei-danjo-5sai_setai.csv,,63,,,
,data-00000435,,,361,active,2022-10-17T16:45:09,,,CSV,,,,,令和3年度不服申立ての処理状況（不作為についての審査請求）,2022-10-17T16:45:09,https://www.city.osaka.lg.jp/contents/wdu290/opendata/dataset/data-00000435/utf8_R3shorijyoukyou_husakui.csv,,0,,,
,data-00000435,,,590,active,2022-10-17T16:45:25,,,CSV,,,,,令和3年度不服申立ての処理状況（旧法）,2022-10-17T16:45:25,https://www.city.osaka.lg.jp/contents/wdu290/opendata/dataset/data-00000435/utf8_R3shorijyoukyou_kyuuhou.csv,,1,,,
,data-00000435,,,362,active,2022-10-17T16:45:18,,,CSV,,,,,令和3年度不服申立ての処理状況（再調査の請求）,2022-10-17T16:45:18,https://www.city.osaka.lg.jp/contents/wdu290/opendata/dataset/data-00000435/utf8_R3shorijyoukyou_saityousa.csv,,2,,,
,data-00000435,,,2170,active,2022-10-17T16:44:59,,,CSV,,,,,令和3年度不服申立ての処理状況（処分についての審査請求）,2022-10-17T16:44:59,https://www.city.osaka.lg.jp/contents/wdu290/opendata/dataset/data-00000435/utf8_R3shorijyoukyou_syobun.csv,,3,,,
,data-00000435,,,406,active,2022-10-17T16:45:32,,,CSV,,,,,令和3年度不服申立ての処理状況（特別法）,2022-10-17T16:45:32,https://www.city.osaka.lg.jp/contents/wdu290/opendata/dataset/data-00000435/utf8_R3shorijyoukyou_tokubetuhou.csv,,4,,,
,data-00000435,,,898,active,2022-10-17T16:44:45,,,CSV,,,,,令和3年度不服申立ての処理状況（全件）,2022-10-17T16:44:45,https://www.city.osaka.lg.jp/contents/wdu290/opendata/dataset/data-00000435/utf8_R3shorijyoukyou_zenken.csv,,5,,,
,data-00000435,,,2338,active,2022-10-17T16:44:45,,,CSV,,,,,令和2年度　不服申立ての処理状況,2022-10-17T16:44:45,https://www.city.osaka.lg.jp/contents/wdu290/opendata/dataset/data-00000435/R2shorijyoukyou.csv,,6,,,
,data-00000435,,,2203,active,2022-10-17T16:44:45,,,CSV,,,,,令和2年度　不服申立ての処理状況（改正行政不服審査法適用分のみ）,2022-10-17T16:44:45,https://www.city.osaka.lg.jp/contents/wdu290/opendata/dataset/data-00000435/R2shorijyoukyoushinpounomi.csv,,7,,,
,data-00000435,,,1995,active,2020-11-30T20:11:50,,,CSV,,,,,令和元年度　不服申立ての処理状況,2020-11-30T20:11:50,https://www.city.osaka.lg.jp/contents/wdu290/opendata/dataset/data-00000435/R1shorijyoukyou.csv,,8,,,
,data-00000435,,,1861,active,2020-11-30T20:11:50,,,CSV,,,,,令和元年度　不服申立ての処理状況（改正行政不服審査法適用分のみ）,2020-11-30T20:11:50,https://www.city.osaka.lg.jp/contents/wdu290/opendata/dataset/data-00000435/R1shorijyoukyoushinpounomi.csv,,9,,,
,data-00000435,,,1995,active,2019-10-18T10:55:00,,,CSV,,,,,平成30年度　不服申立ての処理状況,2019-10-18T10:55:00,https://www.city.osaka.lg.jp/contents/wdu290/opendata/dataset/data-00000435/20191018_utf8_H30shorijyoukyou.csv,,10,,,
,data-00000435,,,1861,active,2019-10-18T10:55:00,,,CSV,,,,,平成30年度　不服申立ての処理状況（改正行政不服審査法適用分のみ）,2019-10-18T10:55:00,https://www.city.osaka.lg.jp/contents/wdu290/opendata/dataset/data-00000435/20191018_utf8_H30shorijyoukyoushinpounomi.csv,,11,,,
,data-00000436,,,475,active,2026-07-27T11:33:52,,,CSV,,,,,自立訓練（宿泊型）,2026-07-27T11:33:52,https://www.city.osaka.lg.jp/contents/wdu290/opendata/dataset/data-00000436/jiritsukunren_syukuhakugata.csv,,0,,,130
,data-00000436,,,8737,active,2026-07-27T11:33:52,,,CSV,,,,,就労選択支援,2026-07-27T11:33:52,https://www.city.osaka.lg.jp/contents/wdu290/opendata/dataset/data-00000436/syuurousentakushien.csv,,1,,,131
,data-00000436,,,51696,active,2026-07-27T11:33:52,,,CSV,,,,,就労移行支援（一般型）,2026-07-27T11:33:52,https://www.city.osaka.lg.jp/contents/wdu290/opendata/dataset/data-00000436/syurouikoushien_ippangata.csv,,2,,,131
,data-00000436,,,63535,active,2026-07-27T11:33:52,,,CSV,,,,,就労継続支援（A型）,2026-07-27T11:33:52,https://www.city.osaka.lg.jp/contents/wdu290/opendata/dataset/data-00000436/syuroukeizokusien_A.csv,,3,,,132
,data-00000436,,,313545,active,2026-07-27T11:33:52,,,CSV,,,,,就労継続支援（B型）,2026-07-27T11:33:52,https://www.city.osaka.lg.jp/contents/wdu290/opendata/dataset/data-00000436/syuroukeizokusien_B.csv,,4,,,134
,data-00000436,,,30285,active,2026-07-27T11:33:52,,,CSV,,,,,就労定着支援,2026-07-27T11:33:52,https://www.city.osaka.lg.jp/contents/wdu290/opendata/dataset/data-00000436/syurouteityakusien.csv,,5,,,135
,data-00000436,,,4523,active,2026-07-27T11:33:52,,,CSV,,,,,自立生活援助,2026-07-27T11:33:52,https://www.city.osaka.lg.jp/contents/wdu290/opendata/dataset/data-00000436/jiritsuseikatuenjyo.csv,,6,,,136
,data-00000436,,,122366,active,2026-07-27T11:33:52,,プライバシー保護のため、事業所所在地を省略しています。,CSV,,,,,共同生活援助,2026-07-27T11:33:52,https://www.city.osaka.lg.jp/contents/wdu290/opendata/dataset/data-00000436/kyodouseikatsuenjyo.csv,,7,,,137
,data-00000436,,,551195,active,2026-07-27T11:33:52,,,CSV,,,,,居宅介護,2026-07-27T11:33:52,https://www.city.osaka.lg.jp/contents/wdu290/opendata/dataset/data-00000436/kyotakukaigo.csv,,8,,,121
,data-00000436,,,485751,active,2026-07-27T11:33:52,,,CSV,,,,,重度訪問介護,2026-07-27T11:33:52,https://www.city.osaka.lg.jp/contents/wdu290/opendata/dataset/data-00000436/jyudohoumonkaigo.csv,,9,,,122
,data-00000436,,,192172,active,2026-07-27T11:33:52,,,CSV,,,,,同行援護,2026-07-27T11:33:52,https://www.city.osaka.lg.jp/contents/wdu290/opendata/dataset/data-00000436/doukouengo.csv,,10,,,123
,data-00000436,,,63567,active,2026-07-27T11:33:52,,,CSV,,,,,行動援護,2026-07-27T11:33:52,https://www.city.osaka.lg.jp/contents/wdu290/opendata/dataset/data-00000436/koudouengo.csv,,11,,,124
,data-00000436,,,92852,active,2026-07-27T11:33:52,,,CSV,,,,,生活介護,2026-07-27T11:33:52,https://www.city.osaka.lg.jp/contents/wdu290/opendata/dataset/data-00000436/seikatsukaigo.csv,,12,,,126
,data-00000436,,,58905,active,2026-07-27T11:33:52,,,CSV,,,,,短期入所,2026-07-27T11:33:52,https://www.city.osaka.lg.jp/contents/wdu290/opendata/dataset/data-00000436/tankinyuusyo.csv,,13,,,127
,data-00000436,,,2831,active,2026-07-27T11:33:52,,,CSV,,,,,自立訓練（機能訓練）,2026-07-27T11:33:52,https://www.city.osaka.lg.jp/contents/wdu290/opendata/dataset/data-00000436/jiritsukunren_kinoukunren.csv,,14,,,128
,data-00000436,,,16252,active,2026-07-27T11:33:52,,,CSV,,,,,自立訓練（生活訓練）,2026-07-27T11:33:52,https://www.city.osaka.lg.jp/contents/wdu290/opendata/dataset/data-00000436/jiritsukunren_seikatsukunren.csv,,15,,,129
,data-00000436,,,834,active,2026-07-27T11:33:52,,,CSV,,,,,療養介護,2026-07-27T11:33:52,https://www.city.osaka.lg.jp/contents/wdu290/opendata/dataset/data-00000436/ryouyoukaigo.csv,,16,,,
,data-00000436,,,531,active,2026-07-27T11:33:52,,,CSV,,,,,重度障がい者等包括支援,2026-07-27T11:33:52,https://www.city.osaka.lg.jp/contents/wdu290/opendata/dataset/data-00000436/jyuudoshougaisyatouhoukatushien.csv,,17,,,
,data-00000436,,,168569,active,2023-01-04T10:23:59,,,CSV,,,,,【参考】就労継続支援（B型）事業所における主な作業内容（一覧）※令和2年度工賃（賃金）実績（大阪府ホームページ公表データ）から引用,2021-02-05T12:03:39,https://www.city.osaka.lg.jp/contents/wdu290/opendata/dataset/data-00000436/bgatasagyou.csv,,18,,,
,data-00000436,,,61574,active,2023-01-04T10:23:44,,,CSV,,,,,【参考】就労継続支援（A型）事業所における主な作業内容（一覧）※令和2年度工賃（賃金）実績（大阪府ホームページ公表データ）から引用,2021-02-05T12:03:39,https://www.city.osaka.lg.jp/contents/wdu290/opendata/dataset/data-00000436/agatasagyou.csv,,19,,,
,data-00000436,,,142927,active,2026-02-18T11:59:17,,,CSV,,,,,【参考】就労継続支援（B型）事業所でのサービス提供内容（一覧）＊就労人数調査　令和6年度実績（大阪府ホームページ公表データ）から引用,2026-02-18T11:58:21,https://www.city.osaka.lg.jp/contents/wdu290/opendata/dataset/data-00000436/R6bgatasagyousyo.csv,,20,,,
,data-00000436,,,50341,active,2026-02-18T11:59:17,,,CSV,,,,,【参考】就労継続支援（A型）事業所でのサービス提供内容（一覧）＊就労人数調査　令和6年度実績（大阪府ホームページ公表データ）から引用,2026-02-18T11:58:21,https://www.city.osaka.lg.jp/contents/wdu290/opendata/dataset/data-00000436/R6agatasagyousyo.csv,,21,,,
,data-00000437,,,4343,active,2026-07-27T11:33:52,,,CSV,,,,,障がい者支援施設,2026-07-27T11:33:52,https://www.city.osaka.lg.jp/contents/wdu290/opendata/dataset/data-00000437/syogaisyashienshisetsu.csv,,0,,,
,data-00000438,,,106319,active,2026-07-27T11:34:09,,,CSV,,,,,計画相談支援,2026-07-27T11:34:09,https://www.city.osaka.lg.jp/contents/wdu290/opendata/dataset/data-00000438/keikakusoudansien.csv,,0,,,
,data-00000438,,,106319,active,2026-07-27T11:34:09,,,CSV,,,,,障がい児相談支援,2026-07-27T11:34:09,https://www.city.osaka.lg.jp/contents/wdu290/opendata/dataset/data-00000438/syogaijisoudanshien.csv,,1,,,
,data-00000438,,,71132,active,2026-07-27T11:33:52,,,CSV,,,,,地域移行支援,2026-07-27T11:33:52,https://www.city.osaka.lg.jp/contents/wdu290/opendata/dataset/data-00000438/chiikiikoushien.csv,,2,,,
,data-00000438,,,70934,active,2026-07-27T11:34:09,,,CSV,,,,,地域定着支援,2026-07-27T11:34:09,https://www.city.osaka.lg.jp/contents/wdu290/opendata/dataset/data-00000438/chiikiteityakushien.csv,,3,,,
,data-00000439,,,229910,active,2026-07-27T11:34:09,,,CSV,,,,,児童発達支援,2026-07-27T11:34:09,https://www.city.osaka.lg.jp/contents/wdu290/opendata/dataset/data-00000439/jidouhattatushien.csv,,0,,,
,data-00000439,,,2054,active,2026-07-27T11:34:09,,,CSV,,,,,福祉型児童発達支援センター,2026-07-27T11:34:09,https://www.city.osaka.lg.jp/contents/wdu290/opendata/dataset/data-00000439/fukushigatajidouhattatusiensenta.csv,,1,,,
,data-00000439,,,333,active,2025-03-11T09:25:31,,,CSV,,,,,医療型児童発達支援センター,2025-03-11T09:25:31,https://www.city.osaka.lg.jp/contents/wdu290/opendata/dataset/data-00000439/iryougatajidouhattatushiensenta.csv,,2,,,
,data-00000439,,,236990,active,2026-07-27T11:34:09,,,CSV,,,,,放課後等デイサービス,2026-07-27T11:34:09,https://www.city.osaka.lg.jp/contents/wdu290/opendata/dataset/data-00000439/houkagodeisabisu.csv,,3,,,
,data-00000439,,,2353,active,2026-07-27T11:34:09,,,CSV,,,,,居宅訪問型児童発達支援,2026-07-27T11:34:09,https://www.city.osaka.lg.jp/contents/wdu290/opendata/dataset/data-00000439/kyotakuhoumongatajidouhattatushien.csv,,4,,,
,data-00000439,,,51059,active,2026-07-27T11:34:09,,,CSV,,,,,保育所等訪問支援,2026-07-27T11:34:09,https://www.city.osaka.lg.jp/contents/wdu290/opendata/dataset/data-00000439/hoikusyotouhoumonshien.csv,,5,,,
,data-00000440,,,1224,active,2026-07-27T11:34:09,,,CSV,,,,,福祉型障がい児入所施設,2026-07-27T11:34:09,https://www.city.osaka.lg.jp/contents/wdu290/opendata/dataset/data-00000440/fukushigatasyougaijinyusyoshien.csv,,0,,,
,data-00000440,,,1147,active,2026-07-27T11:34:09,,,CSV,,,,,医療型障がい児入所施設,2026-07-27T11:34:09,https://www.city.osaka.lg.jp/contents/wdu290/opendata/dataset/data-00000440/iryougatasyougaijinyusyoshien.csv,,1,,,
,data-00000441,,,407763,active,2026-07-27T12:11:19,,,CSV,,,,,大阪市登録移動支援事業所一覧表,2026-07-27T12:11:19,https://www.city.osaka.lg.jp/contents/wdu290/opendata/dataset/data-00000441/idoushien.csv,,0,,,
,data-00000441,,,89239,active,2026-07-27T12:11:19,,,CSV,,,,,大阪市登録の大阪市外移動支援事業所一覧表,2026-07-27T12:11:19,https://www.city.osaka.lg.jp/contents/wdu290/opendata/dataset/data-00000441/idoushien_osakashigai.csv,,1,,,
,data-00000442,,,33256,active,2019-11-27T17:54:58,,,zip(shapefile),,,,,shapefile_24西成区_H27国勢調査,2019-11-17T18:09:13,"https://www.city.osaka.lg.jp/contents/wdu290/opendata/dataset/data-00000442/		24_nishinari_h27ka27122.zip",,0,,,
,data-00000442,,,60107,active,2019-11-27T17:54:57,,,zip(shapefile),,,,,shapefile_23平野区_H27国勢調査,2019-11-17T18:09:13,"https://www.city.osaka.lg.jp/contents/wdu290/opendata/dataset/data-00000442/		23_hirano_h27ka27126.zip",,1,,,
,data-00000442,,,40942,active,2019-11-27T17:54:57,,,zip(shapefile),,,,,shapefile_22東住吉区_H27国勢調査,2019-11-17T18:09:13,"https://www.city.osaka.lg.jp/contents/wdu290/opendata/dataset/data-00000442/	22_higashisumiyoshi_h27ka27121.zip",,2,,,
,data-00000442,,,42372,active,2019-11-27T17:54:57,,,zip(shapefile),,,,,shapefile_21住吉区_H27国勢調査,2019-11-17T18:09:13,https://www.city.osaka.lg.jp/contents/wdu290/opendata/dataset/data-00000442/21_sumiyoshi_h27ka27120.zip,,3,,,
,data-00000442,,,39623,active,2019-11-27T17:54:57,,,zip(shapefile),,,,,shapefile_20住之江区_H27国勢調査,2019-11-17T18:09:13,https://www.city.osaka.lg.jp/contents/wdu290/opendata/dataset/data-00000442/20_suminoe_h27ka27125.zip,,4,,,
,data-00000442,,,32696,active,2019-11-27T17:54:57,,,zip(shapefile),,,,,shapefile_19阿倍野区_H27国勢調査,2019-11-17T18:09:13,"https://www.city.osaka.lg.jp/contents/wdu290/opendata/dataset/data-00000442/		19_abeno_h27ka27119.zip",,5,,,
,data-00000442,,,35503,active,2019-11-27T17:54:57,,,zip(shapefile),,,,,shapefile_18鶴見区_H27国勢調査,2019-11-17T18:09:13,"https://www.city.osaka.lg.jp/contents/wdu290/opendata/dataset/data-00000442/	18_tsurumi_h27ka27124.zip",,6,,,
,data-00000442,,,32455,active,2019-11-27T17:54:57,,,zip(shapefile),,,,,shapefile_17城東区_H27国勢調査,2019-11-17T18:09:13,"https://www.city.osaka.lg.jp/contents/wdu290/opendata/dataset/data-00000442/	17_joto_h27ka27118.zip",,7,,,
,data-00000442,,,24360,active,2019-11-27T17:54:57,,,zip(shapefile),,,,,shapefile_16旭区_H27国勢調査,2019-11-17T18:09:13,"https://www.city.osaka.lg.jp/contents/wdu290/opendata/dataset/data-00000442/	16_asahi_h27ka27117.zip",,8,,,
,data-00000442,,,35355,active,2019-11-27T17:54:57,,,zip(shapefile),,,,,shapefile_15生野区_H27国勢調査,2019-11-17T18:09:13,https://www.city.osaka.lg.jp/contents/wdu290/opendata/dataset/data-00000442/15_ikuno_h27ka27116.zip,,9,,,
,data-00000442,,,18717,active,2019-11-27T17:54:57,,,zip(shapefile),,,,,shapefile_14東成区_H27国勢調査,2019-11-17T18:09:13,https://www.city.osaka.lg.jp/contents/wdu290/opendata/dataset/data-00000442/14_higashinari_h27ka27115.zip,,10,,,
,data-00000442,,,61008,active,2019-11-27T17:54:57,,,zip(shapefile),,,,,shapefile_13東淀川区_H27国勢調査,2019-11-17T18:09:13,"https://www.city.osaka.lg.jp/contents/wdu290/opendata/dataset/data-00000442/	13_higashiyodogawa_h27ka27114.zip",,11,,,
,data-00000442,,,42727,active,2019-11-27T17:54:57,,,zip(shapefile),,,,,shapefile_12淀川区_H27国勢調査,2019-11-17T18:09:13,"https://www.city.osaka.lg.jp/contents/wdu290/opendata/dataset/data-00000442/	12_yodogawa_h27ka27123.zip",,12,,,
,data-00000442,,,29204,active,2019-11-27T17:54:57,,,zip(shapefile),,,,,shapefile_11西淀川区_H27国勢調査,2019-11-17T18:09:13,"https://www.city.osaka.lg.jp/contents/wdu290/opendata/dataset/data-00000442/	11_nishiyodogawa_h27ka27113.zip",,13,,,
,data-00000442,,,20770,active,2019-11-27T17:54:57,,,zip(shapefile),,,,,shapefile_10浪速区_H27国勢調査,2019-11-17T18:09:13,"https://www.city.osaka.lg.jp/contents/wdu290/opendata/dataset/data-00000442/	10_naniwa_h27ka27111.zip",,14,,,
,data-00000442,,,26731,active,2019-11-27T17:54:57,,,zip(shapefile),,,,,shapefile_09天王寺区_H27国勢調査,2019-11-17T18:09:13,"https://www.city.osaka.lg.jp/contents/wdu290/opendata/dataset/data-00000442/	09_tennoji_h27ka27109.zip",,15,,,
,data-00000442,,,23981,active,2019-11-27T17:54:57,,,zip(shapefile),,,,,shapefile_08大正区_H27国勢調査,2019-11-17T18:09:13,"https://www.city.osaka.lg.jp/contents/wdu290/opendata/dataset/data-00000442/	08_taisho_h27ka27108.zip",,16,,,
,data-00000442,,,29056,active,2019-11-27T17:54:57,,,zip(shapefile),,,,,shapefile_07港区_H27国勢調査,2019-11-17T18:09:13,"https://www.city.osaka.lg.jp/contents/wdu290/opendata/dataset/data-00000442/	07_minato_h27ka27107.zip",,17,,,
,data-00000442,,,22124,active,2019-11-27T17:54:57,,,zip(shapefile),,,,,shapefile_06西区_H27国勢調査,2019-11-17T18:09:13,"https://www.city.osaka.lg.jp/contents/wdu290/opendata/dataset/data-00000442/	06_nishi_h27ka27106.zip",,18,,,
,data-00000442,,,53247,active,2019-11-27T17:54:57,,,zip(shapefile),,,,,shapefile_05中央区_H27国勢調査,2019-11-17T18:09:13,https://www.city.osaka.lg.jp/contents/wdu290/opendata/dataset/data-00000442/05_chuo_h27ka27128.zip,,19,,,
,data-00000442,,,28724,active,2019-11-27T17:54:57,,,zip(shapefile),,,,,shapefile_04此花区_H27国勢調査,2019-11-17T18:09:13,"https://www.city.osaka.lg.jp/contents/wdu290/opendata/dataset/data-00000442/	04_konohana_h27ka27104.zip",,20,,,
,data-00000442,,,18086,active,2019-11-27T17:54:57,,,zip(shapefile),,,,,shapefile_03福島区_H27国勢調査,2019-11-17T18:09:13,https://www.city.osaka.lg.jp/contents/wdu290/opendata/dataset/data-00000442/03_fukushima_h27ka27103.zip,,21,,,
,data-00000442,,,20994,active,2019-11-27T17:54:57,,,zip(shapefile),,,,,shapefile_02都島区_H27国勢調査,2019-11-17T18:09:13,https://www.city.osaka.lg.jp/contents/wdu290/opendata/dataset/data-00000442/02_miyakojima_h27ka27102.zip,,22,,,
,data-00000442,,,48487,active,2019-11-27T17:54:57,,,zip(shapefile),,,,,shapefile_01北区_H27国勢調査,2019-11-17T18:09:13,https://www.city.osaka.lg.jp/contents/wdu290/opendata/dataset/data-00000442/01_kita_h27ka27127.zip,,23,,,
,data-00000442,,,788820,active,2019-11-27T17:54:57,,,zip(shapefile),,,,,shapefile_大阪市全域_H27,2019-11-17T18:09:13,https://www.city.osaka.lg.jp/contents/wdu290/opendata/dataset/data-00000442/00_osakacityall_h27.zip,,24,,,
,data-00000443,,,7582,active,2021-02-07T23:21:08,,大阪港における入港船舶の隻数及び総トン数を外・内航別(内数でフルコンテナ船・フェリー別)、年・月別で分類したデータが掲載されています(1926年から2019年)。,CSV,,,,,1入港船舶年次表CSV形式,2021-02-07T23:21:08,https://www.city.osaka.lg.jp/contents/wdu290/opendata/dataset/data-00000443/2019-02-01.csv,,0,,,
,data-00000443,,,12000,active,2021-02-07T23:21:08,,大阪港における入港船舶の隻数及び総トン数を総トン数階級別、年・月別で分類したデータが掲載されています(1926年から2019年)。,CSV,,,,,2入港船舶トン数階級別年次表CSV形式,2021-02-07T23:21:08,https://www.city.osaka.lg.jp/contents/wdu290/opendata/dataset/data-00000443/2019-02-02.csv,,1,,,
,data-00000443,,,3434,active,2021-02-07T23:21:08,,大阪港における入港船舶(外航)の隻数及び総トン数を船舶の国籍別で分類したデータが掲載されています(2015年から2019年)。,CSV,,,,,3入港外航船舶国籍別年次表CSV形式,2021-02-07T23:21:08,https://www.city.osaka.lg.jp/contents/wdu290/opendata/dataset/data-00000443/2019-02-03.csv,,2,,,
,data-00000443,,,13602,active,2021-02-07T23:21:08,,大阪港における入港船舶の隻数及び総トン数を船舶用途別、総トン数階級別、内・外航別で分類したデータが掲載されています(2019年)。,CSV,,,,,4入港船舶用途別トン数階級別表CSV形式,2021-02-07T23:21:08,https://www.city.osaka.lg.jp/contents/wdu290/opendata/dataset/data-00000443/2019-02-04.csv,,3,,,
,data-00000443,,,5044,active,2021-02-07T23:21:08,,大阪港における入港船舶(外航)の隻数及び総トン数を月別、航路別で分類したデータが掲載されています(2019年)。,CSV,,,,,5外航定期航路別月表CSV形式,2021-02-07T23:21:08,https://www.city.osaka.lg.jp/contents/wdu290/opendata/dataset/data-00000443/2019-02-05.csv,,4,,,
,data-00000443,,,4630,active,2021-02-07T23:21:08,,大阪港における入港船舶(外航)の隻数及び総トン数を総トン数階級別、航路別で分類したデータが掲載されています(2019年)。,CSV,,,,,6外航定期航路別トン数階級別表CSV形式,2021-02-07T23:21:08,https://www.city.osaka.lg.jp/contents/wdu290/opendata/dataset/data-00000443/2019-02-06.csv,,5,,,
,data-00000443,,,1818,active,2021-02-07T23:21:08,,大阪港における入港船舶(外航コンテナ船)の隻数及び総トン数を船舶用途別、航路別で分類したデータが掲載されています(2019年)。,CSV,,,,,7コンテナ船舶航路別用途別入港隻数CSV形式,2021-02-07T23:21:08,https://www.city.osaka.lg.jp/contents/wdu290/opendata/dataset/data-00000443/2019-02-07.csv,,6,,,
,data-00000443,,,4323,active,2021-02-07T23:21:08,,大阪港における入港船舶の内、各年次で最大総トン数の船舶が掲載されています(1967年から2019年)。,CSV,,,,,8入港最大船舶年次表CSV形式,2021-02-07T23:21:08,https://www.city.osaka.lg.jp/contents/wdu290/opendata/dataset/data-00000443/2019-02-08.csv,,7,,,
,data-00000443,,,3254,active,2021-02-07T23:21:08,,大阪港におけるフェリー及び客船等の月別乗降人員が掲載されています(2019年)。,CSV,,,,,9船舶乗降人員月表CSV形式,2021-02-07T23:21:08,https://www.city.osaka.lg.jp/contents/wdu290/opendata/dataset/data-00000443/2019-02-09.csv,,8,,,
,data-00000443,,,12673,active,2021-02-07T23:21:08,,大阪港における海運貨物量を外・内航別(内数でフルコンテナ船・フェリー別)、輸移出・輸移入別、年・月別で分類したデータが掲載されています(1926年から2019年)。,CSV,,,,,1海運貨物トン数年次表CSV形式,2021-02-07T23:21:08,https://www.city.osaka.lg.jp/contents/wdu290/opendata/dataset/data-00000443/2019-03-01.csv,,9,,,
,data-00000443,,,9488,active,2021-02-07T23:21:08,,大阪港における海運貨物量を外・内貿別、輸移出・輸移入別、港湾統計の82品種別で分類したデータが掲載されています(2019年)。,CSV,,,,,2海運貨物品種別トン数表CSV形式,2021-02-07T23:21:08,https://www.city.osaka.lg.jp/contents/wdu290/opendata/dataset/data-00000443/2019-03-02.csv,,10,,,
,data-00000443,,,11749,active,2021-02-07T23:21:08,,大阪港における輸出貨物量を月別、港湾統計の82品種別で分類したデータが掲載されています(2019年)。,CSV,,,,,3輸出貨物品種別トン数月表CSV形式,2021-02-07T23:21:08,https://www.city.osaka.lg.jp/contents/wdu290/opendata/dataset/data-00000443/2019-03-03.csv,,11,,,
,data-00000443,,,13458,active,2021-02-07T23:21:08,,大阪港における輸入貨物量を月別、港湾統計の82品種別で分類したデータが掲載されています(2019年)。,CSV,,,,,4輸入貨物品種別トン数月表CSV形式,2021-02-07T23:21:08,https://www.city.osaka.lg.jp/contents/wdu290/opendata/dataset/data-00000443/2019-03-04.csv,,12,,,
,data-00000443,,,71829,active,2021-02-07T23:21:08,,大阪港における輸出貨物量を仕向港別、港湾統計の82品種別で分類したデータが掲載されています(2019年)。,CSV,,,,,5輸出貨物品種別仕向港別トン数表CSV形式,2021-02-07T23:21:08,https://www.city.osaka.lg.jp/contents/wdu290/opendata/dataset/data-00000443/2019-03-05.csv,,13,,,
,data-00000443,,,71419,active,2021-02-07T23:21:08,,大阪港における輸入貨物量を仕出港別、港湾統計の82品種別で分類したデータが掲載されています(2019年)。,CSV,,,,,6輸入貨物品種別仕出港別トン数表CSV形式,2021-02-07T23:21:08,https://www.city.osaka.lg.jp/contents/wdu290/opendata/dataset/data-00000443/2019-03-06.csv,,14,,,
,data-00000443,,,2651,active,2021-02-07T23:21:08,,大阪港における外貿貨物量の主要品種(累計上位25品種)が輸出入別で掲載されています(2019年)。,CSV,,,,,7外貿貨物の主要品種別取扱量CSV形式,2021-02-07T23:21:08,https://www.city.osaka.lg.jp/contents/wdu290/opendata/dataset/data-00000443/2019-03-07.csv,,15,,,
,data-00000443,,,2622,active,2021-02-07T23:21:08,,大阪港における外貿貨物量の主要仕向国・仕出国(累計上位25ヶ国)が輸出入別で掲載されています(2019年)。,CSV,,,,,8外貿貨物の主要仕向国・仕出国別取扱量CSV形式,2021-02-07T23:21:08,https://www.city.osaka.lg.jp/contents/wdu290/opendata/dataset/data-00000443/2019-03-08.csv,,16,,,
,data-00000443,,,7497,active,2021-02-07T23:21:08,,大阪港における外貿コンテナ貨物量を個数及び貨物トン数別、実入・空別、輸出入別で分類したデータが年・月別で掲載されています (1986年から2019年)。,CSV,,,,,9外貿コンテナ取扱量・個数年次表CSV形式,2021-02-07T23:21:08,https://www.city.osaka.lg.jp/contents/wdu290/opendata/dataset/data-00000443/2019-03-09.csv,,17,,,
,data-00000443,,,15397,active,2021-02-07T23:21:08,,大阪港における外貿コンテナ貨物量の個数を航路別、輸出入別、実入・空別、年・月別で分類したデータが掲載されています(2015年から2019年)。,CSV,,,,,10コンテナ航路別実・空別個数表CSV形式,2021-02-07T23:21:08,https://www.city.osaka.lg.jp/contents/wdu290/opendata/dataset/data-00000443/2019-03-10.csv,,18,,,
,data-00000443,,,6379,active,2021-02-07T23:21:08,,大阪港における外貿コンテナ貨物量の個数を実入・空別、輸出入別、国名・地域名及び港別で分類したデータが掲載されています(2019年)。,CSV,,,,,11コンテナ貨物港別個数表CSV形式,2021-02-07T23:21:08,https://www.city.osaka.lg.jp/contents/wdu290/opendata/dataset/data-00000443/2019-03-11.csv,,19,,,
,data-00000443,,,2834,active,2021-02-07T23:21:08,,大阪港における外貿コンテナ貨物量の個数及び貨物トン数別を輸出入別、船舶用途別、実入・空別で分類したデータが掲載されています(2015年から2019年)。,CSV,,,,,12コンテナ船舶用途別貨物トン数・コンテナ個数CSV形式,2021-02-07T23:21:08,https://www.city.osaka.lg.jp/contents/wdu290/opendata/dataset/data-00000443/2019-03-12.csv,,20,,,
,data-00000443,,,11616,active,2021-02-07T23:21:08,,大阪港における輸出コンテナ貨物量の貨物トン数を月別に港湾統計の82品種別で分類したデータが掲載されています(2019年)。,CSV,,,,,13輸出コンテナ貨物品種別トン数月表CSV形式,2021-02-07T23:21:08,https://www.city.osaka.lg.jp/contents/wdu290/opendata/dataset/data-00000443/2019-03-13.csv,,21,,,
,data-00000443,,,13455,active,2021-02-07T23:21:08,,大阪港における輸入コンテナ貨物量の貨物トン数を月別に港湾統計の82品種別で分類したデータが掲載されています(2019年)。,CSV,,,,,14輸入コンテナ貨物品種別トン数月表CSV形式,2021-02-07T23:21:08,https://www.city.osaka.lg.jp/contents/wdu290/opendata/dataset/data-00000443/2019-03-14.csv,,22,,,
,data-00000443,,,35963,active,2021-02-07T23:21:08,,大阪港における輸出コンテナ貨物量の貨物トン数を仕向港別、港湾統計の82品種別で分類したデータが掲載されています(2019年)。,CSV,,,,,15コンテナ貨物品種別仕向港別トン数表（輸出）CSV形式,2021-02-07T23:21:08,https://www.city.osaka.lg.jp/contents/wdu290/opendata/dataset/data-00000443/2019-03-15.csv,,23,,,
,data-00000443,,,41980,active,2021-02-07T23:21:08,,大阪港における輸入コンテナ貨物量の貨物トン数を仕出港別、港湾統計の82品種別で分類したデータが掲載されています(2019年)。,CSV,,,,,16コンテナ貨物品種別仕出港別トン数表（輸入）CSV形式,2021-02-07T23:21:08,https://www.city.osaka.lg.jp/contents/wdu290/opendata/dataset/data-00000443/2019-03-16.csv,,24,,,
,data-00000443,,,11251,active,2021-02-07T23:21:08,,大阪港における移出貨物量の貨物トン数を月別に港湾統計の82品種別で分類したデータが掲載されています(2019年)。,CSV,,,,,17移出貨物品種別トン数月表CSV形式,2021-02-07T23:21:08,https://www.city.osaka.lg.jp/contents/wdu290/opendata/dataset/data-00000443/2019-03-17.csv,,25,,,
,data-00000443,,,10904,active,2021-02-07T23:21:08,,大阪港における移入貨物量の貨物トン数を月別に港湾統計の82品種別で分類したデータが掲載されています(2019年)。,CSV,,,,,18移入貨物品種別トン数月表CSV形式,2021-02-07T23:21:08,https://www.city.osaka.lg.jp/contents/wdu290/opendata/dataset/data-00000443/2019-03-18.csv,,26,,,
,data-00000443,,,45047,active,2021-02-07T23:21:08,,大阪港における移出貨物量の貨物トン数を仕向港別、港湾統計の82品種別で分類したデータが掲載されています(2019年)。,CSV,,,,,19移出貨物品種別仕向港別トン数表CSV形式,2021-02-07T23:21:08,https://www.city.osaka.lg.jp/contents/wdu290/opendata/dataset/data-00000443/2019-03-19.csv,,27,,,
,data-00000443,,,56956,active,2021-02-07T23:21:08,,大阪港における移入貨物量の貨物トン数を仕出港別、港湾統計の82品種別で分類したデータが掲載されています(2019年)。,CSV,,,,,20移入貨物品種別仕出港別トン数表CSV形式,2021-02-07T23:21:08,https://www.city.osaka.lg.jp/contents/wdu290/opendata/dataset/data-00000443/2019-03-20.csv,,28,,,
,data-00000443,,,3189,active,2021-02-07T23:21:08,,大阪港における内貿貨物量の主要品種(累計上位25品種)が掲載されています(2019年)。,CSV,,,,,21内貿貨物の主要品種別取扱量CSV形式,2021-02-07T23:21:08,https://www.city.osaka.lg.jp/contents/wdu290/opendata/dataset/data-00000443/2019-03-21.csv,,29,,,
,data-00000443,,,3043,active,2021-02-07T23:21:08,,大阪港における内貿貨物量の主要仕向・仕出県(累計上位25県)が掲載されています(2019年)。,CSV,,,,,22内貿貨物の主要仕向県・仕出県別取扱量CSV形式,2021-02-07T23:21:08,https://www.city.osaka.lg.jp/contents/wdu290/opendata/dataset/data-00000443/2019-03-22.csv,,30,,,
,data-00000443,,,4806,active,2021-02-07T23:21:08,,大阪港における内貿コンテナ貨物量を年別に実入・空別、移出・移入別、個数及び貨物トン数別で分類したデータが掲載されています(1986年から2019年)。,CSV,,,,,23内貿コンテナ取扱量・個数年次表CSV形式,2021-02-07T23:21:08,https://www.city.osaka.lg.jp/contents/wdu290/opendata/dataset/data-00000443/2019-03-23.csv,,31,,,
,data-00000443,,,13912,active,2021-02-07T23:21:08,,,CSV,,,,,24-1内航フェリー統計年次表CSV形式,2021-02-07T23:21:08,https://www.city.osaka.lg.jp/contents/wdu290/opendata/dataset/data-00000443/2019-03-24-1.csv,,32,,,
,data-00000443,,,6905,active,2021-02-07T23:21:08,,大阪港における内航フェリーの隻数及び総トン数、貨物トン数、航送車両台数、乗降人員を年・月別で分類したデータが掲載されています(2015年から2019年)。,CSV,,,,,24-2内航フェリー統計年次表CSV形式,2021-02-07T23:21:08,https://www.city.osaka.lg.jp/contents/wdu290/opendata/dataset/data-00000443/2019-03-24-2.csv,,33,,,
,data-00000444,,,9680,active,2022-02-01T06:56:00,,大阪港における外貿コンテナの取扱個数の速報データ(速速報値)です。2019年は確報値、2021年1月から2021年9月までは速報値、それ以降は速速報値となり、将来変更する場合があります。,CSV,,,,,大阪港の外貿コンテナ取扱個数（2019年1月～2021年12月) ,2022-02-01T06:56:00,https://www.city.osaka.lg.jp/contents/wdu290/opendata/dataset/data-00000444/container.csv,,0,,,
,data-00000445,,,4414,active,2021-02-23T02:47:30,,大阪港における月別の入港船舶隻数及び総トン数が掲載されています。 ,CSV,,,,,入港船舶月別前年比較表（2020年7月）,2021-02-23T02:47:30,https://www.city.osaka.lg.jp/contents/wdu290/opendata/dataset/data-00000445/202007_01.csv,,0,,,
,data-00000445,,,6339,active,2021-02-23T02:47:30,,大阪港における月別の取扱貨物量が掲載されています。,CSV,,,,,取扱貨物月別前年比較表（2020年7月）,2021-02-23T02:47:30,https://www.city.osaka.lg.jp/contents/wdu290/opendata/dataset/data-00000445/202007_02.csv,,1,,,
,data-00000445,,,5374,active,2021-02-23T02:47:30,,大阪港における月別の取扱コンテナ個数が掲載されています。,CSV,,,,,取扱コンテナ個数月別前年比較表（2020年7月）,2021-02-23T02:47:30,https://www.city.osaka.lg.jp/contents/wdu290/opendata/dataset/data-00000445/202007_03.csv,,2,,,
,data-00000445,,,3160,active,2021-02-23T02:47:30,,大阪港において船舶により出入りした月別の乗降客数が掲載されています。,CSV,,,,,船舶乗降人員月表（2020年7月）,2021-02-23T02:47:30,https://www.city.osaka.lg.jp/contents/wdu290/opendata/dataset/data-00000445/202007_04.csv,,3,,,
,data-00000445,,,11541,active,2021-02-23T02:47:30,,大阪港における当月分海上出入貨物の品種別貨物量(港湾統計で用いる品種分類による)が掲載されています。,CSV,,,,,海上出入貨物品種別表（2020年7月）,2021-02-23T02:47:30,https://www.city.osaka.lg.jp/contents/wdu290/opendata/dataset/data-00000445/202007_05.csv,,4,,,
,data-00000445,,,5029,active,2021-02-23T02:47:30,,大阪港における海上出入貨物の主要品種(累計上位10品種)が掲載されています。,CSV,,,,,海上出入貨物主要品種（累計上位10品種）（2020年7月）,2021-02-23T02:47:30,https://www.city.osaka.lg.jp/contents/wdu290/opendata/dataset/data-00000445/202007_06.csv,,5,,,
,data-00000445,,,4617,active,2021-02-23T02:47:30,,大阪港における海上出入コンテナ貨物の主要品種(累計上位10品種)が掲載されています。,CSV,,,,,海上出入貨物主要品種（コンテナ）（累計上位10品種）（2020年7月）,2021-02-23T02:47:30,https://www.city.osaka.lg.jp/contents/wdu290/opendata/dataset/data-00000445/202007_07.csv,,6,,,
,data-00000445,,,3643,active,2021-02-23T02:47:30,,大阪港における主要国・地域別(累計上位20ヶ国)の外国貿易貨物量が掲載されています。,CSV,,,,,外貿貨物主要国・地域別貨物量（累計上位20ヶ国）（2020年7月）,2021-02-23T02:47:30,https://www.city.osaka.lg.jp/contents/wdu290/opendata/dataset/data-00000445/202007_08.csv,,7,,,
,data-00000445,,,3026,active,2021-02-23T02:47:30,,大阪港における主要国・地域別(累計上位20ヶ国)の外国貿易コンテナ貨物量が掲載されています。,CSV,,,,,外貿貨物主要国・地域別貨物量（コンテナ）（累計上位20ヶ国）（2020年7月）,2021-02-23T02:47:30,https://www.city.osaka.lg.jp/contents/wdu290/opendata/dataset/data-00000445/202007_09.csv,,8,,,
,data-00000445,,,2461,active,2021-02-23T02:47:30,,大阪港における外国貿易コンテナ船の航路別入港船舶隻数及び総トン数が掲載されています。,CSV,,,,,フルコンテナ船舶航路別月表（2020年7月）,2021-02-23T02:47:30,https://www.city.osaka.lg.jp/contents/wdu290/opendata/dataset/data-00000445/202007_10.csv,,9,,,
,data-00000445,,,4369,active,2021-02-23T02:47:30,,大阪港における外国貿易コンテナの航路別取扱コンテナ貨物量が掲載されています。,CSV,,,,,外貿コンテナ航路別取扱量月表（2020年7月）,2021-02-23T02:47:30,https://www.city.osaka.lg.jp/contents/wdu290/opendata/dataset/data-00000445/202007_11.csv,,10,,,
,data-00000445,,,10296,active,2021-02-23T02:47:30,,大阪港における外国貿易コンテナの航路別取扱コンテナ個数が掲載されています。,CSV,,,,,外貿コンテナ航路別個数月表（2020年7月）,2021-02-23T02:47:30,https://www.city.osaka.lg.jp/contents/wdu290/opendata/dataset/data-00000445/202007_12.csv,,11,,,
,data-00000445,,,5543,active,2021-02-23T02:47:30,,大阪港における貿易相手港別の外国貿易コンテナ取扱個数が掲載されています。,CSV,,,,,コンテナ貨物港別個数表（2020年7月）,2021-02-23T02:47:30,https://www.city.osaka.lg.jp/contents/wdu290/opendata/dataset/data-00000445/202007_13.csv,,12,,,
,data-00000446,,,11958,active,2022-03-01T00:00:00,,,CSV,,,,,令和4年3月号（NO.310）,2022-03-01T00:00:00,https://www.city.osaka.lg.jp/contents/wdu290/opendata/dataset/data-00000446/minato_pub_20220301.csv,,0,,,
,data-00000446,,,14136,active,2022-02-01T00:43:00,,,CSV,,,,,令和4年2月号（NO.309）,2022-02-01T00:43:00,https://www.city.osaka.lg.jp/contents/wdu290/opendata/dataset/data-00000446/minato_pub_20220201.csv,,1,,,
,data-00000446,,,15168,active,2022-01-03T23:03:00,,,CSV,,,,,令和4年1月号（NO.308）,2022-01-03T23:03:00,https://www.city.osaka.lg.jp/contents/wdu290/opendata/dataset/data-00000446/minato_pub_20220101.csv,,2,,,
,data-00000446,,,11687,active,2021-12-01T20:18:00,,,CSV,,,,,令和3年12月号（NO.307）,2021-12-01T20:18:00,https://www.city.osaka.lg.jp/contents/wdu290/opendata/dataset/data-00000446/minato_pub_20211201.csv,,3,,,
,data-00000446,,,13440,active,2021-11-26T04:28:00,,,CSV,,,,,令和3年11月号（NO.306）,2021-11-26T04:28:00,https://www.city.osaka.lg.jp/contents/wdu290/opendata/dataset/data-00000446/minato_pub_20211101.csv,,4,,,
,data-00000446,,,24981,active,2021-10-01T00:00:00,,,CSV,,,,,令和3年10月号（NO.305）,2021-10-01T00:00:00,https://www.city.osaka.lg.jp/contents/wdu290/opendata/dataset/data-00000446/minato_pub_20211001.csv,,5,,,
,data-00000446,,,15984,active,2021-09-01T01:15:00,,,CSV,,,,,令和3年9月号（NO.304）,2021-09-01T01:15:00,https://www.city.osaka.lg.jp/contents/wdu290/opendata/dataset/data-00000446/minato_pub_20210901.csv,,6,,,
,data-00000446,,,13886,active,2021-08-02T01:28:48,,,CSV,,,,,令和3年8月号（NO.303）,2021-08-02T01:28:48,https://www.city.osaka.lg.jp/contents/wdu290/opendata/dataset/data-00000446/minato_pub_20210801.csv,,7,,,
,data-00000446,,,19560,active,2021-07-01T03:18:28,,,CSV,,,,,令和3年7月号（NO.302）,2021-07-01T03:18:28,https://www.city.osaka.lg.jp/contents/wdu290/opendata/dataset/data-00000446/minato_pub_20210701.csv,,8,,,
,data-00000446,,,10431,active,2021-06-01T08:18:28,,,CSV,,,,,令和3年6月号（NO.301）,2021-06-01T08:18:28,https://www.city.osaka.lg.jp/contents/wdu290/opendata/dataset/data-00000446/minato_pub_20210601.csv,,9,,,
,data-00000446,,,12608,active,2021-05-05T23:11:48,,,CSV,,,,,令和3年5月号（NO.300）,2021-05-05T23:11:48,https://www.city.osaka.lg.jp/contents/wdu290/opendata/dataset/data-00000446/minato_pub_20210501.csv,,10,,,
,data-00000446,,,17097,active,2021-02-01T00:17:48,,,CSV,,,,,令和3年1月号（NO.296）,2021-02-01T00:17:48,https://www.city.osaka.lg.jp/contents/wdu290/opendata/dataset/data-00000446/minato_pub_20210101.csv,,11,,,
,data-00000446,,,17097,active,2021-01-13T22:05:48,,,CSV,,,,,令和2年12月号（NO.295）,2021-01-03T23:58:48,https://www.city.osaka.lg.jp/contents/wdu290/opendata/dataset/data-00000446/minato_pub_20201201.csv,,12,,,
,data-00000446,,,17097,active,2021-01-13T22:05:48,,,CSV,,,,,令和2年11月号（NO.294）,2021-01-03T23:58:48,https://www.city.osaka.lg.jp/contents/wdu290/opendata/dataset/data-00000446/minato_pub_20201101.csv,,13,,,
,data-00000446,,,17097,active,2021-01-13T22:05:48,,,CSV,,,,,令和2年10月号（NO.293）,2020-12-03T20:11:41,https://www.city.osaka.lg.jp/contents/wdu290/opendata/dataset/data-00000446/minato_pub_20201001.csv,,14,,,
,data-00000446,,,17097,active,2021-01-13T22:05:48,,,CSV,,,,,令和2年9月号（NO.292）,2020-07-28T20:13:38,https://www.city.osaka.lg.jp/contents/wdu290/opendata/dataset/data-00000446/minato_pub_20200901.csv,,15,,,
,data-00000446,,,17097,active,2021-01-13T22:05:48,,,CSV,,,,,令和2年8月号（NO.291）,2020-07-28T20:13:38,https://www.city.osaka.lg.jp/contents/wdu290/opendata/dataset/data-00000446/minato_pub_20200801.csv,,16,,,
,data-00000446,,,10204,active,2021-01-13T22:05:48,,,CSV,,,,,令和2年7月号（NO.290）,2020-07-28T20:13:38,https://www.city.osaka.lg.jp/contents/wdu290/opendata/dataset/data-00000446/minato_pub_20200701.csv,,17,,,
,data-00000446,,,17097,active,2021-01-13T22:05:48,,,CSV,,,,,令和2年6月号（NO.289）,2020-07-28T20:13:38,https://www.city.osaka.lg.jp/contents/wdu290/opendata/dataset/data-00000446/minato_pub_20200601.csv,,18,,,
,data-00000446,,,10204,active,2021-01-13T22:05:48,,,CSV,,,,,令和2年5月号（NO.288）,2020-07-28T20:13:38,https://www.city.osaka.lg.jp/contents/wdu290/opendata/dataset/data-00000446/minato_pub_20200501.csv,,19,,,
,data-00000446,,,9427,active,2020-04-27T03:14:00,,,CSV,,,,,令和2年4月号（NO.287）,2020-04-27T03:14:00,https://www.city.osaka.lg.jp/contents/wdu290/opendata/dataset/data-00000446/20200426_minato_pub_20200401.csv,,20,,,
,data-00000446,,,7495,active,2020-02-28T04:58:00,,,CSV,,,,,令和2年3月号（NO.286）,2020-02-28T04:58:00,https://www.city.osaka.lg.jp/contents/wdu290/opendata/dataset/data-00000446/20200227_minato_pub_20200301.csv,,21,,,
,data-00000446,,,11886,active,2020-02-28T04:57:00,,,CSV,,,,,令和2年2月号（NO.285）,2020-02-28T04:57:00,https://www.city.osaka.lg.jp/contents/wdu290/opendata/dataset/data-00000446/20200227_minato_pub_20200201.csv,,22,,,
,data-00000446,,,7597,active,2020-01-06T00:31:00,,,CSV,,,,,令和2年1月号（NO.284）,2020-01-06T00:31:00,https://www.city.osaka.lg.jp/contents/wdu290/opendata/dataset/data-00000446/20200105_minato_pub_20200101.csv,,23,,,
,data-00000446,,,8011,active,2019-11-29T07:27:00,,,CSV,,,,,令和元年12月号（NO.283）,2019-11-29T07:27:00,https://www.city.osaka.lg.jp/contents/wdu290/opendata/dataset/data-00000446/20191128_minato_pub_20191201.csv,,24,,,
,data-00000447,,,1312,active,2019-12-06T05:02:00,,,CSV,,,,,淀川区内官公署一覧(平成22年4月1日時点),2019-12-06T05:02:00,https://www.city.osaka.lg.jp/contents/wdu290/opendata/dataset/data-00000447/20191205_utf8_Book1.csv,,0,,,
,data-00000447,,,1312,active,2019-12-06T05:02:00,,,CSV,,,,,淀川区内官公署一覧(平成22年4月1日時点),2019-12-06T05:02:00,https://www.city.osaka.lg.jp/contents/wdu290/opendata/dataset/data-00000447/20191205_utf8_Book1.csv,,1,,,
,data-00000448,,,983,active,2026-07-16T13:39:40,,,CSV,,,,,統計人口の推移,2026-04-07T16:47:42,https://www.city.osaka.lg.jp/contents/wdu290/opendata/dataset/data-00000448/toukei-jinko.csv,,0,,,
,data-00000449,,,5829,active,2024-05-21T15:52:06,,,CSV,,,,,温泉利用許可施設（浴用）（令和6年3月末時点）,2024-05-21T15:52:06,https://www.city.osaka.lg.jp/contents/wdu290/opendata/dataset/data-00000449/onsenriyoukyokaichiran.csv,,0,,,
,data-00000450,,,273,active,2019-12-11T02:55:00,,淀川区内市立幼稚園の電話番号・住所を記載しています。,CSV,,,,,淀川区内市立幼稚園一覧（令和元年12月27日時点）,2019-12-11T02:55:00,https://www.city.osaka.lg.jp/contents/wdu290/opendata/dataset/data-00000450/20191210_sirituyoutienn.csv,,0,,,
,data-00000451,,,1120,active,2019-12-11T02:53:00,,淀川区内市立小学校の住所・電話番号を掲載しています。,CSV,,,,,淀川区内市立小学校一覧（令和元年12月27日時点）,2019-12-11T02:53:00,https://www.city.osaka.lg.jp/contents/wdu290/opendata/dataset/data-00000451/20191210_shougakkou.csv,,0,,,
,data-00000452,,,407,active,2019-12-11T02:14:00,,淀川区内市立中学校の電話番号・住所を掲載しています。,CSV,,,,,淀川区内市立中学校一覧（令和元年12月27日時点）,2019-12-11T02:14:00,https://www.city.osaka.lg.jp/contents/wdu290/opendata/dataset/data-00000452/20191210_utf8_chuugakkou.csv,,0,,,
,data-00000454,,,2266,active,2025-09-02T21:07:21,,,CSV,,,,,職員数（令和5年4月1日～令和7年3月31日）,2025-09-02T21:07:21,https://www.city.osaka.lg.jp/contents/wdu290/opendata/dataset/data-00000454/20240911_1-1-3-1.csv,,0,,,
,data-00000454,,,440,active,2025-09-02T21:07:21,,,CSV,,,,,採用者数（令和5年4月1日～令和7年3月31日）,2025-09-02T21:07:21,https://www.city.osaka.lg.jp/contents/wdu290/opendata/dataset/data-00000454/20240911_1-1-3-2.csv,,1,,,
,data-00000454,,,495,active,2025-09-02T21:07:21,,,CSV,,,,,退職者数（令和5年4月1日～令和7年3月31日）,2025-09-02T21:07:21,https://www.city.osaka.lg.jp/contents/wdu290/opendata/dataset/data-00000454/20240911_1-1-3-3.csv,,2,,,
,data-00000454,,,522,active,2025-09-02T21:07:21,,,CSV,,,,,「市政改革プラン」に基づく職員数の推移,2025-09-02T21:07:21,https://www.city.osaka.lg.jp/contents/wdu290/opendata/dataset/data-00000454/1-1-5_H171001-R70401.csv,,3,,,
,data-00000454,,,5434,active,2024-09-11T10:17:04,,,CSV,,,,,職員数の推移,2024-09-11T10:17:04,https://www.city.osaka.lg.jp/contents/wdu290/opendata/dataset/data-00000454/20240911_1-5.csv,,4,,,
,data-00000454,,,106,active,2025-09-03T14:24:11,,,CSV,,,,,定年前再任用短時間勤務職員数,2025-09-03T14:24:11,https://www.city.osaka.lg.jp/contents/wdu290/opendata/dataset/data-00000454/1-1-6_R70401.csv,,5,,,
,data-00000454,,,278,active,2024-09-10T16:20:31,,,CSV,,,,,再任用職員数（短時間勤務）（令和6年4月1日）,2024-09-10T16:20:31,https://www.city.osaka.lg.jp/contents/wdu290/opendata/dataset/data-00000454/20240910_1-6.csv,,6,,,
,data-00000455,,,912,active,2025-09-02T15:13:14,,,CSV,,,,,令和6年度 人事評価結果,2025-09-02T15:13:14,https://www.city.osaka.lg.jp/contents/wdu290/opendata/dataset/data-00000455/R6jinjihyoka.csv,,0,,,
,data-00000455,,,1516,active,2022-09-01T15:33:26,,,CSV,,,,,令和3年度 人事評価結果,2022-09-01T15:33:26,https://www.city.osaka.lg.jp/contents/wdu290/opendata/dataset/data-00000455/jinjihyoka.csv,,1,,,
,data-00000456,,,725,active,2025-09-04T12:15:58,,,CSV,,,,,職員の勤務時間及び休暇一覧,2025-09-04T12:15:58,https://www.city.osaka.lg.jp/contents/wdu290/opendata/dataset/data-00000456/20191226_4.csv,,0,,,
,data-00000457,,,237,active,2025-09-04T09:19:28,,,CSV,,,,,令和6年度における育児休業及び部分休業の取得状況（単位：人）,2025-09-04T09:19:28,https://www.city.osaka.lg.jp/contents/wdu290/opendata/dataset/data-00000457/2024.csv,,0,,,
,data-00000457,,,312,active,2022-09-07T17:11:28,,,CSV,,,,,令和3年度における育児休業及び部分休業の取得状況（単位：人）,2022-09-07T17:11:28,https://www.city.osaka.lg.jp/contents/wdu290/opendata/dataset/data-00000457/2022.csv,,1,,,
,data-00000458,,,511,active,2025-09-24T09:44:14,,,CSV,,,,,令和6年度分限処分者数,2025-09-24T09:44:14,https://www.city.osaka.lg.jp/contents/wdu290/opendata/dataset/data-00000458/2024_bungen.csv,,0,,,
,data-00000458,,,2054,active,2022-09-01T15:53:01,,,CSV,,,,,令和3年度分限処分者数,2019-12-27T06:00:00,https://www.city.osaka.lg.jp/contents/wdu290/opendata/dataset/data-00000458/2021_bungen.csv,,1,,,
,data-00000458,,,534,active,2022-09-02T16:00:44,,,CSV,,,,,令和3年度任命権者別・程度別懲戒処分件数,2019-12-27T05:59:00,https://www.city.osaka.lg.jp/contents/wdu290/opendata/dataset/data-00000458/2021_chokai.csv,,2,,,
,data-00000459,,,6993,active,2019-12-27T06:10:00,,,CSV,,,,,大阪市職員共済組合　事業実施状況（平成30年度）,2019-12-27T06:10:00,https://www.city.osaka.lg.jp/contents/wdu290/opendata/dataset/data-00000459/20191226_14.csv,,0,,,
,data-00000460,,,81849458,active,2023-04-10T00:00:00,,ファイルサイズが数十MB～百MB超となる可能性がありますので、特に従量制料金でインターネットをご利用の場合は十分ご注意ください。,CSV,,,,,大阪市ホームページ添付ファイル一覧,2020-02-12T06:00:23,https://www.city.osaka.lg.jp/contents/wdu290/opendata/dataset/data-00000460/opendata_list.csv,,0,,,
,data-00000463,,,46193,active,2020-01-23T23:00:25,,,CSV,,,,,民間ネット調査_塾代助成事業（平成29年度）,2020-01-23T23:00:25,https://www.city.osaka.lg.jp/contents/wdu290/opendata/dataset/data-00000463/rawdata_2017_kosei_jukudai.csv,,0,,,
,data-00000464,,,3681,active,2021-02-23T04:08:00,,,CSV,,,,,第1表　防火対象物の現況(規制対象物),2021-02-23T04:08:00,https://www.city.osaka.lg.jp/contents/wdu290/opendata/dataset/data-00000464/1.csv,,0,,,
,data-00000464,,,3954,active,2021-02-23T04:08:00,,,CSV,,,,,第2表　5階以上の建築物の現況(署別),2021-02-23T04:08:00,https://www.city.osaka.lg.jp/contents/wdu290/opendata/dataset/data-00000464/2.csv,,1,,,
,data-00000464,,,3623,active,2021-02-23T04:08:00,,,CSV,,,,,第3表　5階以上の建築物の現況(署別),2021-02-23T04:08:00,https://www.city.osaka.lg.jp/contents/wdu290/opendata/dataset/data-00000464/3.csv,,2,,,
,data-00000464,,,6594,active,2021-02-23T04:08:00,,,CSV,,,,,第3表　5階以上の建築物の現況(用途別),2021-02-23T04:08:00,https://www.city.osaka.lg.jp/contents/wdu290/opendata/dataset/data-00000464/4.csv,,3,,,
,data-00000464,,,4156,active,2021-02-23T04:08:00,,,CSV,,,,,第4表　31mを超える防火対象物の現況(署別),2021-02-23T04:08:00,https://www.city.osaka.lg.jp/contents/wdu290/opendata/dataset/data-00000464/5.csv,,4,,,
,data-00000464,,,590,active,2021-02-23T04:08:00,,,CSV,,,,,第5表　地下街の概況,2021-02-23T04:08:00,https://www.city.osaka.lg.jp/contents/wdu290/opendata/dataset/data-00000464/6.csv,,5,,,
,data-00000464,,,1851,active,2021-02-23T04:08:00,,,CSV,,,,,第6表　統括防火・防災管理者の選解任届出状況及び全体についての消防計画届出状況（項別）,2021-02-23T04:08:00,https://www.city.osaka.lg.jp/contents/wdu290/opendata/dataset/data-00000464/7.csv,,6,,,
,data-00000464,,,2050,active,2021-02-23T04:08:00,,,CSV,,,,,第7表　防火管理・防災管理・自衛消防組織設置対象物の現況(項別),2021-02-23T04:08:00,https://www.city.osaka.lg.jp/contents/wdu290/opendata/dataset/data-00000464/8.csv,,7,,,
,data-00000464,,,1251,active,2021-02-23T04:08:00,,,CSV,,,,,第8表　危険物製造所等署別施設数,2021-02-23T04:08:00,https://www.city.osaka.lg.jp/contents/wdu290/opendata/dataset/data-00000464/9.csv,,8,,,
,data-00000464,,,904,active,2021-02-23T04:08:00,,,CSV,,,,,第9表　危険物製造所等（倍数別),2021-02-23T04:08:00,https://www.city.osaka.lg.jp/contents/wdu290/opendata/dataset/data-00000464/10.csv,,9,,,
,data-00000464,,,590,active,2021-02-23T04:08:00,,,CSV,,,,,第9表　危険物製造所等（類別）,2021-02-23T04:08:00,https://www.city.osaka.lg.jp/contents/wdu290/opendata/dataset/data-00000464/11.csv,,10,,,
,data-00000464,,,618,active,2021-02-23T04:08:00,,,CSV,,,,,第10表　屋外タンク貯蔵所（類別),2021-02-23T04:08:00,https://www.city.osaka.lg.jp/contents/wdu290/opendata/dataset/data-00000464/12.csv,,11,,,
,data-00000464,,,505,active,2021-02-23T04:08:00,,,CSV,,,,,第11表　火薬類取締法規制対象施設等数（施設別）,2021-02-23T04:08:00,https://www.city.osaka.lg.jp/contents/wdu290/opendata/dataset/data-00000464/13.csv,,12,,,
,data-00000464,,,1170,active,2021-02-23T04:08:00,,,CSV,,,,,第12表　高圧ガス保安法規制対象施設等数（施設別）,2021-02-23T04:08:00,https://www.city.osaka.lg.jp/contents/wdu290/opendata/dataset/data-00000464/14.csv,,13,,,
,data-00000464,,,527,active,2021-02-23T04:08:00,,,CSV,,,,,第13表　液化石油ガス法規制対象施設等数（施設別）,2021-02-23T04:08:00,https://www.city.osaka.lg.jp/contents/wdu290/opendata/dataset/data-00000464/15.csv,,14,,,
,data-00000464,,,1404,active,2021-02-23T04:08:00,,,CSV,,,,,第14表  規制対象物の立入検査等の状況,2021-02-23T04:08:00,https://www.city.osaka.lg.jp/contents/wdu290/opendata/dataset/data-00000464/16.csv,,15,,,
,data-00000464,,,677,active,2021-02-23T04:08:00,,,CSV,,,,,第15表　危険物施設等の立入検査等の状況,2021-02-23T04:08:00,https://www.city.osaka.lg.jp/contents/wdu290/opendata/dataset/data-00000464/17.csv,,16,,,
,data-00000464,,,236,active,2021-02-23T04:08:00,,,CSV,,,,,第16表　火薬類取締法規制対象施設等の立入検査の状況,2021-02-23T04:08:00,https://www.city.osaka.lg.jp/contents/wdu290/opendata/dataset/data-00000464/18.csv,,17,,,
,data-00000464,,,417,active,2021-02-23T04:08:00,,,CSV,,,,,第17表　高圧ガス保安法規制対象施設等の立入検査の状況,2021-02-23T04:08:00,https://www.city.osaka.lg.jp/contents/wdu290/opendata/dataset/data-00000464/19.csv,,18,,,
,data-00000464,,,256,active,2021-02-23T04:08:00,,,CSV,,,,,第18表　液化石油ガス法規制対象施設等の立入検査の状況,2021-02-23T04:08:00,https://www.city.osaka.lg.jp/contents/wdu290/opendata/dataset/data-00000464/20.csv,,19,,,
,data-00000464,,,3880,active,2021-02-23T04:08:00,,,CSV,,,,,第19表　各種届出受付処理状況_条例届出事項,2021-02-23T04:08:00,https://www.city.osaka.lg.jp/contents/wdu290/opendata/dataset/data-00000464/21.csv,,20,,,
,data-00000464,,,2426,active,2021-02-23T04:08:00,,,CSV,,,,,第19表　各種届出受付処理状況_法令届出事項,2021-02-23T04:08:00,https://www.city.osaka.lg.jp/contents/wdu290/opendata/dataset/data-00000464/22.csv,,21,,,
,data-00000464,,,1595,active,2021-02-23T04:08:00,,,CSV,,,,,第20表　過去5年間の火災状況,2021-02-23T04:08:00,https://www.city.osaka.lg.jp/contents/wdu290/opendata/dataset/data-00000464/23.csv,,22,,,
,data-00000464,,,2223,active,2021-02-23T04:08:00,,,CSV,,,,,第21表　行政区別火災状況,2021-02-23T04:08:00,https://www.city.osaka.lg.jp/contents/wdu290/opendata/dataset/data-00000464/24.csv,,23,,,
,data-00000464,,,3484,active,2021-02-23T04:08:00,,,CSV,,,,,第22表　月別・署別火災状況,2021-02-23T04:08:00,https://www.city.osaka.lg.jp/contents/wdu290/opendata/dataset/data-00000464/25.csv,,24,,,
,data-00000464,,,2523,active,2021-02-23T04:08:00,,,CSV,,,,,第23表　原因別火災状況(月別・署別),2021-02-23T04:08:00,https://www.city.osaka.lg.jp/contents/wdu290/opendata/dataset/data-00000464/26.csv,,25,,,
,data-00000464,,,1044,active,2021-02-23T04:08:00,,,CSV,,,,,第24表　月別・署別火災件数,2021-02-23T04:08:00,https://www.city.osaka.lg.jp/contents/wdu290/opendata/dataset/data-00000464/27.csv,,26,,,
,data-00000464,,,1794,active,2021-02-23T04:08:00,,,CSV,,,,,第25表　原因別火災状況(時間別),2021-02-23T04:08:00,https://www.city.osaka.lg.jp/contents/wdu290/opendata/dataset/data-00000464/28.csv,,27,,,
,data-00000464,,,1920,active,2021-02-23T04:08:00,,,CSV,,,,,第26表　原因別火災状況(被害別),2021-02-23T04:08:00,https://www.city.osaka.lg.jp/contents/wdu290/opendata/dataset/data-00000464/29.csv,,28,,,
,data-00000464,,,1956,active,2021-02-23T04:08:00,,,CSV,,,,,第27表 用途別火災状況(被害別),2021-02-23T04:08:00,https://www.city.osaka.lg.jp/contents/wdu290/opendata/dataset/data-00000464/30.csv,,29,,,
,data-00000464,,,4002,active,2021-02-23T04:08:00,,,CSV,,,,,第28表　用途別火災状況(月別・署別),2021-02-23T04:08:00,https://www.city.osaka.lg.jp/contents/wdu290/opendata/dataset/data-00000464/31.csv,,30,,,
,data-00000464,,,2859,active,2021-02-23T04:08:00,,,CSV,,,,,第29表　用途別火災状況(原因別),2021-02-23T04:08:00,https://www.city.osaka.lg.jp/contents/wdu290/opendata/dataset/data-00000464/32.csv,,31,,,
,data-00000464,,,2947,active,2021-02-23T04:08:00,,,CSV,,,,,第31表　用途別火災状況(時間別),2021-02-23T04:08:00,https://www.city.osaka.lg.jp/contents/wdu290/opendata/dataset/data-00000464/34.csv,,32,,,
,data-00000464,,,2871,active,2021-02-23T04:08:00,,,CSV,,,,,第32表　用途別火災状況(初期消火器具別),2021-02-23T04:08:00,https://www.city.osaka.lg.jp/contents/wdu290/opendata/dataset/data-00000464/35.csv,,33,,,
,data-00000464,,,1028,active,2021-02-23T04:08:00,,,CSV,,,,,第33表　日別火災状況,2021-02-23T04:08:00,https://www.city.osaka.lg.jp/contents/wdu290/opendata/dataset/data-00000464/36.csv,,34,,,
,data-00000464,,,933,active,2021-02-23T04:08:00,,,CSV,,,,,第33表　日別火災状況_乾燥注意報発令された日,2021-02-23T04:08:00,https://www.city.osaka.lg.jp/contents/wdu290/opendata/dataset/data-00000464/37.csv,,35,,,
,data-00000464,,,4229,active,2021-02-23T04:08:00,,,CSV,,,,,第34表  建物火災における階層別火災状況(被害別),2021-02-23T04:08:00,https://www.city.osaka.lg.jp/contents/wdu290/opendata/dataset/data-00000464/38.csv,,36,,,
,data-00000464,,,2866,active,2021-02-23T04:08:00,,,CSV,,,,,第35表　気象別火災状況,2021-02-23T04:08:00,https://www.city.osaka.lg.jp/contents/wdu290/opendata/dataset/data-00000464/39.csv,,37,,,
,data-00000464,,,734,active,2021-02-23T04:08:00,,,CSV,,,,,第36表  曜日別火災状況,2021-02-23T04:08:00,https://www.city.osaka.lg.jp/contents/wdu290/opendata/dataset/data-00000464/40.csv,,38,,,
,data-00000464,,,1102,active,2021-02-23T04:08:00,,,CSV,,,,,第37表  覚知方法別火災状況,2021-02-23T04:08:00,https://www.city.osaka.lg.jp/contents/wdu290/opendata/dataset/data-00000464/41.csv,,39,,,
,data-00000464,,,1568,active,2021-02-23T04:08:00,,,CSV,,,,,第38表　時間別火災状況,2021-02-23T04:08:00,https://www.city.osaka.lg.jp/contents/wdu290/opendata/dataset/data-00000464/42.csv,,40,,,
,data-00000464,,,1459,active,2021-02-23T04:08:00,,,CSV,,,,,第39表　焼損床面積別火災状況(月別・署別),2021-02-23T04:08:00,https://www.city.osaka.lg.jp/contents/wdu290/opendata/dataset/data-00000464/43.csv,,41,,,
,data-00000464,,,1778,active,2021-02-23T04:08:00,,,CSV,,,,,第40表　損害額別火災状況(月別・署別),2021-02-23T04:08:00,https://www.city.osaka.lg.jp/contents/wdu290/opendata/dataset/data-00000464/44.csv,,42,,,
,data-00000464,,,1474,active,2021-02-23T04:08:00,,,CSV,,,,,第41表  り災世帯別火災状況(月別・署別).,2021-02-23T04:08:00,https://www.city.osaka.lg.jp/contents/wdu290/opendata/dataset/data-00000464/45.csv,,43,,,
,data-00000464,,,3405,active,2021-02-23T04:08:00,,,CSV,,,,,第42表　出火箇所と原因(建物火災),2021-02-23T04:08:00,https://www.city.osaka.lg.jp/contents/wdu290/opendata/dataset/data-00000464/46.csv,,44,,,
,data-00000464,,,3022,active,2021-02-23T04:08:00,,,CSV,,,,,第43表　出火箇所と原因(車両火災・船舶火災・爆発・その他の火災),2021-02-23T04:08:00,https://www.city.osaka.lg.jp/contents/wdu290/opendata/dataset/data-00000464/47.csv,,45,,,
,data-00000464,,,10777,active,2021-02-23T04:08:00,,,CSV,,,,,第44表　発火源と経過(電気による発熱体),2021-02-23T04:08:00,https://www.city.osaka.lg.jp/contents/wdu290/opendata/dataset/data-00000464/48.csv,,46,,,
,data-00000464,,,9083,active,2021-02-23T04:08:00,,,CSV,,,,,第45表　発火源と経過(ガス・油類を燃料とする道具装置),2021-02-23T04:08:00,https://www.city.osaka.lg.jp/contents/wdu290/opendata/dataset/data-00000464/49.csv,,47,,,
,data-00000464,,,1411,active,2021-02-23T04:08:00,,,CSV,,,,,第46表  発火源と経過(まき・炭・石灰(コークス)を燃料とする道具装置),2021-02-23T04:08:00,https://www.city.osaka.lg.jp/contents/wdu290/opendata/dataset/data-00000464/50.csv,,48,,,
,data-00000464,,,4121,active,2021-02-23T04:08:00,,,CSV,,,,,第47表　発火源と経過(火種(それ自身発火しているもの)),2021-02-23T04:08:00,https://www.city.osaka.lg.jp/contents/wdu290/opendata/dataset/data-00000464/51.csv,,49,,,
,data-00000464,,,1931,active,2021-02-23T04:08:00,,,CSV,,,,,第48表　発火源と経過(高温の固体),2021-02-23T04:08:00,https://www.city.osaka.lg.jp/contents/wdu290/opendata/dataset/data-00000464/52.csv,,50,,,
,data-00000464,,,871,active,2021-02-23T04:08:00,,,CSV,,,,,第49表　発火源と経過（自然発火あるいは再燃をおこしやすいもの）,2021-02-23T04:08:00,https://www.city.osaka.lg.jp/contents/wdu290/opendata/dataset/data-00000464/53.csv,,51,,,
,data-00000464,,,600,active,2021-02-23T04:08:00,,,CSV,,,,,第50表　発火源と経過(危険物品),2021-02-23T04:08:00,https://www.city.osaka.lg.jp/contents/wdu290/opendata/dataset/data-00000464/54.csv,,52,,,
,data-00000464,,,442,active,2021-02-23T04:08:00,,,CSV,,,,,第51表　発火源と経過(天災),2021-02-23T04:08:00,https://www.city.osaka.lg.jp/contents/wdu290/opendata/dataset/data-00000464/55.csv,,53,,,
,data-00000464,,,1112,active,2021-02-23T04:08:00,,,CSV,,,,,第52表　放火(疑い含む)と火遊びによる火災の発生状況_着火物,2021-02-23T04:08:00,https://www.city.osaka.lg.jp/contents/wdu290/opendata/dataset/data-00000464/56.csv,,54,,,
,data-00000464,,,627,active,2021-02-23T04:08:00,,,CSV,,,,,第52表　放火火(疑い含む)と火遊びによる火災の発生状況_発火源,2021-02-23T04:08:00,https://www.city.osaka.lg.jp/contents/wdu290/opendata/dataset/data-00000464/57.csv,,55,,,
,data-00000464,,,843,active,2021-02-23T04:08:00,,,CSV,,,,,第53表　天ぷら油による火災の発生状況_出火理由,2021-02-23T04:08:00,https://www.city.osaka.lg.jp/contents/wdu290/opendata/dataset/data-00000464/58.csv,,56,,,
,data-00000464,,,2775,active,2021-02-23T04:08:00,,,CSV,,,,,第54表　火災による死者(過去5年間),2021-02-23T04:08:00,https://www.city.osaka.lg.jp/contents/wdu290/opendata/dataset/data-00000464/59.csv,,57,,,
,data-00000464,,,3497,active,2021-02-23T04:08:00,,,CSV,,,,,第55表　火災による死者の状況,2021-02-23T04:08:00,https://www.city.osaka.lg.jp/contents/wdu290/opendata/dataset/data-00000464/60.csv,,58,,,
,data-00000464,,,4122,active,2021-02-23T04:08:00,,,CSV,,,,,第56表　昭和23年以降の火災状況(1),2021-02-23T04:08:00,https://www.city.osaka.lg.jp/contents/wdu290/opendata/dataset/data-00000464/61.csv,,59,,,
,data-00000464,,,4834,active,2021-02-23T04:08:00,,,CSV,,,,,第56表　昭和23年以降の火災状況(2),2021-02-23T04:08:00,https://www.city.osaka.lg.jp/contents/wdu290/opendata/dataset/data-00000464/62.csv,,60,,,
,data-00000464,,,2030,active,2021-02-23T04:08:00,,,CSV,,,,,第57表　火災防ぎょ活動状況,2021-02-23T04:08:00,https://www.city.osaka.lg.jp/contents/wdu290/opendata/dataset/data-00000464/64.csv,,61,,,
,data-00000464,,,3678,active,2021-02-23T04:08:00,,,CSV,,,,,第58表　火災防ぎょ活動での資器材・薬剤の使用状況,2021-02-23T04:08:00,https://www.city.osaka.lg.jp/contents/wdu290/opendata/dataset/data-00000464/65.csv,,62,,,
,data-00000464,,,2492,active,2021-02-23T04:08:00,,,CSV,,,,,第60表　火災時の活動障害状況,2021-02-23T04:08:00,https://www.city.osaka.lg.jp/contents/wdu290/opendata/dataset/data-00000464/67.csv,,63,,,
,data-00000464,,,2871,active,2021-02-23T04:08:00,,,CSV,,,,,第61表　事故種別・救急活動状況,2021-02-23T04:08:00,https://www.city.osaka.lg.jp/contents/wdu290/opendata/dataset/data-00000464/68.csv,,64,,,
,data-00000464,,,3342,active,2021-02-23T04:08:00,,,CSV,,,,,第62表　月別・隊別活動状況,2021-02-23T04:08:00,https://www.city.osaka.lg.jp/contents/wdu290/opendata/dataset/data-00000464/69.csv,,65,,,
,data-00000464,,,1662,active,2021-02-23T04:08:00,,,CSV,,,,,第63表　月別出場件数及び搬送人員,2021-02-23T04:08:00,https://www.city.osaka.lg.jp/contents/wdu290/opendata/dataset/data-00000464/70.csv,,66,,,
,data-00000464,,,3535,active,2021-02-23T04:08:00,,,CSV,,,,,第64表　行政区別救急活動状況,2021-02-23T04:08:00,https://www.city.osaka.lg.jp/contents/wdu290/opendata/dataset/data-00000464/71.csv,,67,,,
,data-00000464,,,3527,active,2021-02-23T04:08:00,,,CSV,,,,,第65表　平日・休日・時間別出場件数及び搬送人員,2021-02-23T04:08:00,https://www.city.osaka.lg.jp/contents/wdu290/opendata/dataset/data-00000464/72.csv,,68,,,
,data-00000464,,,1724,active,2021-02-23T04:08:00,,,CSV,,,,,第66表　日別出場件数,2021-02-23T04:08:00,https://www.city.osaka.lg.jp/contents/wdu290/opendata/dataset/data-00000464/73.csv,,69,,,
,data-00000464,,,921,active,2021-02-23T04:08:00,,,CSV,,,,,第67表　性別・事故種別搬送人員,2021-02-23T04:08:00,https://www.city.osaka.lg.jp/contents/wdu290/opendata/dataset/data-00000464/74.csv,,70,,,
,data-00000464,,,383,active,2021-02-23T04:08:00,,,CSV,,,,,第68表　発生場所別救急活動状況,2021-02-23T04:08:00,https://www.city.osaka.lg.jp/contents/wdu290/opendata/dataset/data-00000464/75.csv,,71,,,
,data-00000464,,,147,active,2021-02-23T04:08:00,,,CSV,,,,,第69表　覚知方法別出場件数,2021-02-23T04:08:00,https://www.city.osaka.lg.jp/contents/wdu290/opendata/dataset/data-00000464/76.csv,,72,,,
,data-00000464,,,538,active,2021-02-23T04:08:00,,,CSV,,,,,第70表　診療科目別搬送人員,2021-02-23T04:08:00,https://www.city.osaka.lg.jp/contents/wdu290/opendata/dataset/data-00000464/77.csv,,73,,,
,data-00000464,,,594,active,2021-02-23T04:08:00,,,CSV,,,,,第71表　活動区分別出場件数,2021-02-23T04:08:00,https://www.city.osaka.lg.jp/contents/wdu290/opendata/dataset/data-00000464/78.csv,,74,,,
,data-00000464,,,6661,active,2021-02-23T04:08:00,,,CSV,,,,,第72表　救急車走行距離及び所要時間,2021-02-23T04:08:00,https://www.city.osaka.lg.jp/contents/wdu290/opendata/dataset/data-00000464/79.csv,,75,,,
,data-00000464,,,653,active,2021-02-23T04:08:00,,,CSV,,,,,第73表　各種高順位表,2021-02-23T04:08:00,https://www.city.osaka.lg.jp/contents/wdu290/opendata/dataset/data-00000464/80.csv,,76,,,
,data-00000464,,,2133,active,2021-02-23T04:08:00,,,CSV,,,,,第74表　年別救急活動状況,2021-02-23T04:08:00,https://www.city.osaka.lg.jp/contents/wdu290/opendata/dataset/data-00000464/81.csv,,77,,,
,data-00000464,,,2428,active,2021-02-23T04:08:00,,,CSV,,,,,第75表　救助活動状況（火災を除く）,2021-02-23T04:08:00,https://www.city.osaka.lg.jp/contents/wdu290/opendata/dataset/data-00000464/82.csv,,78,,,
,data-00000464,,,4481,active,2021-02-23T04:08:00,,,CSV,,,,,第76表　人命救助活動状況（火災・救助別）,2021-02-23T04:08:00,https://www.city.osaka.lg.jp/contents/wdu290/opendata/dataset/data-00000464/83.csv,,79,,,
,data-00000464,,,2240,active,2021-02-23T04:08:00,,,CSV,,,,,第77表　救助活動での資器材・薬剤使用状況（火災を除く）,2021-02-23T04:08:00,https://www.city.osaka.lg.jp/contents/wdu290/opendata/dataset/data-00000464/84.csv,,80,,,
,data-00000464,,,5201,active,2021-02-23T04:08:00,,,CSV,,,,,第78表　火災・救急・救助以外の消防活動状況,2021-02-23T04:08:00,https://www.city.osaka.lg.jp/contents/wdu290/opendata/dataset/data-00000464/85.csv,,81,,,
,data-00000464,,,160,active,2021-02-23T04:08:00,,,CSV,,,,,第79表　火災・救急・救助以外の消防活動での資器材・薬剤使用状況(件数),2021-02-23T04:08:00,https://www.city.osaka.lg.jp/contents/wdu290/opendata/dataset/data-00000464/86.csv,,82,,,
,data-00000464,,,1603,active,2021-02-23T04:08:00,,,CSV,,,,,第79表　火災・救急・救助以外の消防活動での資器材・薬剤使用状況(資器材),2021-02-23T04:08:00,https://www.city.osaka.lg.jp/contents/wdu290/opendata/dataset/data-00000464/87.csv,,83,,,
,data-00000464,,,1427,active,2021-02-23T04:08:00,,,CSV,,,,,第80表　覚知方法別　火災・救急以外の消防活動状況,2021-02-23T04:08:00,https://www.city.osaka.lg.jp/contents/wdu290/opendata/dataset/data-00000464/88.csv,,84,,,
,data-00000464,,,228,active,2021-02-23T04:08:00,,,CSV,,,,,第81表　他都市との協力状況(火災)(ヘリ応援),2021-02-23T04:08:00,https://www.city.osaka.lg.jp/contents/wdu290/opendata/dataset/data-00000464/89.csv,,85,,,
,data-00000464,,,222,active,2021-02-23T04:08:00,,,CSV,,,,,第81表　他都市との協力状況(火災)(ヘリ受援),2021-02-23T04:08:00,https://www.city.osaka.lg.jp/contents/wdu290/opendata/dataset/data-00000464/90.csv,,86,,,
,data-00000464,,,255,active,2021-02-23T04:08:00,,,CSV,,,,,第81表　他都市との協力状況(火災)(応援),2021-02-23T04:08:00,https://www.city.osaka.lg.jp/contents/wdu290/opendata/dataset/data-00000464/91.csv,,87,,,
,data-00000464,,,212,active,2021-02-23T04:08:00,,,CSV,,,,,第81表　他都市との協力状況(火災)(受援),2021-02-23T04:08:00,https://www.city.osaka.lg.jp/contents/wdu290/opendata/dataset/data-00000464/92.csv,,88,,,
,data-00000464,,,240,active,2021-02-23T04:08:00,,,CSV,,,,,第82表　他都市との協力状況(救急)(中継活動),2021-02-23T04:08:00,https://www.city.osaka.lg.jp/contents/wdu290/opendata/dataset/data-00000464/93.csv,,89,,,
,data-00000464,,,468,active,2021-02-23T04:08:00,,,CSV,,,,,第82表_他都市との協力状況（火災を除く救助）(市街直接出場),2021-02-23T04:08:00,https://www.city.osaka.lg.jp/contents/wdu290/opendata/dataset/data-00000464/94.csv,,90,,,
,data-00000464,,,436,active,2021-02-23T04:08:00,,,CSV,,,,,第83表　他都市との協力状況(火災を除く救助)ヘリ応援,2021-02-23T04:08:00,https://www.city.osaka.lg.jp/contents/wdu290/opendata/dataset/data-00000464/95.csv,,91,,,
,data-00000464,,,204,active,2021-02-23T04:08:00,,,CSV,,,,,第83表　他都市との協力状況(火災を除く救助)ヘリ受援,2021-02-23T04:08:00,https://www.city.osaka.lg.jp/contents/wdu290/opendata/dataset/data-00000464/96.csv,,92,,,
,data-00000464,,,436,active,2021-02-23T04:08:00,,,CSV,,,,,第83表　他都市との協力状況(火災を除く救助)応援,2021-02-23T04:08:00,https://www.city.osaka.lg.jp/contents/wdu290/opendata/dataset/data-00000464/97.csv,,93,,,
,data-00000464,,,401,active,2021-02-23T04:08:00,,,CSV,,,,,第83表　他都市との協力状況(火災を除く救助)受援,2021-02-23T04:08:00,https://www.city.osaka.lg.jp/contents/wdu290/opendata/dataset/data-00000464/98.csv,,94,,,
,data-00000464,,,318,active,2021-02-23T04:08:00,,,CSV,,,,,第84表　他都市との協力状況(火災・救急・救助以外の消防活動)(ヘリ応援),2021-02-23T04:08:00,https://www.city.osaka.lg.jp/contents/wdu290/opendata/dataset/data-00000464/99.csv,,95,,,
,data-00000464,,,242,active,2021-02-23T04:08:00,,,CSV,,,,,第84表　他都市との協力状況(火災・救急・救助以外の消防活動)(ヘリ受援),2021-02-23T04:08:00,https://www.city.osaka.lg.jp/contents/wdu290/opendata/dataset/data-00000464/100.csv,,96,,,
,data-00000464,,,325,active,2021-02-23T04:08:00,,,CSV,,,,,第84表　他都市との協力状況(火災・救急・救助以外の消防活動)(応援),2021-02-23T04:08:00,https://www.city.osaka.lg.jp/contents/wdu290/opendata/dataset/data-00000464/101.csv,,97,,,
,data-00000464,,,242,active,2021-02-23T04:08:00,,,CSV,,,,,第84表　他都市との協力状況(火災・救急・救助以外の消防活動)(受援),2021-02-23T04:08:00,https://www.city.osaka.lg.jp/contents/wdu290/opendata/dataset/data-00000464/102.csv,,98,,,
,data-00000465,,,338,active,2021-07-01T04:55:45,,,CSV,,,,,此花区投票区別選挙人名簿登録者数（令和3年6月1日現在）,2021-07-01T04:55:45,https://www.city.osaka.lg.jp/contents/wdu290/opendata/dataset/data-00000465/20210601_teijimeibo.csv,,0,,,
,data-00000467,,,827,active,2022-03-10T05:13:44,,,CSV,,,,,大阪市の選挙人名簿登録者数の推移（2013年12月～2022年3月）,2022-03-10T05:13:44,https://www.city.osaka.lg.jp/contents/wdu290/opendata/dataset/data-00000467/suii.csv,,0,,,
,data-00000468,,,728625,active,2026-07-03T13:25:22,,,CSV,,,,,美容所開設施設一覧（2019年4月～2024年01月、2024年9月～2025年5月）,2026-07-03T13:25:22,https://www.city.osaka.lg.jp/contents/wdu290/opendata/dataset/data-00000468/biyo_shinki.csv,,0,,,
,data-00000468,,,53233,active,2026-07-03T13:25:22,,,CSV,,,,,理容所開設施設一覧（2019年4月～2024年01月、2024年10月～2025年5月）,2026-07-03T13:25:22,https://www.city.osaka.lg.jp/contents/wdu290/opendata/dataset/data-00000468/riyo_shinki.csv,,1,,,
,data-00000469,,,5945,active,2020-08-07T12:05:04,,区別の園数、組数、教職員数、在園者数など,CSV,,,,,第1表　大阪市における幼稚園の概況,2020-08-07T12:05:04,https://www.city.osaka.lg.jp/contents/wdu290/opendata/dataset/data-00000469/h31-gakkou01.csv,,0,,,
,data-00000469,,,3326,active,2020-08-07T12:05:04,,,CSV,,,,,第2表　大阪市における幼保連携型認定こども園の概況,2020-08-07T12:05:04,https://www.city.osaka.lg.jp/contents/wdu290/opendata/dataset/data-00000469/h31-gakkou02.csv,,1,,,
,data-00000469,,,5101,active,2020-08-07T12:05:04,,,CSV,,,,,第3表　大阪市における保育所の概況,2020-08-07T12:05:04,https://www.city.osaka.lg.jp/contents/wdu290/opendata/dataset/data-00000469/h31-gakkou03.csv,,2,,,
,data-00000469,,,5103,active,2020-08-07T12:05:04,,,CSV,,,,,第4表　大阪市における小学校の概況,2020-08-07T12:05:04,https://www.city.osaka.lg.jp/contents/wdu290/opendata/dataset/data-00000469/h31-gakkou04.csv,,3,,,
,data-00000469,,,4843,active,2020-08-07T12:05:04,,,CSV,,,,,第5表　大阪市における中学校の概況,2020-08-07T12:05:04,https://www.city.osaka.lg.jp/contents/wdu290/opendata/dataset/data-00000469/h31-gakkou05.csv,,4,,,
,data-00000469,,,6826,active,2020-08-07T12:05:04,,,CSV,,,,,第6-1表　大阪市における高等学校の概況（その1全日制）,2020-08-07T12:05:04,https://www.city.osaka.lg.jp/contents/wdu290/opendata/dataset/data-00000469/h31-gakkou06-1.csv,,5,,,
,data-00000469,,,2449,active,2020-08-07T12:05:04,,,CSV,,,,,第6-2表　大阪市における高等学校の概況（その2定時制）,2020-08-07T12:05:04,https://www.city.osaka.lg.jp/contents/wdu290/opendata/dataset/data-00000469/h31-gakkou06-2.csv,,6,,,
,data-00000469,,,952,active,2020-08-07T12:05:04,,,CSV,,,,,第7表　大阪市における中等教育学校の概況,2020-08-07T12:05:04,https://www.city.osaka.lg.jp/contents/wdu290/opendata/dataset/data-00000469/h31-gakkou07.csv,,7,,,
,data-00000469,,,1985,active,2020-08-07T12:05:04,,,CSV,,,,,第8表　大阪市における専修学校の概況,2020-08-07T12:05:04,https://www.city.osaka.lg.jp/contents/wdu290/opendata/dataset/data-00000469/h31-gakkou08.csv,,8,,,
,data-00000469,,,851,active,2020-08-07T12:05:04,,,CSV,,,,,第9表　大阪市における各種学校の概況,2020-08-07T12:05:04,https://www.city.osaka.lg.jp/contents/wdu290/opendata/dataset/data-00000469/h31-gakkou09.csv,,9,,,
,data-00000469,,,3335,active,2020-08-07T12:05:04,,,CSV,,,,,第10表　大阪市における特別支援学校の概況,2020-08-07T12:05:04,https://www.city.osaka.lg.jp/contents/wdu290/opendata/dataset/data-00000469/h31-gakkou10.csv,,10,,,
,data-00000469,,,2208,active,2020-08-07T12:05:04,,,CSV,,,,,第11表　大阪市における短期大学の概況,2020-08-07T12:05:04,https://www.city.osaka.lg.jp/contents/wdu290/opendata/dataset/data-00000469/h31-gakkou11.csv,,11,,,
,data-00000469,,,3491,active,2020-08-07T12:05:04,,,CSV,,,,,第12表　大阪市における大学の概況,2020-08-07T12:05:04,https://www.city.osaka.lg.jp/contents/wdu290/opendata/dataset/data-00000469/h31-gakkou12.csv,,12,,,
,data-00000469,,,3220,active,2020-08-07T12:05:04,,,CSV,,,,,第13表　大阪市における中学校卒業者の卒業後の状況,2020-08-07T12:05:04,https://www.city.osaka.lg.jp/contents/wdu290/opendata/dataset/data-00000469/h31-gakkou13.csv,,13,,,
,data-00000469,,,6342,active,2020-08-07T12:05:04,,,CSV,,,,,第14表　大阪市における高等学校卒業者の卒業後の状況,2020-08-07T12:05:04,https://www.city.osaka.lg.jp/contents/wdu290/opendata/dataset/data-00000469/h31-gakkou14.csv,,14,,,
,data-00000469,,,4937,active,2020-08-07T12:05:04,,,CSV,,,,,第15表　大阪市における短期大学卒業者の卒業後の状況,2020-08-07T12:05:04,https://www.city.osaka.lg.jp/contents/wdu290/opendata/dataset/data-00000469/h31-gakkou15.csv,,15,,,
,data-00000469,,,6668,active,2020-08-07T12:05:04,,,CSV,,,,,第16表　大阪市における大学卒業者の卒業後の状況,2020-08-07T12:05:04,https://www.city.osaka.lg.jp/contents/wdu290/opendata/dataset/data-00000469/h31-gakkou16.csv,,16,,,
,data-00000470,,,6914,active,2022-09-22T05:49:48,,都道府県コード又は市区町村コード、NO、都道府県名、市区町村名、調査年月日、地域名、総人口、男性、女性、5歳階級別人口、世帯数,CSV,,,,,地域・年齢別人口（令和4年3月末日現在）,2022-09-22T05:49:48,https://www.city.osaka.lg.jp/contents/wdu290/opendata/dataset/data-00000470/271004_population_20220331.csv,,0,,,
,data-00000470,,,12288,active,2021-05-19T05:49:48,,都道府県コード又は市区町村コード、NO、都道府県名、市区町村名、調査年月日、地域名、総人口、男性、女性、5歳階級別人口、世帯数,CSV,,,,,地域・年齢別人口（令和3年3月末日現在）,2021-05-19T05:49:48,https://www.city.osaka.lg.jp/contents/wdu290/opendata/dataset/data-00000470/271004_population_20210331.csv,,1,,,
,data-00000470,,,12288,active,2021-01-21T10:54:48,,都道府県コード又は市区町村コード、NO、都道府県名、市区町村名、調査年月日、地域名、総人口、男性、女性、5歳階級別人口、世帯数,CSV,,,,,地域・年齢別人口（令和2年12月末日現在）,2021-01-21T10:54:48,https://www.city.osaka.lg.jp/contents/wdu290/opendata/dataset/data-00000470/271004_population_20201231.csv,,2,,,
,data-00000470,,,12288,active,2020-11-11T00:03:09,,都道府県コード又は市区町村コード、NO、都道府県名、市区町村名、調査年月日、地域名、総人口、男性、女性、5歳階級別人口、世帯数,CSV,,,,,地域・年齢別人口（令和2年9月末日現在）,2020-11-11T00:03:09,https://www.city.osaka.lg.jp/contents/wdu290/opendata/dataset/data-00000470/271004_population_20200930.csv,,3,,,
,data-00000470,,,12288,active,2020-07-31T04:23:09,,都道府県コード又は市区町村コード、NO、都道府県名、市区町村名、調査年月日、地域名、総人口、男性、女性、5歳階級別人口、世帯数,CSV,,,,,地域・年齢別人口（令和2年6月末日現在）,2020-07-31T04:23:09,https://www.city.osaka.lg.jp/contents/wdu290/opendata/dataset/data-00000470/271004_population_20200630.csv,,4,,,
,data-00000471,,,440896,active,2025-02-20T13:01:43,,新型コロナ取扱いワクチンは、医療機関から提供のあった情報を掲載しています。,CSV,,,,,委託医療機関一覧（高齢者肺炎球菌・インフルエンザ・新型コロナウイルス）,2025-01-14T16:39:56,https://www.city.osaka.lg.jp/contents/wdu290/opendata/dataset/data-00000471/iryoukikanitiranB.csv,,0,,,
,data-00000471,,,11967,active,2025-01-10T16:31:35,,各区「年齢別子育て情報ホームページ」用オープンデータです。,CSV,,,,,大阪市子育て情報サイト　オープンデータ,2024-07-16T12:34:17,https://www.city.osaka.lg.jp/contents/wdu290/opendata/dataset/data-00000471/teikiyobousesshu.csv,,1,,,
,data-00000471,,,379353,active,2026-06-18T15:52:08,,位置情報として掲載している緯度・経度の情報については完全に一致しない可能性があります。,CSV,,,,,委託医療機関一覧,2025-01-14T16:39:56,https://www.city.osaka.lg.jp/contents/wdu290/opendata/dataset/data-00000471/iryoukikanitiranA.csv,,2,,,
,data-00000473,,,1120,active,2020-10-02T01:53:50,,国・市・24区における1995年・2000年・2005年・2010年・2015年の合計特殊出生率（女性人口千対）の状況です。当該年（国勢調査年）を含む前後5年のデータを使用して算出されています。例えば2015年は、2013年から2017年。（資料：【国】厚生労働省「人口動態特殊報告」【市】厚生労働省「人口動態特殊報告　人口動態保健所・市区町村統計（ベイズ推定値）」）,CSV,,,,,年次別合計特殊出生率（女性人口千対）（国・市・24区）,2020-10-02T01:53:50,https://www.city.osaka.lg.jp/contents/wdu290/opendata/dataset/data-00000473/data_01_2_goukeitokushu.csv,,0,,,
,data-00000474,,,1208,active,2020-10-02T01:53:50,,市・24区における2010年・2015年の母の年齢階級別出生率（女性人口千対、ベイズ推定値）です。15歳から49歳までの5歳階級別出生率（年率）を女性人口千人あたりで算出したものです。当該年（国勢調査年）を含む前後5年のデータを使用して算出されています。例えば2015年は、2013年から2017年。（資料：【国】厚生労働省「人口動態特殊報告」【市】厚生労働省「人口動態特殊報告　人口動態保健所・市区町村統計（ベイズ推定値）」）,CSV,,,,,母の年齢階級別出生率（女性人口千対）（市・24区）,2020-10-02T01:53:50,https://www.city.osaka.lg.jp/contents/wdu290/opendata/dataset/data-00000474/data_01_3_hahano.csv,,0,,,
,data-00000475,,,1403,active,2020-10-02T11:50:00,,一般会計歳入予算決算額です（平成30年度税務統計：1-1-4-1）。,CSV,,,,,一般会計歳入予算決算額（平成30年度）,2020-10-02T11:50:00,https://www.city.osaka.lg.jp/contents/wdu290/opendata/dataset/data-00000475/ippan_sainyu_h30.csv,,0,,,
,data-00000476,,,948,active,2020-10-02T11:50:00,,一般会計歳出予算決算額です（平成30年度税務統計：1-1-4-2）。,CSV,,,,,一般会計歳出予算決算額（平成30年度）,2020-10-02T11:50:00,https://www.city.osaka.lg.jp/contents/wdu290/opendata/dataset/data-00000476/ippan_saishutsu_h30.csv,,0,,,
,data-00000477,,,960,active,2020-10-02T11:50:00,,特別会計予算歳入決算額です（平成30年度税務統計：1-1-4-3）。,CSV,,,,,特別会計歳入予算決算額（平成30年度）,2020-10-02T11:50:00,https://www.city.osaka.lg.jp/contents/wdu290/opendata/dataset/data-00000477/tokubetsu_sainyu_h30.csv,,0,,,
,data-00000478,,,931,active,2020-10-02T11:50:00,,特別会計歳出予算決算額です（平成30年度税務統計：1-1-4-4）。,CSV,,,,,特別会計歳出予算決算額（平成30年度）,2020-10-02T11:50:00,https://www.city.osaka.lg.jp/contents/wdu290/opendata/dataset/data-00000478/tokubetsu_saishutsu_h30.csv,,0,,,
,data-00000479,,,2267,active,2020-10-02T11:50:00,,一般会計歳入決算額累年比較です（平成30年度税務統計：1-2-2-1）。,CSV,,,,,一般会計歳入決算額累年比較（平成26年度～平成30年度）,2020-10-02T11:50:00,https://www.city.osaka.lg.jp/contents/wdu290/opendata/dataset/data-00000479/ippan_sainyu_kessan_ruinen.csv,,0,,,
,data-00000480,,,1880,active,2020-10-02T11:50:00,,一般会計歳出決算額累年比較です（平成30年度税務統計：1-2-2-2）。,CSV,,,,,一般会計歳出決算額累年比較（平成26年度～平成30年度）,2020-10-02T11:50:00,https://www.city.osaka.lg.jp/contents/wdu290/opendata/dataset/data-00000480/ippan_saishutsu_kessan_ruinen.csv,,0,,,
,data-00000481,,,7767,active,2020-10-06T21:20:00,,平成30年度市税予算額補正推移です（平成30年度税務統計：2-1-1）。,CSV,,,,,市税予算額補正推移（平成30年度）,2020-10-06T21:20:00,https://www.city.osaka.lg.jp/contents/wdu290/opendata/dataset/data-00000481/yosan_hosei_suii.csv,,0,,,
,data-00000482,,,12660,active,2020-10-16T10:25:00,,当初予算額累年比較です（平成30年度税務統計：2-2-3-1）。,CSV,,,,,当初予算額累年比較（税目別・平成26年度～平成30年度）,2020-10-16T10:25:00,https://www.city.osaka.lg.jp/contents/wdu290/opendata/dataset/data-00000482/tosho_yosan_ruinen.csv,,0,,,
,data-00000483,,,12682,active,2020-10-16T10:25:00,,最終予算額累年比較です（平成30年度税務統計：2-2-3-2）。,CSV,,,,,最終予算額累年比較（税目別・平成26年度～平成30年度）,2020-10-16T10:25:00,https://www.city.osaka.lg.jp/contents/wdu290/opendata/dataset/data-00000483/saisyu_yosan_ruinen.csv,,0,,,
,data-00000484,,,5494,active,2020-10-16T10:45:00,,市税予算・決算額等累年比較（昭和25年度～令和元年度）です。,CSV,,,,,市税予算・決算額等累年比較（昭和25年度～令和元年度）,2020-10-16T10:45:00,https://www.city.osaka.lg.jp/contents/wdu290/opendata/dataset/data-00000484/yosan_kessan_ruinen.csv,,0,,,
,data-00000485,,,3584,active,2020-10-16T21:49:00,,,CSV,,,,,市税収入決算額累年比較（昭和20年度～昭和24年度）,2020-10-16T21:49:00,https://www.city.osaka.lg.jp/contents/wdu290/opendata/dataset/data-00000485/syunyu_kessan_ruinen_zeimokubetsu_1.csv,,0,,,
,data-00000485,,,10294,active,2020-10-16T21:49:00,,,CSV,,,,,市税収入決算額累年比較（昭和25年度～昭和29年度）,2020-10-16T21:49:00,https://www.city.osaka.lg.jp/contents/wdu290/opendata/dataset/data-00000485/syunyu_kessan_ruinen_zeimokubetsu_2.csv,,1,,,
,data-00000485,,,13132,active,2020-10-16T21:49:00,,,CSV,,,,,市税収入決算額累年比較（昭和30年度～昭和34年度）,2020-10-16T21:49:00,https://www.city.osaka.lg.jp/contents/wdu290/opendata/dataset/data-00000485/syunyu_kessan_ruinen_zeimokubetsu_3.csv,,2,,,
,data-00000485,,,12757,active,2020-10-16T21:49:00,,,CSV,,,,,市税収入決算額累年比較（昭和35年度～昭和39年度）,2020-10-16T21:49:00,https://www.city.osaka.lg.jp/contents/wdu290/opendata/dataset/data-00000485/syunyu_kessan_ruinen_zeimokubetsu_4.csv,,3,,,
,data-00000485,,,13698,active,2020-10-16T21:49:00,,,CSV,,,,,市税収入決算額累年比較（昭和40年度～昭和44年度）,2020-10-16T21:49:00,https://www.city.osaka.lg.jp/contents/wdu290/opendata/dataset/data-00000485/syunyu_kessan_ruinen_zeimokubetsu_5.csv,,4,,,
,data-00000485,,,13892,active,2020-10-16T21:49:00,,,CSV,,,,,市税収入決算額累年比較（昭和45年度～昭和49年度）,2020-10-16T21:49:00,https://www.city.osaka.lg.jp/contents/wdu290/opendata/dataset/data-00000485/syunyu_kessan_ruinen_zeimokubetsu_6.csv,,5,,,
,data-00000485,,,14751,active,2020-10-16T21:49:00,,,CSV,,,,,市税収入決算額累年比較（昭和50年度～昭和54年度）,2020-10-16T21:49:00,https://www.city.osaka.lg.jp/contents/wdu290/opendata/dataset/data-00000485/syunyu_kessan_ruinen_zeimokubetsu_7.csv,,6,,,
,data-00000485,,,14950,active,2020-10-16T21:49:00,,,CSV,,,,,市税収入決算額累年比較（昭和55年度～昭和59年度）,2020-10-16T21:49:00,https://www.city.osaka.lg.jp/contents/wdu290/opendata/dataset/data-00000485/syunyu_kessan_ruinen_zeimokubetsu_8.csv,,7,,,
,data-00000485,,,12843,active,2020-10-16T21:49:00,,,CSV,,,,,市税収入決算額累年比較（昭和60年度～昭和63年度）,2020-10-16T21:49:00,https://www.city.osaka.lg.jp/contents/wdu290/opendata/dataset/data-00000485/syunyu_kessan_ruinen_zeimokubetsu_9.csv,,8,,,
,data-00000485,,,13130,active,2020-10-16T21:49:00,,,CSV,,,,,市税収入決算額累年比較（平成元年度～平成4年度）,2020-10-16T21:49:00,https://www.city.osaka.lg.jp/contents/wdu290/opendata/dataset/data-00000485/syunyu_kessan_ruinen_zeimokubetsu_10.csv,,9,,,
,data-00000485,,,12440,active,2020-10-16T21:49:00,,,CSV,,,,,市税収入決算額累年比較（平成5年度～平成8年度）,2020-10-16T21:49:00,https://www.city.osaka.lg.jp/contents/wdu290/opendata/dataset/data-00000485/syunyu_kessan_ruinen_zeimokubetsu_11.csv,,10,,,
,data-00000485,,,11343,active,2020-10-16T21:49:00,,,CSV,,,,,市税収入決算額累年比較（平成9年度～平成12年度）,2020-10-16T21:49:00,https://www.city.osaka.lg.jp/contents/wdu290/opendata/dataset/data-00000485/syunyu_kessan_ruinen_zeimokubetsu_12.csv,,11,,,
,data-00000485,,,11467,active,2020-10-16T21:49:00,,,CSV,,,,,市税収入決算額累年比較（平成13年度～平成16年度）,2020-10-16T21:49:00,https://www.city.osaka.lg.jp/contents/wdu290/opendata/dataset/data-00000485/syunyu_kessan_ruinen_zeimokubetsu_13.csv,,12,,,
,data-00000485,,,11599,active,2020-10-16T21:49:00,,,CSV,,,,,市税収入決算額累年比較（平成17年度～平成20年度）,2020-10-16T21:49:00,https://www.city.osaka.lg.jp/contents/wdu290/opendata/dataset/data-00000485/syunyu_kessan_ruinen_zeimokubetsu_14.csv,,13,,,
,data-00000485,,,11178,active,2020-10-16T21:49:00,,,CSV,,,,,市税収入決算額累年比較（平成21年度～平成24年度）,2020-10-16T21:49:00,https://www.city.osaka.lg.jp/contents/wdu290/opendata/dataset/data-00000485/syunyu_kessan_ruinen_zeimokubetsu_15.csv,,14,,,
,data-00000485,,,13269,active,2020-10-16T21:49:00,,,CSV,,,,,市税収入決算額累年比較（平成25年度～平成28年度）,2020-10-16T21:49:00,https://www.city.osaka.lg.jp/contents/wdu290/opendata/dataset/data-00000485/syunyu_kessan_ruinen_zeimokubetsu_16.csv,,15,,,
,data-00000485,,,7084,active,2020-10-16T21:49:00,,,CSV,,,,,市税収入決算額累年比較（平成29年度～平成30年度）,2020-10-16T21:49:00,https://www.city.osaka.lg.jp/contents/wdu290/opendata/dataset/data-00000485/syunyu_kessan_ruinen_zeimokubetsu_17.csv,,16,,,
,data-00000486,,,4380,active,2020-11-02T02:43:00,,市税収入決算額累年比較（各区別明細）です（平成30年度税務統計：3-1-1）。,CSV,,,,,市税収入決算額累年比較（各区別明細・平成26年度～平成30年度）,2020-11-02T02:43:00,https://www.city.osaka.lg.jp/contents/wdu290/opendata/dataset/data-00000486/syunyu_kessan_ruinen_kakukubetu.csv,,0,,,
,data-00000487,,,20467,active,2020-11-02T02:53:00,,平成30年度の月別調定額及び収入額です（平成30年度税務統計：3-2-1）。,CSV,,,,,月別調定額及び収入額（平成30年度）,2020-11-02T02:53:00,https://www.city.osaka.lg.jp/contents/wdu290/opendata/dataset/data-00000487/tsukibetsu_tyouteigaku_syunyugaku_h30.csv,,0,,,
,data-00000488,,,4072,active,2020-11-30T21:43:48,,平成26年度～平成30年度の市税納付状況累年比較です（平成30年度税務統計：3-3-2-1）。,CSV,,,,,市税徴収整理状況等（納付状況累年比較、平成26年度～平成30年度）,2020-11-30T21:43:48,https://www.city.osaka.lg.jp/contents/wdu290/opendata/dataset/data-00000488/nouhujokyo_ruinen.csv,,0,,,
,data-00000489,,,6128,active,2020-11-30T21:54:48,,市税徴収整理状況等（税目別市税納付状況調・平成30年度）です（平成30年度税務統計：3-3-2-2）。,CSV,,,,,税目別市税納付状況調（平成30年度）,2020-11-30T21:54:48,https://www.city.osaka.lg.jp/contents/wdu290/opendata/dataset/data-00000489/nouhujokyo_zeimokubetsu.csv,,0,,,
,data-00000490,,,2995,active,2020-12-01T05:48:00,,税目別増減収寄与率（昭和26年～昭和33年）です（平成30年度税務統計：3-4-11-1）。,CSV,,,,,税目別増減収寄与率（昭和26年～昭和33年）,2020-12-01T05:48:00,https://www.city.osaka.lg.jp/contents/wdu290/opendata/dataset/data-00000490/zougensyu_kiyoritsu_01.csv,,0,,,
,data-00000490,,,3111,active,2020-12-01T05:48:00,,税目別増減収寄与率（昭和34年～昭和41年）です（平成30年度税務統計：3-4-11-2）。,CSV,,,,,税目別増減収寄与率（昭和34年～昭和41年）,2020-12-01T05:48:00,https://www.city.osaka.lg.jp/contents/wdu290/opendata/dataset/data-00000490/zougensyu_kiyoritsu_02.csv,,1,,,
,data-00000490,,,2993,active,2020-12-01T05:48:00,,税目別増減収寄与率（昭和42年～昭和48年）です（平成30年度税務統計：3-4-11-3）。,CSV,,,,,税目別増減収寄与率（昭和42年～昭和48年）,2020-12-01T05:48:00,https://www.city.osaka.lg.jp/contents/wdu290/opendata/dataset/data-00000490/zougensyu_kiyoritsu_03.csv,,2,,,
,data-00000490,,,3677,active,2020-12-01T05:48:00,,税目別増減収寄与率（昭和49年～昭和57年）です（平成30年度税務統計：3-4-11-4）。,CSV,,,,,税目別増減収寄与率（昭和49年～昭和57年）,2020-12-01T05:48:00,https://www.city.osaka.lg.jp/contents/wdu290/opendata/dataset/data-00000490/zougensyu_kiyoritsu_04.csv,,3,,,
,data-00000490,,,2640,active,2020-12-01T05:48:00,,税目別増減収寄与率（昭和58年～昭和63年）です（平成30年度税務統計：3-4-11-5）。,CSV,,,,,税目別増減収寄与率（昭和58年～昭和63年）,2020-12-01T05:48:00,https://www.city.osaka.lg.jp/contents/wdu290/opendata/dataset/data-00000490/zougensyu_kiyoritsu_05.csv,,4,,,
,data-00000490,,,1209,active,2020-12-01T05:48:00,,税目別増減収寄与率（平成元年～平成2年）です（平成30年度税務統計：3-4-11-6）。,CSV,,,,,税目別増減収寄与率（平成元年～平成2年）,2020-12-01T05:48:00,https://www.city.osaka.lg.jp/contents/wdu290/opendata/dataset/data-00000490/zougensyu_kiyoritsu_06.csv,,5,,,
,data-00000490,,,3290,active,2020-12-01T05:48:00,,税目別増減収寄与率（平成3年～平成10年）です（平成30年度税務統計：3-4-11-7）。,CSV,,,,,税目別増減収寄与率（平成3年～平成10年）,2020-12-01T05:48:00,https://www.city.osaka.lg.jp/contents/wdu290/opendata/dataset/data-00000490/zougensyu_kiyoritsu_07.csv,,6,,,
,data-00000490,,,2254,active,2020-12-01T05:48:00,,税目別増減収寄与率（平成11年～平成15年）です（平成30年度税務統計：3-4-11-8）。,CSV,,,,,税目別増減収寄与率（平成11年～平成15年）,2020-12-01T05:48:00,https://www.city.osaka.lg.jp/contents/wdu290/opendata/dataset/data-00000490/zougensyu_kiyoritsu_08.csv,,7,,,
,data-00000490,,,1842,active,2020-12-01T05:48:00,,税目別増減収寄与率（平成16年～平成19年）です（平成30年度税務統計：3-4-11-9）。,CSV,,,,,税目別増減収寄与率（平成16年～平成19年）,2020-12-01T05:48:00,https://www.city.osaka.lg.jp/contents/wdu290/opendata/dataset/data-00000490/zougensyu_kiyoritsu_09.csv,,8,,,
,data-00000490,,,2835,active,2020-12-01T05:48:00,,税目別増減収寄与率（平成20年～平成26年）です（平成30年度税務統計：3-4-11-10）。,CSV,,,,,税目別増減収寄与率（平成20年～平成26年）,2020-12-01T05:48:00,https://www.city.osaka.lg.jp/contents/wdu290/opendata/dataset/data-00000490/zougensyu_kiyoritsu_10.csv,,9,,,
,data-00000490,,,1755,active,2020-12-01T05:48:00,,税目別増減収寄与率（平成27年～平成30年）です（平成30年度税務統計：3-4-11-11）。,CSV,,,,,税目別増減収寄与率（平成27年～平成30年）,2020-12-01T05:48:00,https://www.city.osaka.lg.jp/contents/wdu290/opendata/dataset/data-00000490/zougensyu_kiyoritsu_11.csv,,10,,,
,data-00000491,,,2063,active,2020-12-28T00:01:00,,市民税個人分納税義務者数及び課税標準額等累年比較（平成26年～平成30年）です（平成30年度税務統計：4-1-14-1）。,CSV,,,,,市民税個人分納税義務者数及び課税標準額等累年比較（平成26年～平成30年）,2020-12-28T00:01:00,https://www.city.osaka.lg.jp/contents/wdu290/opendata/dataset/data-00000491/2018_4-1-14-1_shimin_kojin_gimusya_kazeihyojun_ruinen.csv,,0,,,
,data-00000492,,,40690,active,2021-11-16T22:01:00,,市民税（個人分）の区別納税義務者数です（税務統計より）。,CSV,,,,,市民税個人分区別納税義務者数（2013年～2019年）,2021-11-16T22:01:00,https://www.city.osaka.lg.jp/contents/wdu290/opendata/dataset/data-00000492/shimin_kojin_kubetu_gimusya.csv,,0,,,
,data-00000493,,,2060,active,2020-12-28T00:01:00,,市民税（個人分）の住所区別納税義務者数及び調定済額（平成30年度）です（平成30年度税務統計：4-1-14-3）。,CSV,,,,,市民税個人分住所区別納税義務者数及び調定済額（平成30年度）,2020-12-28T00:01:00,https://www.city.osaka.lg.jp/contents/wdu290/opendata/dataset/data-00000493/2018_4-1-14-3_shimin_kojin_jushokubetu_gimusya_tyouteigaku.csv,,0,,,
,data-00000494,,,971,active,2020-12-28T00:01:00,,市民税（法人分）の納税義務者数及び課税標準額等累年比較（平成26年～平成30年）です（平成30年度税務統計：4-1-14-4）。,CSV,,,,,市民税法人分納税義務者数及び課税標準額等累年比較（平成26年～平成30年）,2020-12-28T00:01:00,https://www.city.osaka.lg.jp/contents/wdu290/opendata/dataset/data-00000494/2018_4-1-14-4_shimin_houjin_gimusya_kazeihyojun_ruinen.csv,,0,,,
,data-00000495,,,971,active,2020-12-28T00:01:00,,市民税（法人分）の法人均等割税率区分別納税義務者数累年比較（平成26年～平成30年）です（平成30年度税務統計：4-1-14-5）。,CSV,,,,,市民税法人分法人均等割税率区分別納税義務者数累年比較（平成26年～平成30年）,2020-12-28T00:01:00,https://www.city.osaka.lg.jp/contents/wdu290/opendata/dataset/data-00000495/2018_4-1-14-5_shimin_houjin_kubunbetu_gimusya_ruinen.csv,,0,,,
,data-00000496,,,2113,active,2020-12-28T00:01:00,,市民税（法人分）の区別納税義務者数です（平成30年度税務統計：4-1-14-6）。,CSV,,,,,市民税法人分区別納税義務者数（平成30年度）,2020-12-28T00:01:00,https://www.city.osaka.lg.jp/contents/wdu290/opendata/dataset/data-00000496/2018_4-1-14-6_shimin_houjin_kubetu_gimusya.csv,,0,,,
,data-00000497,,,4827,active,2020-12-28T00:01:00,,市民税（法人分）の業態別の納税義務者数及び調定額（平成26年～平成30年）です（平成30年度税務統計：4-1-14-7）。,CSV,,,,,市民税法人分業態別納税義務者数及び調定額（平成26年～平成30年）,2020-12-28T00:01:00,https://www.city.osaka.lg.jp/contents/wdu290/opendata/dataset/data-00000497/2018_4-1-14-7_shimin_houjin_gyotaibetu_gimusya_tyoteigaku.csv,,0,,,
,data-00000498,,,4326,active,2020-12-28T00:01:00,,市民税（法人分）の業態別・資本金段階別・法人税割納税義務者数（平成30年度）です（平成30年度税務統計：4-1-14-8）。,CSV,,,,,市民税法人分業態別・資本金段階別・法人税割納税義務者数（平成30年度）,2020-12-28T00:01:00,https://www.city.osaka.lg.jp/contents/wdu290/opendata/dataset/data-00000498/2018_4-1-14-8_shimin_houjin_gyotaibetu_shihonkinbetu_gimusya.csv,,0,,,
,data-00000499,,,5314,active,2020-12-28T00:01:00,,市民税（法人分）の業態別・資本金段階別・法人税割調定額（平成30年度）です（平成30年度税務統計：4-1-14-9）。,CSV,,,,,市民税法人分業態別・資本金段階別・法人税割調定額（平成30年度）,2020-12-28T00:01:00,https://www.city.osaka.lg.jp/contents/wdu290/opendata/dataset/data-00000499/2018_4-1-14-9_shimin_houjin_gyotaibetu_shihonkinbetu_tyoteigaku.csv,,0,,,
,data-00000500,,,160411,active,2026-09-01T00:00:00,,,CSV,,,,,データセット一覧,2026-09-01T00:00:00,https://www.city.osaka.lg.jp/contents/wdu290/opendata/csv/dataset.csv,,0,,,
,data-00000500,,,779483,active,2026-09-01T00:00:00,,,CSV,,,,,リソース一覧,2026-09-01T00:00:00,https://www.city.osaka.lg.jp/contents/wdu290/opendata/csv/resource.csv,,0,,,
,data-00000501,,,458390,active,2020-11-06T01:40:48,,,CSV,,,,,大阪市指定文化財一覧（令和2年10月末現在）,2020-11-06T01:40:48,https://www.city.osaka.lg.jp/contents/wdu290/opendata/dataset/data-00000501/271004_cultural_property_20201031.csv,,0,,,
,data-00000502,,,2259,active,2025-06-26T19:27:32,,資産等補充報告書の概要（令和6年12月31日現在）CSV形式,CSV,,,,,資産等補充報告書の概要（令和6年12月31日現在）,2025-06-26T19:27:32,https://www.city.osaka.lg.jp/contents/wdu290/opendata/dataset/data-00000502/20241231_hojyu.csv,,0,,,
,data-00000502,,,4906,active,2021-07-14T07:57:07,,令和2年1月1日から令和2年12月31日までの間に新たに有することになった資産等で、令和2年12月31日現在有するものを記載しています。,CSV,,,,,資産等補充報告書の概要（令和2年12月31日現在）,2021-07-14T07:57:07,https://www.city.osaka.lg.jp/contents/wdu290/opendata/dataset/data-00000502/20201231_hojyu.csv,,1,,,
,data-00000502,,,2422,active,2020-11-02T05:13:07,,市長任期開始の日（平成31年4月7日）後新たに有することになった資産等で、令和元年12月31日現在有するものを記載しています。,CSV,,,,,資産等補充報告書の概要（令和元年12月31日現在）,2020-11-02T05:13:07,https://www.city.osaka.lg.jp/contents/wdu290/opendata/dataset/data-00000502/20191231_hojyu.csv,,2,,,
,data-00000503,,,6724,active,2020-11-02T05:40:07,,,CSV,,,,,西淀川区津波避難ビル一覧（令和2年10月現在）,2020-11-02T05:40:07,https://www.city.osaka.lg.jp/contents/wdu290/opendata/dataset/data-00000503/tunami.csv,,0,,,
,data-00000504,,,781,active,2020-11-02T05:40:07,,,CSV,,,,,西淀川区福祉避難所・緊急入所施設一覧（令和2年10月現在）,2020-11-02T05:40:07,https://www.city.osaka.lg.jp/contents/wdu290/opendata/dataset/data-00000504/hukusihinann.csv,,0,,,
,data-00000505,,,310283,active,2022-01-04T05:29:48,,,CSV,,,,,消防水利施設一覧（令和3年12月末現在）,2022-01-04T05:29:48,https://www.city.osaka.lg.jp/contents/wdu290/opendata/dataset/data-00000505/271004_fire_hydrant_202112.csv,,0,,,
,data-00000506,,,5996,active,2020-12-10T07:17:07,,決定件数は、公開請求件数から情報提供による対応等を除いたあとの件数を算出しています。,CSV,,,,,公文書公開請求に対する決定件数・決定状況・不服申立件数（平成30年度）,2020-12-10T07:17:07,https://www.city.osaka.lg.jp/contents/wdu290/opendata/dataset/data-00000506/koukaiseikyuuoyobifufukumousitate.csv,,0,,,
,data-00000507,,,366,active,2020-12-10T07:17:07,,本市の出資等比率が50％以上の法人については、大阪市情報公開条例第34条第2項に基づき情報公開要綱を制定し、本市の情報公開制度に準じた制度を整え運用しています。,CSV,,,,,法人文書公開請求に対する決定件数・決定状況・異議申出件数（平成30年度）,2020-12-10T07:17:07,https://www.city.osaka.lg.jp/contents/wdu290/opendata/dataset/data-00000507/houjinbunsho.csv,,0,,,
,data-00000508,,,6265,active,2020-12-10T07:17:07,,決定件数は、取下げ等を除いたあとの開示請求件数に対して行った開示決定等の件数を算出しています。１件の開示請求に対して、複数の開示決定等を行うことがあるため、開示請求の件数と開示決定等の件数は、必ずしも一致しません。,CSV,,,,,保有個人情報の開示等請求に対する決定件数・決定状況・不服申立件数（開示請求・平成30年度）,2020-12-10T07:17:07,https://www.city.osaka.lg.jp/contents/wdu290/opendata/dataset/data-00000508/unnyoujoukyou_kaiji.csv,,0,,,
,data-00000508,,,5584,active,2020-12-10T07:17:07,,決定件数は、取下げ等を除いたあとの開示請求件数に対して行った開示決定等の件数を算出しています。１件の開示請求に対して、複数の開示決定等を行うことがあるため、開示請求の件数と開示決定等の件数は、必ずしも一致しません。,CSV,,,,,保有個人情報の開示等請求に対する決定件数・決定状況・不服申立件数（訂正請求・平成30年度）,2020-12-10T07:17:07,https://www.city.osaka.lg.jp/contents/wdu290/opendata/dataset/data-00000508/unnyoujoukyou_teisei.csv,,1,,,
,data-00000508,,,5726,active,2020-12-10T07:17:07,,決定件数は、取下げ等を除いたあとの開示請求件数に対して行った開示決定等の件数を算出しています。１件の開示請求に対して、複数の開示決定等を行うことがあるため、開示請求の件数と開示決定等の件数は、必ずしも一致しません。,CSV,,,,,保有個人情報の開示等請求に対する決定件数・決定状況・不服申立件数（利用停止請求・平成30年度）,2020-12-10T07:17:07,https://www.city.osaka.lg.jp/contents/wdu290/opendata/dataset/data-00000508/unnyoujoukyou_riyouteisi.csv,,2,,,
,data-00000509,,,369,active,2020-12-10T07:17:07,,個人情報を取り扱う事務の届出（条例第８条）の平成30年度末の届出件数です。,CSV,,,,,実施機関別個人情報を取り扱う事務の届出件数（平成31年3月31日現在）,2020-12-10T07:17:07,https://www.city.osaka.lg.jp/contents/wdu290/opendata/dataset/data-00000509/unnyoujoukyou_todokedekennsuu.csv,,0,,,
,data-00000510,,,75445,active,2022-01-04T05:29:48,,,CSV,,,,,公衆トイレ一覧（令和3年12月末現在）,2022-01-04T05:29:48,https://www.city.osaka.lg.jp/contents/wdu290/opendata/dataset/data-00000510/271004_public_toilet_202112.csv,,0,,,
,data-00000511,,,62071,active,2020-11-30T20:28:07,,調査期間：令和2年8月25日から8月27日、回答者数：500名（回答率100％）,CSV,,,,,民間ネット調査「里親に関する認知度調査」（令和2年度）,2020-11-30T20:28:07,https://www.city.osaka.lg.jp/contents/wdu290/opendata/dataset/data-00000511/raw_data.csv,,0,,,
,data-00000512,,,212417,active,2022-01-04T05:29:48,,,CSV,,,,,介護サービス事業所一覧（令和3年12月末現在）,2022-01-04T05:29:48,https://www.city.osaka.lg.jp/contents/wdu290/opendata/dataset/data-00000512/271004_care_service_202112.csv,,0,,,
,data-00000513,,,937,active,2021-05-17T20:08:14,,,CSV,,,,,行政区別・男女別人口及び世帯数(令和3年3月末日現在),2021-05-17T20:08:14,https://www.city.osaka.lg.jp/contents/wdu290/opendata/dataset/data-00000513/030301_gyousei-danjo-setai.csv,,0,,,
,data-00000513,,,171544,active,2021-05-17T20:08:14,,,CSV,,,,,各区町丁目別・男女別・各歳別人口及び世帯数（北区）(令和3年3月末日現在),2021-05-17T20:08:14,https://www.city.osaka.lg.jp/contents/wdu290/opendata/dataset/data-00000513/030302-01_jyu-ki_kita.csv,,1,,,
,data-00000513,,,138808,active,2021-05-17T20:08:14,,,CSV,,,,,各区町丁目別・男女別・各歳別人口及び世帯数（都島区）(令和3年3月末日現在),2021-05-17T20:08:14,https://www.city.osaka.lg.jp/contents/wdu290/opendata/dataset/data-00000513/030302-02_jyu-ki_miyakojima.csv,,2,,,
,data-00000513,,,134603,active,2021-05-17T20:08:14,,,CSV,,,,,各区町丁目別・男女別・各歳別人口及び世帯数（福島区）(令和3年3月末日現在),2021-05-17T20:08:14,https://www.city.osaka.lg.jp/contents/wdu290/opendata/dataset/data-00000513/030302-03_jyu-ki_fukushima.csv,,3,,,
,data-00000513,,,140480,active,2021-05-17T20:08:14,,,CSV,,,,,各区町丁目別・男女別・各歳別人口及び世帯数（此花区）(令和3年3月末日現在),2021-05-17T20:08:14,https://www.city.osaka.lg.jp/contents/wdu290/opendata/dataset/data-00000513/030302-04_jyu-ki_konohana.csv,,4,,,
,data-00000513,,,195075,active,2021-05-17T20:08:14,,,CSV,,,,,各区町丁目別・男女別・各歳別人口及び世帯数（中央区）(令和3年3月末日現在),2021-05-17T20:08:14,https://www.city.osaka.lg.jp/contents/wdu290/opendata/dataset/data-00000513/030302-05_jyu-ki_chu-o-.csv,,5,,,
,data-00000513,,,143584,active,2021-05-17T20:08:14,,,CSV,,,,,各区町丁目別・男女別・各歳別人口及び世帯数（西区）(令和3年3月末日現在),2021-05-17T20:08:14,https://www.city.osaka.lg.jp/contents/wdu290/opendata/dataset/data-00000513/030302-06_jyu-ki_nishi.csv,,6,,,
,data-00000513,,,142187,active,2021-05-17T20:08:14,,,CSV,,,,,各区町丁目別・男女別・各歳別人口及び世帯数（港区）(令和3年3月末日現在),2021-05-17T20:08:14,https://www.city.osaka.lg.jp/contents/wdu290/opendata/dataset/data-00000513/030302-07_jyu-ki_minato.csv,,7,,,
,data-00000513,,,136982,active,2021-05-17T20:08:14,,,CSV,,,,,各区町丁目別・男女別・各歳別人口及び世帯数（大正区）(令和3年3月末日現在),2021-05-17T20:08:14,https://www.city.osaka.lg.jp/contents/wdu290/opendata/dataset/data-00000513/030302-08_jyu-ki_taisho.csv,,8,,,
,data-00000513,,,146092,active,2021-05-17T20:08:14,,,CSV,,,,,各区町丁目別・男女別・各歳別人口及び世帯数（天王寺区）(令和3年3月末日現在),2021-05-17T20:08:14,https://www.city.osaka.lg.jp/contents/wdu290/opendata/dataset/data-00000513/030302-09_jyu-ki_tennoji.csv,,9,,,
,data-00000513,,,142036,active,2021-05-17T20:08:14,,,CSV,,,,,各区町丁目別・男女別・各歳別人口及び世帯数（浪速区）(令和3年3月末日現在),2021-05-17T20:08:14,https://www.city.osaka.lg.jp/contents/wdu290/opendata/dataset/data-00000513/030302-10_jyu-ki_naniwa.csv,,10,,,
,data-00000513,,,145195,active,2021-05-17T20:08:14,,,CSV,,,,,各区町丁目別・男女別・各歳別人口及び世帯数（西淀川区）(令和3年3月末日現在),2021-05-17T20:08:14,https://www.city.osaka.lg.jp/contents/wdu290/opendata/dataset/data-00000513/030302-11_jyu-ki_nishiyodogawa.csv,,11,,,
,data-00000513,,,162010,active,2021-05-17T20:08:14,,,CSV,,,,,各区町丁目別・男女別・各歳別人口及び世帯数（淀川区）(令和3年3月末日現在),2021-05-17T20:08:14,https://www.city.osaka.lg.jp/contents/wdu290/opendata/dataset/data-00000513/030302-12_jyu-ki_yodogawa.csv,,12,,,
,data-00000513,,,161489,active,2021-05-17T20:08:14,,,CSV,,,,,各区町丁目別・男女別・各歳別人口及び世帯数（東淀川区）(令和3年3月末日現在),2021-05-17T20:08:14,https://www.city.osaka.lg.jp/contents/wdu290/opendata/dataset/data-00000513/030302-13_jyu-ki_higashiyodogawa.csv,,13,,,
,data-00000513,,,137564,active,2021-05-17T20:08:14,,,CSV,,,,,各区町丁目別・男女別・各歳別人口及び世帯数（東成区）(令和3年3月末日現在),2021-05-17T20:08:14,https://www.city.osaka.lg.jp/contents/wdu290/opendata/dataset/data-00000513/030302-14_jyu-ki_higashinari.csv,,14,,,
,data-00000513,,,159546,active,2021-05-17T20:08:14,,,CSV,,,,,各区町丁目別・男女別・各歳別人口及び世帯数（生野区）(令和3年3月末日現在),2021-05-17T20:08:14,https://www.city.osaka.lg.jp/contents/wdu290/opendata/dataset/data-00000513/030302-15_jyu-ki_ikuno.csv,,15,,,
,data-00000513,,,138151,active,2021-05-17T20:08:14,,,CSV,,,,,各区町丁目別・男女別・各歳別人口及び世帯数（旭区）(令和3年3月末日現在),2021-05-17T20:08:14,https://www.city.osaka.lg.jp/contents/wdu290/opendata/dataset/data-00000513/030302-16_jyu-ki_asahi.csv,,16,,,
,data-00000513,,,156506,active,2021-05-17T20:08:14,,,CSV,,,,,各区町丁目別・男女別・各歳別人口及び世帯数（城東区）(令和3年3月末日現在),2021-05-17T20:08:14,https://www.city.osaka.lg.jp/contents/wdu290/opendata/dataset/data-00000513/030302-17_jyu-ki_joto.csv,,17,,,
,data-00000513,,,144824,active,2021-05-17T20:08:14,,,CSV,,,,,各区町丁目別・男女別・各歳別人口及び世帯数（鶴見区）(令和3年3月末日現在),2021-05-17T20:08:14,https://www.city.osaka.lg.jp/contents/wdu290/opendata/dataset/data-00000513/030302-18_jyu-ki_tsurumi.csv,,18,,,
,data-00000513,,,149257,active,2021-05-17T20:08:14,,,CSV,,,,,各区町丁目別・男女別・各歳別人口及び世帯数（阿倍野区）(令和3年3月末日現在),2021-05-17T20:08:14,https://www.city.osaka.lg.jp/contents/wdu290/opendata/dataset/data-00000513/030302-19_jyu-ki_abeno.csv,,19,,,
,data-00000513,,,162576,active,2021-05-17T20:08:14,,,CSV,,,,,各区町丁目別・男女別・各歳別人口及び世帯数（住之江区）(令和3年3月末日現在),2021-05-17T20:08:14,https://www.city.osaka.lg.jp/contents/wdu290/opendata/dataset/data-00000513/030302-20_jyu-ki_suminoe.csv,,20,,,
,data-00000513,,,167342,active,2021-05-17T20:08:14,,,CSV,,,,,各区町丁目別・男女別・各歳別人口及び世帯数（住吉区）(令和3年3月末日現在),2021-05-17T20:08:14,https://www.city.osaka.lg.jp/contents/wdu290/opendata/dataset/data-00000513/030302-21_jyu-ki_sumiyoshi.csv,,21,,,
,data-00000513,,,164754,active,2021-05-17T20:08:14,,,CSV,,,,,各区町丁目別・男女別・各歳別人口及び世帯数（東住吉区）(令和3年3月末日現在),2021-05-17T20:08:14,https://www.city.osaka.lg.jp/contents/wdu290/opendata/dataset/data-00000513/030302-22_jyu-ki_higashisumiyoshi.csv,,22,,,
,data-00000513,,,185931,active,2021-05-17T20:08:14,,,CSV,,,,,各区町丁目別・男女別・各歳別人口及び世帯数（平野区）(令和3年3月末日現在),2021-05-17T20:08:14,https://www.city.osaka.lg.jp/contents/wdu290/opendata/dataset/data-00000513/030302-23_jyu-ki_hirano.csv,,23,,,
,data-00000513,,,154419,active,2021-05-17T20:08:14,,,CSV,,,,,各区町丁目別・男女別・各歳別人口及び世帯数（西成区）(令和3年3月末日現在),2021-05-17T20:08:14,https://www.city.osaka.lg.jp/contents/wdu290/opendata/dataset/data-00000513/030302-24_jyu-ki_nishinari.csv,,24,,,
,data-00000513,,,34002,active,2021-05-17T20:08:14,,,CSV,,,,,行政区別・男女別・5歳階級別人口及び世帯数(令和3年3月末日現在),2021-05-17T20:08:14,https://www.city.osaka.lg.jp/contents/wdu290/opendata/dataset/data-00000513/030303_gyousei-danjo-5sai_setai.csv,,25,,,
,data-00000513,,,855,active,2021-05-17T20:08:14,,,CSV,,,,,行政区別・男女別・外国人人口及び世帯数(令和3年3月末日現在),2021-05-17T20:08:14,https://www.city.osaka.lg.jp/contents/wdu290/opendata/dataset/data-00000513/030304_gyousei-danjo_gaikokujiin-setai.csv,,26,,,
,data-00000513,,,29724,active,2021-05-17T20:08:14,,,CSV,,,,,行政区別・男女別・5歳階級別・外国人人口及び世帯数(令和3年3月末日現在),2021-05-17T20:08:14,https://www.city.osaka.lg.jp/contents/wdu290/opendata/dataset/data-00000513/030305_gyousei-danjo-5sai_gaikokujin-setai.csv,,27,,,
,data-00000513,,,3175,active,2021-05-17T20:08:14,,,CSV,,,,,外国人住民国籍別人口(令和3年3月末日現在),2021-05-17T20:08:14,https://www.city.osaka.lg.jp/contents/wdu290/opendata/dataset/data-00000513/030306_kokusekibetu.csv,,28,,,
,data-00000513,,,13294,active,2021-05-17T20:08:14,,,CSV,,,,,外国人住民区別国籍別人口(令和3年3月末日現在),2021-05-17T20:08:14,https://www.city.osaka.lg.jp/contents/wdu290/opendata/dataset/data-00000513/030307_kubetu_kokusekibetu_gaikokujin.csv,,29,,,
,data-00000513,,,60878,active,2021-05-17T20:08:14,,,CSV,,,,,外国人住民区別在留資格別人口(令和3年3月末日現在),2021-05-17T20:08:14,https://www.city.osaka.lg.jp/contents/wdu290/opendata/dataset/data-00000513/030308_kubetu_sikakubetu_gaikokujin.csv,,30,,,
,data-00000513,,,33987,active,2021-01-21T10:43:14,,,CSV,,,,,行政区別・男女別・5歳階級別人口及び世帯数(令和2年12月末日現在),2021-01-21T10:43:14,https://www.city.osaka.lg.jp/contents/wdu290/opendata/dataset/data-00000513/021203_gyousei-danjo-5sai-setai.csv,,31,,,
,data-00000513,,,52541,active,2020-05-07T09:37:00,,,CSV,,,,,外国人住民区別在留資格別人口(令和2年9月末日現在),2020-05-07T09:37:00,https://www.city.osaka.lg.jp/contents/wdu290/opendata/dataset/data-00000513/020908_kubetu_sikakubetu_gaikokujin.csv,,32,,,
,data-00000513,,,9881,active,2020-05-07T09:37:00,,,CSV,,,,,外国人住民区別国籍別人口(令和2年9月末日現在),2020-05-07T09:37:00,https://www.city.osaka.lg.jp/contents/wdu290/opendata/dataset/data-00000513/020907_kubetu_kokusekibetu_gaikokujin.csv,,33,,,
,data-00000513,,,2764,active,2020-05-18T21:32:53,,,CSV,,,,,外国人住民国籍別人口(令和2年9月末日現在),2020-05-07T01:58:00,https://www.city.osaka.lg.jp/contents/wdu290/opendata/dataset/data-00000513/020906_kokusekibetu.csv,,34,,,
,data-00000513,,,7643,active,2020-05-07T01:58:00,,,CSV,,,,,行政区別・男女別・5歳階級別・外国人人口及び世帯数(令和2年9月末日現在),2020-05-07T01:58:00,https://www.city.osaka.lg.jp/contents/wdu290/opendata/dataset/data-00000513/020905_gyousei_danjo_5sai_gaikokujin_setai.csv,,35,,,
,data-00000513,,,850,active,2020-05-07T01:53:00,,,CSV,,,,,行政区別・男女別・外国人人口及び世帯数(令和2年9月末日現在),2020-05-07T01:53:00,https://www.city.osaka.lg.jp/contents/wdu290/opendata/dataset/data-00000513/020904_gyousei-danjo_gaikokujiin-setai.csv,,36,,,
,data-00000513,,,9970,active,2020-05-07T01:53:00,,,CSV,,,,,行政区別・男女別・5歳階級別人口及び世帯数(令和2年9月末日現在),2020-05-07T01:53:00,https://www.city.osaka.lg.jp/contents/wdu290/opendata/dataset/data-00000513/020903_gyousei-danjo-5sai_setai.csv,,37,,,
,data-00000513,,,72585,active,2020-05-18T21:32:53,,,CSV,,,,,各区町丁目別・男女別・各歳別人口及び世帯数（西成区）(令和2年9月末日現在),2020-05-07T01:36:00,https://www.city.osaka.lg.jp/contents/wdu290/opendata/dataset/data-00000513/020924_jyu-ki_nishinari.csv,,38,,,
,data-00000513,,,122724,active,2020-05-07T09:42:00,,,CSV,,,,,各区町丁目別・男女別・各歳別人口及び世帯数（平野区）(令和2年9月末日現在),2020-05-07T09:42:00,https://www.city.osaka.lg.jp/contents/wdu290/opendata/dataset/data-00000513/020923_jyu-ki_hirano.csv,,39,,,
,data-00000513,,,88816,active,2020-05-07T01:35:00,,,CSV,,,,,各区町丁目別・男女別・各歳別人口及び世帯数（東住吉区）(令和2年9月末日現在),2020-05-07T01:35:00,https://www.city.osaka.lg.jp/contents/wdu290/opendata/dataset/data-00000513/020922_jyu-ki_higashisumiyoshi.csv,,40,,,
,data-00000513,,,92249,active,2020-05-07T01:34:00,,,CSV,,,,,各区町丁目別・男女別・各歳別人口及び世帯数（住吉区）(令和2年9月末日現在),2020-05-07T01:34:00,https://www.city.osaka.lg.jp/contents/wdu290/opendata/dataset/data-00000513/020921_jyu-ki_sumiyoshi.csv,,41,,,
,data-00000513,,,86113,active,2020-05-07T01:34:00,,,CSV,,,,,各区町丁目別・男女別・各歳別人口及び世帯数（住之江区）(令和2年9月末日現在),2020-05-07T01:34:00,https://www.city.osaka.lg.jp/contents/wdu290/opendata/dataset/data-00000513/020920_jyu-ki_suminoe.csv,,42,,,
,data-00000513,,,62104,active,2020-05-07T01:33:00,,,CSV,,,,,各区町丁目別・男女別・各歳別人口及び世帯数（阿倍野区）(令和2年9月末日現在),2020-05-07T01:33:00,https://www.city.osaka.lg.jp/contents/wdu290/opendata/dataset/data-00000513/020919_jyu-ki_abeno.csv,,43,,,
,data-00000513,,,54729,active,2020-05-07T01:32:00,,,CSV,,,,,各区町丁目別・男女別・各歳別人口及び世帯数（鶴見区）(令和2年9月末日現在),2020-05-07T01:32:00,https://www.city.osaka.lg.jp/contents/wdu290/opendata/dataset/data-00000513/020918_jyu-ki_tsurumi.csv,,44,,,
,data-00000513,,,72009,active,2020-05-07T01:32:00,,,CSV,,,,,各区町丁目別・男女別・各歳別人口及び世帯数（城東区）(令和2年9月末日現在),2020-05-07T01:32:00,https://www.city.osaka.lg.jp/contents/wdu290/opendata/dataset/data-00000513/020917_jyu-ki_zyoto.csv,,45,,,
,data-00000513,,,43432,active,2020-05-07T01:32:00,,,CSV,,,,,各区町丁目別・男女別・各歳別人口及び世帯数（旭区）(令和2年9月末日現在),2020-05-07T01:32:00,https://www.city.osaka.lg.jp/contents/wdu290/opendata/dataset/data-00000513/020916_jyu-ki_asahi.csv,,46,,,
,data-00000513,,,79775,active,2020-05-07T01:31:00,,,CSV,,,,,各区町丁目別・男女別・各歳別人口及び世帯数（生野区）(令和2年9月末日現在),2020-05-07T01:31:00,https://www.city.osaka.lg.jp/contents/wdu290/opendata/dataset/data-00000513/020915_jyu-ki_ikuno.csv,,47,,,
,data-00000513,,,42510,active,2020-05-07T01:31:00,,,CSV,,,,,各区町丁目別・男女別・各歳別人口及び世帯数（東成区）(令和2年9月末日現在),2020-05-07T01:31:00,https://www.city.osaka.lg.jp/contents/wdu290/opendata/dataset/data-00000513/020914_jyu-ki_higashinari.csv,,48,,,
,data-00000513,,,56462,active,2020-05-07T01:27:00,,,CSV,,,,,各区町丁目別・男女別・各歳別人口及び世帯数（西淀川区）(令和2年9月末日現在),2020-05-07T01:27:00,https://www.city.osaka.lg.jp/contents/wdu290/opendata/dataset/data-00000513/020911_jyu-ki_nishiyodogawa.csv,,49,,,
,data-00000513,,,81455,active,2020-05-07T01:27:00,,,CSV,,,,,各区町丁目別・男女別・各歳別人口及び世帯数（淀川区）(令和2年9月末日現在),2020-05-07T01:27:00,https://www.city.osaka.lg.jp/contents/wdu290/opendata/dataset/data-00000513/020912_jyu-ki_yodogawa.csv,,50,,,
,data-00000513,,,80695,active,2020-05-07T01:31:00,,,CSV,,,,,各区町丁目別・男女別・各歳別人口及び世帯数（東淀川区）(令和2年9月末日現在),2020-05-07T01:31:00,https://www.city.osaka.lg.jp/contents/wdu290/opendata/dataset/data-00000513/020913_jyu-ki_higashiyodogawa.csv,,51,,,
,data-00000513,,,52916,active,2020-05-07T01:24:00,,,CSV,,,,,各区町丁目別・男女別・各歳別人口及び世帯数（浪速区）(令和2年9月末日現在),2020-05-07T01:24:00,https://www.city.osaka.lg.jp/contents/wdu290/opendata/dataset/data-00000513/020910_jyu-ki_naniwa.csv,,52,,,
,data-00000513,,,59515,active,2020-05-07T01:19:00,,,CSV,,,,,各区町丁目別・男女別・各歳別人口及び世帯数（天王寺区）(令和2年9月末日現在),2020-05-07T01:19:00,https://www.city.osaka.lg.jp/contents/wdu290/opendata/dataset/data-00000513/020909_jyu-ki_tennnoji.csv,,53,,,
,data-00000513,,,43342,active,2020-05-07T01:18:00,,,CSV,,,,,各区町丁目別・男女別・各歳別人口及び世帯数（大正区）(令和2年9月末日現在),2020-05-07T01:18:00,https://www.city.osaka.lg.jp/contents/wdu290/opendata/dataset/data-00000513/020908_jyu-ki_taisho.csv,,54,,,
,data-00000513,,,51825,active,2020-05-07T01:17:00,,,CSV,,,,,各区町丁目別・男女別・各歳別人口及び世帯数（港区）(令和2年9月末日現在),2020-05-07T01:17:00,https://www.city.osaka.lg.jp/contents/wdu290/opendata/dataset/data-00000513/020907_jyu-ki_minato.csv,,55,,,
,data-00000513,,,53384,active,2020-05-07T01:19:00,,,CSV,,,,,各区町丁目別・男女別・各歳別人口及び世帯数（西区）(令和2年9月末日現在),2020-05-07T01:19:00,https://www.city.osaka.lg.jp/contents/wdu290/opendata/dataset/data-00000513/020906_jyu-ki_nishi.csv,,56,,,
,data-00000513,,,194831,active,2020-05-07T01:18:00,,,CSV,,,,,各区町丁目別・男女別・各歳別人口及び世帯数（中央区）(令和2年9月末日現在),2020-05-07T01:18:00,https://www.city.osaka.lg.jp/contents/wdu290/opendata/dataset/data-00000513/020905_jyu-ki_chuo.csv,,57,,,
,data-00000513,,,140531,active,2020-05-07T01:17:00,,,CSV,,,,,各区町丁目別・男女別・各歳別人口及び世帯数（此花区）(令和2年9月末日現在),2020-05-07T01:17:00,https://www.city.osaka.lg.jp/contents/wdu290/opendata/dataset/data-00000513/020904_jyu-ki_konohana.csv,,58,,,
,data-00000513,,,38543,active,2020-05-07T01:18:00,,,CSV,,,,,各区町丁目別・男女別・各歳別人口及び世帯数（福島区）(令和2年9月末日現在),2020-05-07T01:18:00,https://www.city.osaka.lg.jp/contents/wdu290/opendata/dataset/data-00000513/020903_jyu-ki_fukushima.csv,,59,,,
,data-00000513,,,44726,active,2020-05-18T21:32:52,,,CSV,,,,,各区町丁目別・男女別・各歳別人口及び世帯数（都島区）(令和2年9月末日現在),2020-05-07T01:17:00,https://www.city.osaka.lg.jp/contents/wdu290/opendata/dataset/data-00000513/020902_jyu-ki_miyakojima.csv,,60,,,
,data-00000513,,,102392,active,2020-05-07T01:17:00,,,CSV,,,,,各区町丁目別・男女別・各歳別人口及び世帯数（北区）(令和2年9月末日現在),2020-05-07T01:17:00,https://www.city.osaka.lg.jp/contents/wdu290/opendata/dataset/data-00000513/020901_jyu-ki_kita.csv,,61,,,
,data-00000513,,,937,active,2020-05-18T21:32:52,,,CSV,,,,,行政区別・男女別人口及び世帯数(令和2年9月末日現在),2020-05-07T09:40:00,https://www.city.osaka.lg.jp/contents/wdu290/opendata/dataset/data-00000513/020901_gyousei-danjo-setai.csv,,62,,,
,data-00000513,,,33987,active,2020-11-20T12:03:14,,,CSV,,,,,行政区別・男女別・5歳階級別人口及び世帯数(令和2年6月末日現在),2020-11-20T12:03:14,https://www.city.osaka.lg.jp/contents/wdu290/opendata/dataset/data-00000513/020603_gyousei-danjo-5sai_setai.csv,,63,,,
,data-00000514,,,5275,active,2021-05-30T22:07:48,,一時避難場所とは一時的に避難できる広場、公園や学校の校庭などです。一覧に掲げている施設以外に災害時避難所に指定している学校園等も一時避難場所として指定しています。,CSV,,,,,東淀川区一時避難所一覧（令和2年度）,2021-05-30T22:07:48,https://www.city.osaka.lg.jp/contents/wdu290/opendata/dataset/data-00000514/itijihinannbasyo_202105.csv,,0,,,
,data-00000515,,,2195,active,2021-05-30T22:17:48,,災害時避難所とは、宿泊・給食等の生活機能を提供できる小・中学校などの施設です。災害の状況に応じて開設されます。,CSV,,,,,東淀川区災害時避難場所一覧（令和2年度）,2021-05-30T22:17:48,https://www.city.osaka.lg.jp/contents/wdu290/opendata/dataset/data-00000515/saigaijihinnbasyo_202105.csv,,0,,,
,data-00000516,,,18944,active,2026-04-08T10:28:40,,東淀川区では風水害から区民の命を守るため「水害時避難ビル」の指定を進めています。公共施設については順次指定を進めており、民間施設についても民間企業の協力のもと協定を締結し、一時避難施設の確保に努めています。,CSV,,,,,東淀川区水害時避難ビル一覧（令和7年度）,2026-04-08T10:28:40,https://www.city.osaka.lg.jp/contents/wdu290/opendata/dataset/data-00000516/suigai_202602.csv,,0,,,
,data-00000517,,,36786,active,2022-01-04T05:29:48,,,CSV,,,,,医療機関一覧（令和3年12月末現在）,2022-01-04T05:29:48,https://www.city.osaka.lg.jp/contents/wdu290/opendata/dataset/data-00000517/271004_hospital_202112.csv,,0,,,
,data-00000518,,,462512,active,2022-01-04T05:29:48,,,CSV,,,,,観光施設一覧（令和3年12月末現在）,2022-01-04T05:29:48,https://www.city.osaka.lg.jp/contents/wdu290/opendata/dataset/data-00000518/271004_tourism_202112.csv,,0,,,
,data-00000519,,,19555,active,2026-04-09T10:05:59,,,CSV,,,,,公衆無線LANアクセスポイント一覧（令和8年4月1日現在）,2026-04-09T10:05:59,https://www.city.osaka.lg.jp/contents/wdu290/opendata/dataset/data-00000519/271004_public_wireless_lan_202604.csv,,0,,,
,data-00000520,,,633342,active,2022-01-04T05:29:48,,,CSV,,,,,指定緊急避難場所一覧（令和3年12月末現在）,2022-01-04T05:29:48,https://www.city.osaka.lg.jp/contents/wdu290/opendata/dataset/data-00000520/271004_evacuation_space_202112.csv,,0,,,
,data-00000521,,,2167502,active,2022-01-04T05:29:48,,,CSV,,,,,公共施設一覧（令和3年12月末現在）,2022-01-04T05:29:48,https://www.city.osaka.lg.jp/contents/wdu290/opendata/dataset/data-00000521/271004_public_facility_202112.csv,,0,,,
,data-00000522,,,152266,active,2022-01-04T05:29:48,,,CSV,,,,,子育て施設一覧（令和3年12月末現在）,2022-01-04T05:29:48,https://www.city.osaka.lg.jp/contents/wdu290/opendata/dataset/data-00000522/271004_preschool_202112.csv,,0,,,
,data-00000523,,,5714,active,2021-03-26T02:13:48,,数値は確報値となります。なお、幼稚園に関しては、こども青少年局子育て支援部管理課幼稚園運営企画グループ（電話: 06-6208-8166）にお問い合わせください。,CSV,,,,,行政区別校園数、学級数、幼児・児童・生徒数（令和2年5月1日現在）,2021-03-26T02:13:48,https://www.city.osaka.lg.jp/contents/wdu290/opendata/dataset/data-00000523/genkyo_kakuho_02_kubetu.csv,,0,,,
,data-00000533,,,1194,active,2020-12-25T09:28:48,,行政面積は令和2年1月1日現在(国土地理院発表)。人口は令和2年4月1日現在の大阪市都市計画局調べ「大阪市の推計人口」による。鶴見区の公園面積は大阪市域内のみ。公園数の他区にまたがるものは外数。,CSV,,,,,大阪市域内都市公園行政区別総括表（令和2年4月1日現在）,2020-12-25T09:28:48,https://www.city.osaka.lg.jp/contents/wdu290/opendata/dataset/data-00000533/toshikouen_soukatsuhyo.csv,,0,,,
,data-00000535,,,164,active,2026-01-05T15:06:31,,,CSV,,,,,西区面積・人口・世帯数,2026-01-05T15:06:31,https://www.city.osaka.lg.jp/contents/wdu290/opendata/dataset/data-00000535/nishi_menseki_jinko_setai.csv,,0,,,
,data-00000535,,,2288,active,2026-01-05T15:07:48,,人口は住民基本台帳と外国人登録人口の合計です。,CSV,,,,,西区町名別世帯数・人口（2020年～2021年、2024年、2025年）,2026-01-05T15:07:48,https://www.city.osaka.lg.jp/contents/wdu290/opendata/dataset/data-00000535/nishi_setai_jinko.csv,,1,,,
,data-00000535,,,2261,active,2026-01-05T15:07:48,,人口は住民基本台帳と外国人登録人口の合計です。,CSV,,,,,西区年齢階級別人口（2020年～2021年、2024年、2025年）,2026-01-05T15:07:48,https://www.city.osaka.lg.jp/contents/wdu290/opendata/dataset/data-00000536/nishi_nenreibetujinko.csv,,2,,,
,data-00000537,,,636,active,2020-12-27T22:18:25,,,CSV,,,,,天王寺区一時避難場所指定寺院一覧,2020-12-27T22:18:25,https://www.city.osaka.lg.jp/contents/wdu290/opendata/dataset/data-00000537/jiinhinanbasyo.csv,,0,,,
,data-00000538,,,1999,active,2020-12-28T00:01:00,,市民税（法人分）の決算期別・法人税割納税義務者数（平成26年度～平成30年度）です（平成26年度～平成30年度税務統計：4-1-14-10）。,CSV,,,,,市民税法人分決算期別・法人税割納税義務者数（平成26年度～平成30年度）,2020-12-28T00:01:00,https://www.city.osaka.lg.jp/contents/wdu290/opendata/dataset/data-00000538/2018_4-1-14-10_shimin_houjin_kessankibetu_gimusya.csv,,0,,,
,data-00000539,,,1366,active,2020-12-28T00:01:00,,市民税（法人分）の業態別・資本金段階別・法人税割調定額（平成26年度～平成30年度）です（平成26年度～平成30年度税務統計：4-1-14-11）。,CSV,,,,,市民税法人分決算期別・法人税割調定額（平成26年度～平成30年度）,2020-12-28T00:01:00,https://www.city.osaka.lg.jp/contents/wdu290/opendata/dataset/data-00000539/2018_4-1-14-11_shimin_houjin_kessankibetu_tyoteigaku.csv,,0,,,
,data-00000540,,,2023,active,2020-12-28T00:01:00,,市民税（法人分）の決算期別・資本金段階別・法人税割納税義務者数（平成30年度）です（平成30年度税務統計：4-1-14-12）。,CSV,,,,,市民税法人分決算期別・資本金段階別・法人税割納税義務者数（平成30年度）,2020-12-28T00:01:00,https://www.city.osaka.lg.jp/contents/wdu290/opendata/dataset/data-00000540/2018_4-1-14-12_shimin_houjin_kessankibetu_shihonkinbetu_gimusya.csv,,0,,,
,data-00000541,,,1530,active,2020-12-28T00:01:00,,市民税（法人分）の決算期別・資本金段階別・法人税割調定額（平成30年度）です（平成30年度税務統計：4-1-14-13）。,CSV,,,,,市民税法人分決算期別・資本金段階別・法人税割調定額（平成30年度）,2020-12-28T00:01:00,https://www.city.osaka.lg.jp/contents/wdu290/opendata/dataset/data-00000541/2018_4-1-14-13_shimin_houjin_kessankibetu_shihonkinbetu_tyoteigaku.csv,,0,,,
,data-00000542,,,1278,active,2020-12-28T00:01:00,,市民税（法人分）の資本金段階別の納税義務者数及び調定額（平成26年～平成30年）です（平成30年度税務統計：4-1-14-14）。,CSV,,,,,市民税法人分資本金段階別法人税割納税義務者数及び調定額（平成26年～平成30年）,2020-12-28T00:01:00,https://www.city.osaka.lg.jp/contents/wdu290/opendata/dataset/data-00000542/2018_4-1-14-14_shimin_houjin_shihonkinbetu_gimusya_tyouteigaku.csv,,0,,,
,data-00000550,,,1403,active,2021-02-25T21:10:00,,一般会計歳入予算決算額です。,CSV,,,,,1 財政 1-4-1　一般会計歳入予算決算額,2021-02-25T21:10:00,https://www.city.osaka.lg.jp/contents/wdu290/opendata/dataset/data-00000550/utf8_1-1-4-1.csv,,0,,,
,data-00000550,,,948,active,2021-02-25T21:10:00,,一般会計歳出予算決算額です。,CSV,,,,,1 財政 1-4-2　一般会計歳出予算決算額,2021-02-25T21:10:00,https://www.city.osaka.lg.jp/contents/wdu290/opendata/dataset/data-00000550/utf8_1-1-4-2.csv,,1,,,
,data-00000550,,,960,active,2021-02-25T21:10:00,,特別会計予算歳入決算額です。,CSV,,,,,1 財政 1-4-3　特別会計歳入予算決算額,2021-02-25T21:10:00,https://www.city.osaka.lg.jp/contents/wdu290/opendata/dataset/data-00000550/utf8_1-1-4-3.csv,,2,,,
,data-00000550,,,931,active,2021-02-25T21:10:00,,特別会計歳出予算決算額です。,CSV,,,,,1 財政 1-4-4　特別会計歳出予算決算額,2021-02-25T21:10:00,https://www.city.osaka.lg.jp/contents/wdu290/opendata/dataset/data-00000550/utf8_1-1-4-4.csv,,3,,,
,data-00000550,,,2267,active,2021-02-25T21:10:00,,一般会計歳入決算額累年比較です。,CSV,,,,,1 財政 2-2-1　一般会計歳入決算額累年比較,2021-02-25T21:10:00,https://www.city.osaka.lg.jp/contents/wdu290/opendata/dataset/data-00000550/utf8_1-2-2-1.csv,,4,,,
,data-00000550,,,1880,active,2021-02-25T21:10:00,,一般会計歳出決算額累年比較です。,CSV,,,,,1 財政 2-2-2　一般会計歳出決算額累年比較,2021-02-25T21:10:00,https://www.city.osaka.lg.jp/contents/wdu290/opendata/dataset/data-00000550/utf8_1-2-2-2.csv,,5,,,
,data-00000550,,,7767,active,2021-02-25T21:10:00,,平成30年度市税予算額補正推移です。,CSV,,,,,2 市税予算 1-1　平成30年度市税予算額補正推移,2021-02-25T21:10:00,https://www.city.osaka.lg.jp/contents/wdu290/opendata/dataset/data-00000550/utf8_2-1-1.csv,,6,,,
,data-00000550,,,12660,active,2021-02-25T21:10:00,,当初予算額累年比較です。,CSV,,,,,2 市税予算 2-3-1　当初予算額累年比較,2021-02-25T21:10:00,https://www.city.osaka.lg.jp/contents/wdu290/opendata/dataset/data-00000550/utf8_2-2-3-1.csv,,7,,,
,data-00000550,,,12682,active,2021-02-25T21:10:00,,最終予算額累年比較です。,CSV,,,,,2 市税予算 2-3-2　最終予算額累年比較,2021-02-25T21:10:00,https://www.city.osaka.lg.jp/contents/wdu290/opendata/dataset/data-00000550/utf8_2-2-3-2.csv,,8,,,
,data-00000550,,,5494,active,2021-02-25T21:10:00,,市税予算、決算額等累年比較です。,CSV,,,,,2 市税予算 2-3-3　市税予算、決算額等累年比較,2021-02-25T21:10:00,https://www.city.osaka.lg.jp/contents/wdu290/opendata/dataset/data-00000550/utf8_2-2-3-3.csv,,9,,,
,data-00000550,,,3584,active,2021-02-25T21:10:00,,市税決算額累年比較（昭和20年度～昭和24年度）です。,CSV,,,,,3 税収入 1-17-1　市税決算額累年比較（昭和20年度～昭和24年度）,2021-02-25T21:10:00,https://www.city.osaka.lg.jp/contents/wdu290/opendata/dataset/data-00000550/utf8_3-1-17-1.csv,,10,,,
,data-00000550,,,10294,active,2021-02-25T21:10:00,,市税決算額累年比較（昭和25年度～昭和29年度）です。,CSV,,,,,3 税収入 1-17-2　市税決算額累年比較（昭和25年度～昭和29年度）,2021-02-25T21:10:00,https://www.city.osaka.lg.jp/contents/wdu290/opendata/dataset/data-00000550/utf8_3-1-17-2.csv,,11,,,
,data-00000550,,,13132,active,2021-02-25T21:10:00,,市税決算額累年比較（昭和30年度～昭和34年度）です。,CSV,,,,,3 税収入 1-17-3　市税決算額累年比較（昭和30年度～昭和34年度）,2021-02-25T21:10:00,https://www.city.osaka.lg.jp/contents/wdu290/opendata/dataset/data-00000550/utf8_3-1-17-3.csv,,12,,,
,data-00000550,,,12757,active,2021-02-25T21:10:00,,市税決算額累年比較（昭和35年度～昭和39年度）です。,CSV,,,,,3 税収入 1-17-4　市税決算額累年比較（昭和35年度～昭和39年度）,2021-02-25T21:10:00,https://www.city.osaka.lg.jp/contents/wdu290/opendata/dataset/data-00000550/utf8_3-1-17-4.csv,,13,,,
,data-00000550,,,13698,active,2021-02-25T21:10:00,,市税決算額累年比較（昭和40年度～昭和44年度）です。,CSV,,,,,3 税収入 1-17-5　市税決算額累年比較（昭和40年度～昭和44年度）,2021-02-25T21:10:00,https://www.city.osaka.lg.jp/contents/wdu290/opendata/dataset/data-00000550/utf8_3-1-17-5.csv,,14,,,
,data-00000550,,,13892,active,2021-02-25T21:10:00,,市税決算額累年比較（昭和45年度～昭和49年度）です。,CSV,,,,,3 税収入 1-17-6　市税決算額累年比較（昭和45年度～昭和49年度）,2021-02-25T21:10:00,https://www.city.osaka.lg.jp/contents/wdu290/opendata/dataset/data-00000550/utf8_3-1-17-6.csv,,15,,,
,data-00000550,,,14751,active,2021-02-25T21:10:00,,市税決算額累年比較（昭和50年度～昭和54年度）です。,CSV,,,,,3 税収入 1-17-7　市税決算額累年比較（昭和50年度～昭和54年度）,2021-02-25T21:10:00,https://www.city.osaka.lg.jp/contents/wdu290/opendata/dataset/data-00000550/utf8_3-1-17-7.csv,,16,,,
,data-00000550,,,14950,active,2021-02-25T21:10:00,,市税決算額累年比較（昭和55年度～昭和59年度）です。,CSV,,,,,3 税収入 1-17-8　市税決算額累年比較（昭和55年度～昭和59年度）,2021-02-25T21:10:00,https://www.city.osaka.lg.jp/contents/wdu290/opendata/dataset/data-00000550/utf8_3-1-17-8.csv,,17,,,
,data-00000550,,,12843,active,2021-02-25T21:10:00,,市税決算額累年比較（昭和60年度～昭和63年度）です。,CSV,,,,,3 税収入 1-17-9　市税決算額累年比較（昭和60年度～昭和63年度）,2021-02-25T21:10:00,https://www.city.osaka.lg.jp/contents/wdu290/opendata/dataset/data-00000550/utf8_3-1-17-9.csv,,18,,,
,data-00000550,,,13130,active,2021-02-25T21:10:00,,市税決算額累年比較（平成元年度～平成4年度）です。,CSV,,,,,3 税収入 1-17-10　市税決算額累年比較（平成元年度～平成4年度）,2021-02-25T21:10:00,https://www.city.osaka.lg.jp/contents/wdu290/opendata/dataset/data-00000550/utf8_3-1-17-10.csv,,19,,,
,data-00000550,,,12440,active,2021-02-25T21:10:00,,市税決算額累年比較（平成5年度～平成8年度）です。,CSV,,,,,3 税収入 1-17-11　市税決算額累年比較（平成5年度～平成8年度）,2021-02-25T21:10:00,https://www.city.osaka.lg.jp/contents/wdu290/opendata/dataset/data-00000550/utf8_3-1-17-11.csv,,20,,,
,data-00000550,,,11343,active,2021-02-25T21:10:00,,市税決算額累年比較（平成9年度～平成12年度）です。,CSV,,,,,3 税収入 1-17-12　市税決算額累年比較（平成9年度～平成12年度）,2021-02-25T21:10:00,https://www.city.osaka.lg.jp/contents/wdu290/opendata/dataset/data-00000550/utf8_3-1-17-12.csv,,21,,,
,data-00000550,,,11467,active,2021-02-25T21:10:00,,市税決算額累年比較（平成13年度～平成16年度）です。,CSV,,,,,3 税収入 1-17-13　市税決算額累年比較（平成13年度～平成16年度）,2021-02-25T21:10:00,https://www.city.osaka.lg.jp/contents/wdu290/opendata/dataset/data-00000550/utf8_3-1-17-13.csv,,22,,,
,data-00000550,,,11599,active,2021-02-25T21:10:00,,市税決算額累年比較（平成17年度～平成20年度）です。,CSV,,,,,3 税収入 1-17-14　市税決算額累年比較（平成17年度～平成20年度）,2021-02-25T21:10:00,https://www.city.osaka.lg.jp/contents/wdu290/opendata/dataset/data-00000550/utf8_3-1-17-14.csv,,23,,,
,data-00000550,,,11178,active,2021-02-25T21:10:00,,市税決算額累年比較（平成21年度～平成24年度）です。,CSV,,,,,3 税収入 1-17-15　市税決算額累年比較（平成21年度～平成24年度）,2021-02-25T21:10:00,https://www.city.osaka.lg.jp/contents/wdu290/opendata/dataset/data-00000550/utf8_3-1-17-15.csv,,24,,,
,data-00000550,,,13269,active,2021-02-25T21:10:00,,市税決算額累年比較（平成25年度～平成28年度）です。,CSV,,,,,3 税収入 1-17-16　市税決算額累年比較（平成25年度～平成28年度）,2021-02-25T21:10:00,https://www.city.osaka.lg.jp/contents/wdu290/opendata/dataset/data-00000550/utf8_3-1-17-16.csv,,25,,,
,data-00000550,,,7084,active,2021-02-25T21:10:00,,市税決算額累年比較（平成29年度～平成30年度）です。,CSV,,,,,3 税収入 1-17-17　市税決算額累年比較（平成29年度～平成30年度）,2021-02-25T21:10:00,https://www.city.osaka.lg.jp/contents/wdu290/opendata/dataset/data-00000550/utf8_3-1-17-17.csv,,26,,,
,data-00000550,,,4380,active,2021-02-25T21:10:00,,市税決算額累年比較（各区別明細）です。,CSV,,,,,3 税収入 1-1　市税決算額累年比較（各区別明細）,2021-02-25T21:10:00,https://www.city.osaka.lg.jp/contents/wdu290/opendata/dataset/data-00000550/utf8_3-1-1.csv,,27,,,
,data-00000550,,,20467,active,2021-02-25T21:10:00,,平成30年度月別調定額及び収入額です。,CSV,,,,,3 税収入 2-1　平成30年度月別調定額及び収入額,2021-02-25T21:10:00,https://www.city.osaka.lg.jp/contents/wdu290/opendata/dataset/data-00000550/utf8_3-2-1.csv,,28,,,
,data-00000550,,,4072,active,2021-02-25T21:10:00,,市税徴収整理状況等（納付状況累年比較）です。,CSV,,,,,3 税収入 3-2-1　市税徴収整理状況等（納付状況累年比較）,2021-02-25T21:10:00,https://www.city.osaka.lg.jp/contents/wdu290/opendata/dataset/data-00000550/utf8_3-3-2-1.csv,,29,,,
,data-00000550,,,6128,active,2021-02-25T21:10:00,,市税徴収整理状況等（納付状況調）です。,CSV,,,,,3 税収入 3-2-2　市税徴収整理状況等（納付状況調）,2021-02-25T21:10:00,https://www.city.osaka.lg.jp/contents/wdu290/opendata/dataset/data-00000550/utf8_3-3-2-2.csv,,30,,,
,data-00000550,,,2995,active,2021-02-25T21:10:00,,税目別増減収寄与率（昭和26年～昭和33年）です。,CSV,,,,,3 税収入 4-11-1　税目別増減収寄与率（昭和26年～昭和33年）,2021-02-25T21:10:00,https://www.city.osaka.lg.jp/contents/wdu290/opendata/dataset/data-00000550/utf8_3-4-11-1.csv,,31,,,
,data-00000550,,,3111,active,2021-02-25T21:10:00,,税目別増減収寄与率（昭和34年～昭和41年）です。,CSV,,,,,3 税収入 4-11-2　税目別増減収寄与率（昭和34年～昭和41年）,2021-02-25T21:10:00,https://www.city.osaka.lg.jp/contents/wdu290/opendata/dataset/data-00000550/utf8_3-4-11-2.csv,,32,,,
,data-00000550,,,2993,active,2021-02-25T21:10:00,,税目別増減収寄与率（昭和42年～昭和48年）です。,CSV,,,,,3 税収入 4-11-3　税目別増減収寄与率（昭和42年～昭和48年）,2021-02-25T21:10:00,https://www.city.osaka.lg.jp/contents/wdu290/opendata/dataset/data-00000550/utf8_3-4-11-3.csv,,33,,,
,data-00000550,,,3677,active,2021-02-25T21:10:00,,税目別増減収寄与率（昭和49年～昭和57年）です。,CSV,,,,,3 税収入 4-11-4　税目別増減収寄与率（昭和49年～昭和57年）,2021-02-25T21:10:00,https://www.city.osaka.lg.jp/contents/wdu290/opendata/dataset/data-00000550/utf8_3-4-11-4.csv,,34,,,
,data-00000550,,,2640,active,2021-02-25T21:10:00,,税目別増減収寄与率（昭和58年～昭和63年）です。,CSV,,,,,3 税収入 4-11-5　税目別増減収寄与率（昭和58年～昭和63年）,2021-02-25T21:10:00,https://www.city.osaka.lg.jp/contents/wdu290/opendata/dataset/data-00000550/utf8_3-4-11-5.csv,,35,,,
,data-00000550,,,1209,active,2021-02-25T21:10:00,,税目別増減収寄与率（平成元年～平成2年）です。,CSV,,,,,3 税収入 4-11-6　税目別増減収寄与率（平成元年～平成2年）,2021-02-25T21:10:00,https://www.city.osaka.lg.jp/contents/wdu290/opendata/dataset/data-00000550/utf8_3-4-11-6.csv,,36,,,
,data-00000550,,,3290,active,2021-02-25T21:10:00,,税目別増減収寄与率（平成3年～平成10年）です。,CSV,,,,,3 税収入 4-11-7　税目別増減収寄与率（平成3年～平成10年）,2021-02-25T21:10:00,https://www.city.osaka.lg.jp/contents/wdu290/opendata/dataset/data-00000550/utf8_3-4-11-7.csv,,37,,,
,data-00000550,,,2254,active,2021-02-25T21:10:00,,税目別増減収寄与率（平成11年～平成15年）です。,CSV,,,,,3 税収入 4-11-8　税目別増減収寄与率（平成11年～平成15年）,2021-02-25T21:10:00,https://www.city.osaka.lg.jp/contents/wdu290/opendata/dataset/data-00000550/utf8_3-4-11-8.csv,,38,,,
,data-00000550,,,1842,active,2021-02-25T21:10:00,,税目別増減収寄与率（平成16年～平成19年）です。,CSV,,,,,3 税収入 4-11-9　税目別増減収寄与率（平成16年～平成19年）,2021-02-25T21:10:00,https://www.city.osaka.lg.jp/contents/wdu290/opendata/dataset/data-00000550/utf8_3-4-11-9.csv,,39,,,
,data-00000550,,,2835,active,2021-02-25T21:10:00,,税目別増減収寄与率（平成20年～平成26年）です。,CSV,,,,,3 税収入 4-11-10　税目別増減収寄与率（平成20年～平成26年）,2021-02-25T21:10:00,https://www.city.osaka.lg.jp/contents/wdu290/opendata/dataset/data-00000550/utf8_3-4-11-10.csv,,40,,,
,data-00000550,,,1755,active,2021-02-25T21:10:00,,税目別増減収寄与率（平成27年～平成30年）です。,CSV,,,,,3 税収入 4-11-11　税目別増減収寄与率（平成27年～平成30年）,2021-02-25T21:10:00,https://www.city.osaka.lg.jp/contents/wdu290/opendata/dataset/data-00000550/utf8_3-4-11-11.csv,,41,,,
,data-00000550,,,2063,active,2021-02-25T21:10:00,,市民税（個人1）です。,CSV,,,,,4 課税標準等 1-14-1　市民税（個人1）,2021-02-25T21:10:00,https://www.city.osaka.lg.jp/contents/wdu290/opendata/dataset/data-00000550/utf8_4-1-14-1.csv,,42,,,
,data-00000550,,,1870,active,2021-02-25T21:10:00,,市民税（個人2）です。,CSV,,,,,4 課税標準等 1-14-2　市民税（個人2）,2021-02-25T21:10:00,https://www.city.osaka.lg.jp/contents/wdu290/opendata/dataset/data-00000550/utf8_4-1-14-2.csv,,43,,,
,data-00000550,,,2060,active,2021-02-25T21:10:00,,市民税（個人3）です。,CSV,,,,,4 課税標準等 1-14-3　市民税（個人3）,2021-02-25T21:10:00,https://www.city.osaka.lg.jp/contents/wdu290/opendata/dataset/data-00000550/utf8_4-1-14-3.csv,,44,,,
,data-00000550,,,971,active,2021-02-25T21:10:00,,市民税（法人1）です。,CSV,,,,,4 課税標準等 1-14-4　市民税（法人1）,2021-02-25T21:10:00,https://www.city.osaka.lg.jp/contents/wdu290/opendata/dataset/data-00000550/utf8_4-1-14-4.csv,,45,,,
,data-00000550,,,971,active,2021-02-25T21:10:00,,市民税（法人2）です。,CSV,,,,,4 課税標準等 1-14-5　市民税（法人2）,2021-02-25T21:10:00,https://www.city.osaka.lg.jp/contents/wdu290/opendata/dataset/data-00000550/utf8_4-1-14-5.csv,,46,,,
,data-00000550,,,2113,active,2021-02-25T21:10:00,,市民税（法人3）です。,CSV,,,,,4 課税標準等 1-14-6　市民税（法人3）,2021-02-25T21:10:00,https://www.city.osaka.lg.jp/contents/wdu290/opendata/dataset/data-00000550/utf8_4-1-14-6.csv,,47,,,
,data-00000550,,,4827,active,2021-02-25T21:10:00,,市民税（法人4）です。,CSV,,,,,4 課税標準等 1-14-7　市民税（法人4）,2021-02-25T21:10:00,https://www.city.osaka.lg.jp/contents/wdu290/opendata/dataset/data-00000550/utf8_4-1-14-7.csv,,48,,,
,data-00000550,,,4326,active,2021-02-25T21:10:00,,市民税（法人5）です。,CSV,,,,,4 課税標準等 1-14-8　市民税（法人5）,2021-02-25T21:10:00,https://www.city.osaka.lg.jp/contents/wdu290/opendata/dataset/data-00000550/utf8_4-1-14-8.csv,,49,,,
,data-00000550,,,5314,active,2021-02-25T21:10:00,,市民税（法人6）です。,CSV,,,,,4 課税標準等 1-14-9　市民税（法人6）,2021-02-25T21:10:00,https://www.city.osaka.lg.jp/contents/wdu290/opendata/dataset/data-00000550/utf8_4-1-14-9.csv,,50,,,
,data-00000550,,,1999,active,2021-02-25T21:10:00,,市民税（法人7）です。,CSV,,,,,4 課税標準等 1-14-10　市民税（法人7）,2021-02-25T21:10:00,https://www.city.osaka.lg.jp/contents/wdu290/opendata/dataset/data-00000550/utf8_4-1-14-10.csv,,51,,,
,data-00000550,,,1366,active,2021-02-25T21:10:00,,市民税（法人8）です。,CSV,,,,,4 課税標準等 1-14-11　市民税（法人8）,2021-02-25T21:10:00,https://www.city.osaka.lg.jp/contents/wdu290/opendata/dataset/data-00000550/utf8_4-1-14-11.csv,,52,,,
,data-00000550,,,2023,active,2021-02-25T21:10:00,,市民税（法人9）です。,CSV,,,,,4 課税標準等 1-14-12　市民税（法人9）,2021-02-25T21:10:00,https://www.city.osaka.lg.jp/contents/wdu290/opendata/dataset/data-00000550/utf8_4-1-14-12.csv,,53,,,
,data-00000550,,,1530,active,2021-02-25T21:10:00,,市民税（法人10）です。,CSV,,,,,4 課税標準等 1-14-13　市民税（法人10）,2021-02-25T21:10:00,https://www.city.osaka.lg.jp/contents/wdu290/opendata/dataset/data-00000550/utf8_4-1-14-13.csv,,54,,,
,data-00000550,,,1278,active,2021-02-25T21:10:00,,市民税（法人11）です。,CSV,,,,,4 課税標準等 1-14-14　市民税（法人11）,2021-02-25T21:10:00,https://www.city.osaka.lg.jp/contents/wdu290/opendata/dataset/data-00000550/utf8_4-1-14-14.csv,,55,,,
,data-00000550,,,1127,active,2021-02-25T21:10:00,,固定資産税（1）1です。,CSV,,,,,4 課税標準等 2-13-1　固定資産税（1）1,2021-02-25T21:10:00,https://www.city.osaka.lg.jp/contents/wdu290/opendata/dataset/data-00000550/utf8_4-2-13-1.csv,,56,,,
,data-00000550,,,1033,active,2021-02-25T21:10:00,,固定資産税（1）2です。,CSV,,,,,4 課税標準等 2-13-2　固定資産税（1）2,2021-02-25T21:10:00,https://www.city.osaka.lg.jp/contents/wdu290/opendata/dataset/data-00000550/utf8_4-2-13-2.csv,,57,,,
,data-00000550,,,728,active,2021-02-25T21:10:00,,固定資産税（1）3です。,CSV,,,,,4 課税標準等 2-13-3　固定資産税（1）3,2021-02-25T21:10:00,https://www.city.osaka.lg.jp/contents/wdu290/opendata/dataset/data-00000550/utf8_4-2-13-3.csv,,58,,,
,data-00000550,,,4727,active,2021-02-25T21:10:00,,固定資産税（1）4です。,CSV,,,,,4 課税標準等 2-13-4　固定資産税（1）4,2021-02-25T21:10:00,https://www.city.osaka.lg.jp/contents/wdu290/opendata/dataset/data-00000550/utf8_4-2-13-4.csv,,59,,,
,data-00000550,,,1221,active,2021-02-25T21:10:00,,固定資産税（1）5です。,CSV,,,,,4 課税標準等 2-13-5　固定資産税（1）5,2021-02-25T21:10:00,https://www.city.osaka.lg.jp/contents/wdu290/opendata/dataset/data-00000550/utf8_4-2-13-5.csv,,60,,,
,data-00000550,,,2097,active,2021-02-25T21:10:00,,固定資産税（1）6です。,CSV,,,,,4 課税標準等 2-13-6　固定資産税（1）6,2021-02-25T21:10:00,https://www.city.osaka.lg.jp/contents/wdu290/opendata/dataset/data-00000550/utf8_4-2-13-6.csv,,61,,,
,data-00000550,,,2538,active,2021-02-25T21:10:00,,固定資産税（1）7です。,CSV,,,,,4 課税標準等 2-13-7　固定資産税（1）7,2021-02-25T21:10:00,https://www.city.osaka.lg.jp/contents/wdu290/opendata/dataset/data-00000550/utf8_4-2-13-7.csv,,62,,,
,data-00000550,,,1436,active,2021-02-25T21:10:00,,固定資産税（1）8です。,CSV,,,,,4 課税標準等 2-13-8　固定資産税（1）8,2021-02-25T21:10:00,https://www.city.osaka.lg.jp/contents/wdu290/opendata/dataset/data-00000550/utf8_4-2-13-8.csv,,63,,,
,data-00000550,,,3160,active,2021-02-25T21:10:00,,固定資産税（2）1です。,CSV,,,,,4 課税標準等 2-13-9　固定資産税（2）1,2021-02-25T21:10:00,https://www.city.osaka.lg.jp/contents/wdu290/opendata/dataset/data-00000550/utf8_4-2-13-9.csv,,64,,,
,data-00000550,,,1600,active,2021-02-25T21:10:00,,固定資産税（2）2です。,CSV,,,,,4 課税標準等 2-13-10　固定資産税（2）2,2021-02-25T21:10:00,https://www.city.osaka.lg.jp/contents/wdu290/opendata/dataset/data-00000550/utf8_4-2-13-10.csv,,65,,,
,data-00000550,,,2816,active,2021-02-25T21:10:00,,固定資産税（2）3です。,CSV,,,,,4 課税標準等 2-13-11　固定資産税（2）3,2021-02-25T21:10:00,https://www.city.osaka.lg.jp/contents/wdu290/opendata/dataset/data-00000550/utf8_4-2-13-11.csv,,66,,,
,data-00000550,,,1812,active,2021-02-25T21:10:00,,固定資産税（2）4です。,CSV,,,,,4 課税標準等 2-13-12　固定資産税（2）4,2021-02-25T21:10:00,https://www.city.osaka.lg.jp/contents/wdu290/opendata/dataset/data-00000550/utf8_4-2-13-12.csv,,67,,,
,data-00000550,,,2282,active,2021-02-25T21:10:00,,固定資産税（2）5です。,CSV,,,,,4 課税標準等 2-13-13　固定資産税（2）5,2021-02-25T21:10:00,https://www.city.osaka.lg.jp/contents/wdu290/opendata/dataset/data-00000550/utf8_4-2-13-13.csv,,68,,,
,data-00000550,,,3582,active,2021-02-25T21:10:00,,軽自動車税1です。,CSV,,,,,4 課税標準等 3-2-1　軽自動車税1,2021-02-25T21:10:00,https://www.city.osaka.lg.jp/contents/wdu290/opendata/dataset/data-00000550/utf8_4-3-2-1.csv,,69,,,
,data-00000550,,,6297,active,2021-02-25T21:10:00,,軽自動車税2です。,CSV,,,,,4 課税標準等 3-2-2　軽自動車税2,2021-02-25T21:10:00,https://www.city.osaka.lg.jp/contents/wdu290/opendata/dataset/data-00000550/utf8_4-3-2-2.csv,,70,,,
,data-00000550,,,595,active,2021-02-25T21:10:00,,市たばこ消費税です。,CSV,,,,,4 課税標準等 4-2-1　市たばこ消費税,2021-02-25T21:10:00,https://www.city.osaka.lg.jp/contents/wdu290/opendata/dataset/data-00000550/utf8_4-4-2-1.csv,,71,,,
,data-00000550,,,1345,active,2021-02-25T21:10:00,,市たばこ税です。,CSV,,,,,4 課税標準等 4-2-2　市たばこ税,2021-02-25T21:10:00,https://www.city.osaka.lg.jp/contents/wdu290/opendata/dataset/data-00000550/utf8_4-4-2-2.csv,,72,,,
,data-00000550,,,296,active,2021-02-25T21:10:00,,入湯税です。,CSV,,,,,4 課税標準等 5-1　入湯税,2021-02-25T21:10:00,https://www.city.osaka.lg.jp/contents/wdu290/opendata/dataset/data-00000550/utf8_4-5-1.csv,,73,,,
,data-00000550,,,2130,active,2021-02-25T21:10:00,,事業所税です。,CSV,,,,,4 課税標準等 6-1　事業所税,2021-02-25T21:10:00,https://www.city.osaka.lg.jp/contents/wdu290/opendata/dataset/data-00000550/utf8_4-6-1.csv,,74,,,
,data-00000550,,,1027,active,2021-02-25T21:10:00,,都市計画税1です。,CSV,,,,,4 課税標準等 7-3-1　都市計画税1,2021-02-25T21:10:00,https://www.city.osaka.lg.jp/contents/wdu290/opendata/dataset/data-00000550/utf8_4-7-3-1.csv,,75,,,
,data-00000550,,,1140,active,2021-02-25T21:10:00,,都市計画税2です。,CSV,,,,,4 課税標準等 7-3-2　都市計画税2,2021-02-25T21:10:00,https://www.city.osaka.lg.jp/contents/wdu290/opendata/dataset/data-00000550/utf8_4-7-3-2.csv,,76,,,
,data-00000550,,,2453,active,2021-02-25T21:10:00,,都市計画税3です。,CSV,,,,,4 課税標準等 7-3-3　都市計画税3,2021-02-25T21:10:00,https://www.city.osaka.lg.jp/contents/wdu290/opendata/dataset/data-00000550/utf8_4-7-3-3.csv,,77,,,
,data-00000550,,,1442,active,2021-02-25T21:10:00,,滞納繰越賦課年度別収入状況です。,CSV,,,,,5 滞納整理 1-1　滞納繰越賦課年度別収入状況,2021-02-25T21:10:00,https://www.city.osaka.lg.jp/contents/wdu290/opendata/dataset/data-00000550/utf8_5-1-1.csv,,78,,,
,data-00000550,,,1880,active,2021-02-25T21:10:00,,不能欠損処理状況です。,CSV,,,,,5 滞納整理 2-1　不能欠損処理状況,2021-02-25T21:10:00,https://www.city.osaka.lg.jp/contents/wdu290/opendata/dataset/data-00000550/utf8_5-2-1.csv,,79,,,
,data-00000550,,,1310,active,2021-02-25T21:10:00,,滞納処分の停止事由内訳です。,CSV,,,,,5 滞納整理 3-1　滞納処分の停止事由内訳,2021-02-25T21:10:00,https://www.city.osaka.lg.jp/contents/wdu290/opendata/dataset/data-00000550/utf8_5-3-1.csv,,80,,,
,data-00000550,,,2469,active,2021-02-25T21:10:00,,国税・地方税負担額累年比較です。,CSV,,,,,6 税負担額 1-1　国税・地方税負担額累年比較,2021-02-25T21:10:00,https://www.city.osaka.lg.jp/contents/wdu290/opendata/dataset/data-00000550/utf8_6-1-1.csv,,81,,,
,data-00000550,,,2723,active,2021-02-25T21:10:00,,市税負担額累年比較です。,CSV,,,,,6 税負担額 2-1　市税負担額累年比較,2021-02-25T21:10:00,https://www.city.osaka.lg.jp/contents/wdu290/opendata/dataset/data-00000550/utf8_6-2-1.csv,,82,,,
,data-00000550,,,6635,active,2021-02-25T21:10:00,,各区別決算額調です。,CSV,,,,,7 税外収入 1-1　各区別決算額調,2021-02-25T21:10:00,https://www.city.osaka.lg.jp/contents/wdu290/opendata/dataset/data-00000550/utf8_7-1-1.csv,,83,,,
,data-00000550,,,1297,active,2021-02-25T21:10:00,,微税費です。,CSV,,,,,9 税務 3-1　微税費,2021-02-25T21:10:00,https://www.city.osaka.lg.jp/contents/wdu290/opendata/dataset/data-00000550/utf8_9-3-1.csv,,84,,,
,data-00000550,,,3047,active,2021-02-25T21:10:00,,納税貯蓄組合1です。,CSV,,,,,9 税務 5-2-1　納税貯蓄組合1,2021-02-25T21:10:00,https://www.city.osaka.lg.jp/contents/wdu290/opendata/dataset/data-00000550/utf8_9-5-2-1.csv,,85,,,
,data-00000550,,,4576,active,2021-02-25T21:10:00,,納税貯蓄組合2です。,CSV,,,,,9 税務 5-2-2　納税貯蓄組合2,2021-02-25T21:10:00,https://www.city.osaka.lg.jp/contents/wdu290/opendata/dataset/data-00000550/utf8_9-5-2-2.csv,,86,,,
,data-00000550,,,2133,active,2021-02-25T21:10:00,,市税口座振替利用状況調です。,CSV,,,,,9 税務 6-1　市税口座振替利用状況調,2021-02-25T21:10:00,https://www.city.osaka.lg.jp/contents/wdu290/opendata/dataset/data-00000550/utf8_9-6-1.csv,,87,,,
,data-00000551,,,114154,active,2021-08-17T03:15:00,,平成22（2010）年から令和元（2019）年に大阪市に寄せられた市民の声の分類（分野）別の受付件数推移です。,CSV,,,,,市民の声大分類別受付件数の推移（2010年～2019年）,2021-08-17T03:15:00,https://www.city.osaka.lg.jp/contents/wdu290/opendata/dataset/data-00000551/shimin_nokoe.csv,,0,,,
,data-00000552,,,194106,active,2021-02-03T22:03:30,,調査期間・令和2年7月28日（火曜日）～ 7月30日（木曜日）、回答者数：500名,CSV,,,,,民間ネット調査「大阪市の住宅施策に関する調査」ローデータ,2021-02-03T22:03:30,https://www.city.osaka.lg.jp/contents/wdu290/opendata/dataset/data-00000552/03_lawdata.csv,,0,,,
,data-00000553,,,1844,active,2024-04-19T00:00:00,,,CSV,,,,,外郭団体一覧 (令和6年4月1日現在),2021-11-08T03:49:32,https://www.city.osaka.lg.jp/contents/wdu290/opendata/dataset/data-00000553/gaikakuichiran240401.csv,,0,,,
,data-00000554,,,550,active,2021-02-12T01:51:53,,,CSV,,,,,浪速区内の社寺一覧（2021年1月時点）,2021-02-12T01:51:53,https://www.city.osaka.lg.jp/contents/wdu290/opendata/dataset/data-00000554/syaji_open.csv,,0,,,
,data-00000555,,,652,active,2021-02-12T01:51:53,,,CSV,,,,,浪速区投票所一覧（2021年1月時点）,2021-02-12T01:51:53,https://www.city.osaka.lg.jp/contents/wdu290/opendata/dataset/data-00000555/touhyousyo_open.csv,,0,,,
,data-00000556,,,1146,active,2022-05-09T02:01:53,,人口・世帯数は国勢調査による,CSV,,,,,東淀川区の人口・世帯数推移（1960年～2015年）,2021-02-12T02:01:53,https://www.city.osaka.lg.jp/contents/wdu290/opendata/dataset/data-00000556/jinkousuii.csv,,0,,,
,data-00000557,,,1329,active,2022-05-10T02:01:53,,人口・世帯数は国勢調査による,CSV,,,,,東淀川区の連合別人口・世帯（平成27年10月1日、令和2年10月1日）,2021-02-12T02:01:53,https://www.city.osaka.lg.jp/contents/wdu290/opendata/dataset/data-00000557/regoubetu.csv,,0,,,
,data-00000558,,,8198,active,2022-05-09T02:01:53,,人口・世帯数は国勢調査による,CSV,,,,,東淀川区の町丁目別人口・世帯（平成27年10月1日・令和2年10月1日）,2021-02-12T02:01:53,https://www.city.osaka.lg.jp/contents/wdu290/opendata/dataset/data-00000558/choumokubetu.csv,,0,,,
,data-00000559,,,1318,active,2022-05-10T02:01:53,,西淡路小学校と淡路小学校は平成28年4月1日に統合し、西淡路小学校となりました。集計単位である基本調査区が複数の小学校区にまたがっている場合は、推計により世帯数及び人口を算出しています。推計により算出した小学校区は（※）で表しています。,CSV,,,,,東淀川区の小学校区別人口・世帯（平成27年10月1日・令和2年10月1日）,2021-02-12T02:01:53,https://www.city.osaka.lg.jp/contents/wdu290/opendata/dataset/data-00000559/shougakkoukubetu.csv,,0,,,
,data-00000560,,,1149,active,2026-07-07T12:14:36,,,CSV,,,,,年齢別推計人口【年齢5歳階級別】（令和8年4月1日現在）,2026-07-07T12:14:36,https://www.city.osaka.lg.jp/contents/wdu290/opendata/dataset/data-00000560/nenreibetu_5sai.csv,,0,,,
,data-00000560,,,321,active,2026-07-07T12:14:36,,,CSV,,,,,年齢別推計人口【年齢3区分別】（令和8年4月1日現在）,2026-07-07T12:14:36,https://www.city.osaka.lg.jp/contents/wdu290/opendata/dataset/data-00000560/nenreibetu_3kubun.csv,,1,,,
,data-00000561,,,3974,active,2021-02-04T02:54:32,,,CSV,,,,,第4表　31mを超える防火対象物の現況(署別),2021-02-04T02:54:32,https://www.city.osaka.lg.jp/contents/wdu290/opendata/dataset/data-00000561/4syobetu.csv,,0,,,
,data-00000561,,,6493,active,2021-02-04T02:54:32,,,CSV,,,,,第4表　31mを超える防火対象物の現況(用途別),2021-02-04T02:54:32,https://www.city.osaka.lg.jp/contents/wdu290/opendata/dataset/data-00000561/4youtobetu.csv,,1,,,
,data-00000561,,,574,active,2021-02-04T02:54:32,,,CSV,,,,,第5表　地下街の概況,2021-02-04T02:54:32,https://www.city.osaka.lg.jp/contents/wdu290/opendata/dataset/data-00000561/5.csv,,2,,,
,data-00000561,,,2253,active,2021-02-04T02:54:32,,,CSV,,,,,第6表　統括防火・防災管理者の選解任届出状況及び全体についての消防計画届出状況（項別）,2021-02-04T02:54:32,https://www.city.osaka.lg.jp/contents/wdu290/opendata/dataset/data-00000561/6koubetu.csv,,3,,,
,data-00000561,,,2011,active,2021-02-04T02:54:32,,,CSV,,,,,第7表　防火管理・防災管理・自衛消防組織設置対象物の現況(項別),2021-02-04T02:54:32,https://www.city.osaka.lg.jp/contents/wdu290/opendata/dataset/data-00000561/7.csv,,4,,,
,data-00000561,,,3817,active,2021-02-04T02:54:32,,,CSV,,,,,第1表　防火対象物の現況(規制対象物),2021-02-04T02:54:32,https://www.city.osaka.lg.jp/contents/wdu290/opendata/dataset/data-00000561/1.csv,,5,,,
,data-00000561,,,3978,active,2021-02-04T02:54:32,,,CSV,,,,,第2表　5階以上の建築物の現況(署別),2021-02-04T02:54:32,https://www.city.osaka.lg.jp/contents/wdu290/opendata/dataset/data-00000561/2syobetu.csv,,6,,,
,data-00000561,,,5758,active,2021-02-04T02:54:32,,,CSV,,,,,第3表　5階以上の建築物の現況(署別),2021-02-04T02:54:32,https://www.city.osaka.lg.jp/contents/wdu290/opendata/dataset/data-00000561/3syobetu.csv,,7,,,
,data-00000561,,,6195,active,2021-02-04T02:54:32,,,CSV,,,,,第3表　5階以上の建築物の現況(用途別),2021-02-04T02:54:32,https://www.city.osaka.lg.jp/contents/wdu290/opendata/dataset/data-00000561/3youtobetu.csv,,8,,,
,data-00000561,,,1250,active,2021-02-04T02:54:32,,,CSV,,,,,第8表　危険物製造所等署別施設数,2021-02-04T02:54:32,https://www.city.osaka.lg.jp/contents/wdu290/opendata/dataset/data-00000561/8.csv,,9,,,
,data-00000561,,,1744,active,2021-02-04T02:54:32,,,CSV,,,,,第9表　危険物製造所等類別・倍数別施設数,2021-02-04T02:54:32,https://www.city.osaka.lg.jp/contents/wdu290/opendata/dataset/data-00000561/9.csv,,10,,,
,data-00000561,,,655,active,2021-02-04T02:54:32,,,CSV,,,,,第10表　屋外タンク貯蔵所（類別）,2021-02-04T02:54:32,https://www.city.osaka.lg.jp/contents/wdu290/opendata/dataset/data-00000561/10.csv,,11,,,
,data-00000561,,,595,active,2021-02-04T02:54:32,,,CSV,,,,,第11表　火薬類取締法規制対象施設等数（施設別）,2021-02-04T02:54:32,https://www.city.osaka.lg.jp/contents/wdu290/opendata/dataset/data-00000561/11.csv,,12,,,
,data-00000561,,,1111,active,2021-02-04T02:54:32,,,CSV,,,,,第12表　高圧ガス保安法規制対象施設等数（施設別）,2021-02-04T02:54:32,https://www.city.osaka.lg.jp/contents/wdu290/opendata/dataset/data-00000561/12.csv,,13,,,
,data-00000561,,,491,active,2021-02-04T02:54:32,,,CSV,,,,,第13表　液化石油ガス法規制対象施設等数（施設別）,2021-02-04T02:54:32,https://www.city.osaka.lg.jp/contents/wdu290/opendata/dataset/data-00000561/13.csv,,14,,,
,data-00000561,,,1669,active,2021-02-04T02:54:32,,,CSV,,,,,第14表  規制対象物の立入検査等の状況,2021-02-04T02:54:32,https://www.city.osaka.lg.jp/contents/wdu290/opendata/dataset/data-00000561/14.csv,,15,,,
,data-00000561,,,739,active,2021-02-04T02:54:32,,,CSV,,,,,第15表　危険物施設等の立入検査等の状況,2021-02-04T02:54:32,https://www.city.osaka.lg.jp/contents/wdu290/opendata/dataset/data-00000561/15.csv,,16,,,
,data-00000561,,,220,active,2021-02-04T02:54:32,,,CSV,,,,,第16表　火薬類取締法規制対象施設等の立入検査の状況,2021-02-04T02:54:32,https://www.city.osaka.lg.jp/contents/wdu290/opendata/dataset/data-00000561/16.csv,,17,,,
,data-00000561,,,533,active,2021-02-04T02:54:32,,,CSV,,,,,第17表　高圧ガス保安法規制対象施設等の立入検査の状況,2021-02-04T02:54:32,https://www.city.osaka.lg.jp/contents/wdu290/opendata/dataset/data-00000561/17.csv,,18,,,
,data-00000561,,,252,active,2021-02-04T02:54:32,,,CSV,,,,,第18表　液化石油ガス法規制対象施設等の立入検査の状況,2021-02-04T02:54:32,https://www.city.osaka.lg.jp/contents/wdu290/opendata/dataset/data-00000561/18.csv,,19,,,
,data-00000561,,,4514,active,2021-02-04T02:54:32,,,CSV,,,,,第19表　各種届出受付処理状況_条例届出事項,2021-02-04T02:54:32,https://www.city.osaka.lg.jp/contents/wdu290/opendata/dataset/data-00000561/19jyourei.csv,,20,,,
,data-00000561,,,2756,active,2021-02-04T02:54:32,,,CSV,,,,,第19表　各種届出受付処理状況_法令届出事項,2021-02-04T02:54:32,https://www.city.osaka.lg.jp/contents/wdu290/opendata/dataset/data-00000561/19hourei.csv,,21,,,
,data-00000561,,,1746,active,2021-02-04T02:54:32,,,CSV,,,,,第20表　過去5年間の火災状況,2021-02-04T02:54:32,https://www.city.osaka.lg.jp/contents/wdu290/opendata/dataset/data-00000561/20.csv,,22,,,
,data-00000561,,,2194,active,2021-02-04T02:54:32,,,CSV,,,,,第21表　行政区別火災状況,2021-02-04T02:54:32,https://www.city.osaka.lg.jp/contents/wdu290/opendata/dataset/data-00000561/21.csv,,23,,,
,data-00000561,,,3335,active,2021-02-04T02:54:32,,,CSV,,,,,第22表　月別・署別火災状況,2021-02-04T02:54:32,https://www.city.osaka.lg.jp/contents/wdu290/opendata/dataset/data-00000561/22.csv,,24,,,
,data-00000561,,,2372,active,2021-02-04T02:54:32,,,CSV,,,,,第23表　原因別火災状況(月別・署別),2021-02-04T02:54:32,https://www.city.osaka.lg.jp/contents/wdu290/opendata/dataset/data-00000561/23.csv,,25,,,
,data-00000561,,,3008,active,2021-02-04T02:54:32,,,CSV,,,,,第24表　月別・署別火災件数,2021-02-04T02:54:32,https://www.city.osaka.lg.jp/contents/wdu290/opendata/dataset/data-00000561/24.csv,,26,,,
,data-00000561,,,2084,active,2021-02-04T02:54:32,,,CSV,,,,,第25表　原因別火災状況(時間別),2021-02-04T02:54:32,https://www.city.osaka.lg.jp/contents/wdu290/opendata/dataset/data-00000561/25.csv,,27,,,
,data-00000561,,,12013,active,2021-02-04T02:54:32,,,CSV,,,,,第26表　原因別火災状況(被害別),2021-02-04T02:54:32,https://www.city.osaka.lg.jp/contents/wdu290/opendata/dataset/data-00000561/26.csv,,28,,,
,data-00000561,,,2218,active,2021-02-04T02:54:32,,,CSV,,,,,第27表    用途別火災状況(被害別),2021-02-04T02:54:32,https://www.city.osaka.lg.jp/contents/wdu290/opendata/dataset/data-00000561/27.csv,,29,,,
,data-00000561,,,6883,active,2021-02-04T02:54:32,,,CSV,,,,,第28表　用途別火災状況(月別・署別),2021-02-04T02:54:32,https://www.city.osaka.lg.jp/contents/wdu290/opendata/dataset/data-00000561/28.csv,,30,,,
,data-00000561,,,2835,active,2021-02-04T02:54:32,,,CSV,,,,,第29表　用途別火災状況(原因別),2021-02-04T02:54:32,https://www.city.osaka.lg.jp/contents/wdu290/opendata/dataset/data-00000561/29.csv,,31,,,
,data-00000561,,,13000,active,2021-02-04T02:54:32,,,CSV,,,,,第30表  建物火災における用途別火災状況(構造別),2021-02-04T02:54:32,https://www.city.osaka.lg.jp/contents/wdu290/opendata/dataset/data-00000561/30.csv,,32,,,
,data-00000561,,,3388,active,2021-02-04T02:54:32,,,CSV,,,,,第31表　用途別火災状況(時間別),2021-02-04T02:54:32,https://www.city.osaka.lg.jp/contents/wdu290/opendata/dataset/data-00000561/31.csv,,33,,,
,data-00000561,,,3495,active,2021-02-04T02:54:32,,,CSV,,,,,第32表　用途別火災状況(初期消火器具別),2021-02-04T02:54:32,https://www.city.osaka.lg.jp/contents/wdu290/opendata/dataset/data-00000561/32.csv,,34,,,
,data-00000561,,,1509,active,2021-02-04T02:54:32,,,CSV,,,,,第33表　日別火災状況,2021-02-04T02:54:32,https://www.city.osaka.lg.jp/contents/wdu290/opendata/dataset/data-00000561/33.csv,,35,,,
,data-00000561,,,1023,active,2021-02-04T02:54:32,,,CSV,,,,,第33表　日別火災状況_乾燥注意報発令された日,2021-02-04T02:54:32,https://www.city.osaka.lg.jp/contents/wdu290/opendata/dataset/data-00000561/33kansotuuihou.csv,,36,,,
,data-00000561,,,4108,active,2021-02-04T02:54:32,,,CSV,,,,,第34表  建物火災における階層別火災状況(被害別),2021-02-04T02:54:32,https://www.city.osaka.lg.jp/contents/wdu290/opendata/dataset/data-00000561/34.csv,,37,,,
,data-00000561,,,5172,active,2021-02-04T02:54:32,,,CSV,,,,,第35表　気象別火災状況,2021-02-04T02:54:32,https://www.city.osaka.lg.jp/contents/wdu290/opendata/dataset/data-00000561/35.csv,,38,,,
,data-00000561,,,1038,active,2021-02-04T02:54:32,,,CSV,,,,,第36表  曜日別火災状況,2021-02-04T02:54:32,https://www.city.osaka.lg.jp/contents/wdu290/opendata/dataset/data-00000561/36.csv,,39,,,
,data-00000561,,,1089,active,2021-02-04T02:54:32,,,CSV,,,,,第37表  覚知方法別火災状況,2021-02-04T02:54:32,https://www.city.osaka.lg.jp/contents/wdu290/opendata/dataset/data-00000561/37.csv,,40,,,
,data-00000561,,,12902,active,2021-02-04T02:54:32,,,CSV,,,,,第38表　時間別火災状況,2021-02-04T02:54:32,https://www.city.osaka.lg.jp/contents/wdu290/opendata/dataset/data-00000561/38.csv,,41,,,
,data-00000561,,,2073,active,2021-02-04T02:54:32,,,CSV,,,,,第39表　焼損床面積別火災状況(月別・署別),2021-02-04T02:54:32,https://www.city.osaka.lg.jp/contents/wdu290/opendata/dataset/data-00000561/39.csv,,42,,,
,data-00000561,,,4610,active,2021-02-04T02:54:32,,,CSV,,,,,第40表　損害額別火災状況(月別・署別),2021-02-04T02:54:32,https://www.city.osaka.lg.jp/contents/wdu290/opendata/dataset/data-00000561/40.csv,,43,,,
,data-00000561,,,1434,active,2021-02-04T02:54:32,,,CSV,,,,,第41表  り災世帯別火災状況(月別・署別),2021-02-04T02:54:32,https://www.city.osaka.lg.jp/contents/wdu290/opendata/dataset/data-00000561/41.csv,,44,,,
,data-00000561,,,3990,active,2021-02-04T02:54:32,,,CSV,,,,,第42表　出火箇所と原因(建物火災),2021-02-04T02:54:32,https://www.city.osaka.lg.jp/contents/wdu290/opendata/dataset/data-00000561/42.csv,,45,,,
,data-00000561,,,2663,active,2021-02-04T02:54:32,,,CSV,,,,,第43表　出火箇所と原因(車両火災・船舶火災・爆発・その他の火災),2021-02-04T02:54:32,https://www.city.osaka.lg.jp/contents/wdu290/opendata/dataset/data-00000561/43.csv,,46,,,
,data-00000561,,,11360,active,2021-02-04T02:54:32,,,CSV,,,,,第44表　発火源と経過(電気による発熱体),2021-02-04T02:54:32,https://www.city.osaka.lg.jp/contents/wdu290/opendata/dataset/data-00000561/44.csv,,47,,,
,data-00000561,,,7184,active,2021-02-04T02:54:32,,,CSV,,,,,第45表　発火源と経過(ガス・油類を燃料とする道具装置),2021-02-04T02:54:32,https://www.city.osaka.lg.jp/contents/wdu290/opendata/dataset/data-00000561/45.csv,,48,,,
,data-00000561,,,2035,active,2021-02-04T02:54:32,,,CSV,,,,,第46表  発火源と経過(まき・炭・石灰(コークス)を燃料とする道具装置),2021-02-04T02:54:32,https://www.city.osaka.lg.jp/contents/wdu290/opendata/dataset/data-00000561/46.csv,,49,,,
,data-00000561,,,4571,active,2021-02-04T02:54:32,,,CSV,,,,,第47表　発火源と経過(火種(それ自身発火しているもの)),2021-02-04T02:54:32,https://www.city.osaka.lg.jp/contents/wdu290/opendata/dataset/data-00000561/47.csv,,50,,,
,data-00000561,,,2269,active,2021-02-04T02:54:32,,,CSV,,,,,第49表　発火源と経過（自然発火あるいは再燃をおこしやすいもの）,2021-02-04T02:54:32,https://www.city.osaka.lg.jp/contents/wdu290/opendata/dataset/data-00000561/49.csv,,51,,,
,data-00000561,,,1418,active,2021-02-04T02:54:32,,,CSV,,,,,第50表　発火源と経過(危険物品),2021-02-04T02:54:32,https://www.city.osaka.lg.jp/contents/wdu290/opendata/dataset/data-00000561/50.csv,,52,,,
,data-00000561,,,1204,active,2021-02-04T02:54:32,,,CSV,,,,,第51表　発火源と経過(天災),2021-02-04T02:54:32,https://www.city.osaka.lg.jp/contents/wdu290/opendata/dataset/data-00000561/51.csv,,53,,,
,data-00000561,,,1113,active,2021-02-04T02:54:32,,,CSV,,,,,第52表　放火(疑い含む)と火遊びによる火災の発生状況_着火物,2021-02-04T02:54:32,https://www.city.osaka.lg.jp/contents/wdu290/opendata/dataset/data-00000561/52tyakkabutu.csv,,54,,,
,data-00000561,,,541,active,2021-02-04T02:54:32,,,CSV,,,,,第52表　放火火(疑い含む)と火遊びによる火災の発生状況_発火源,2021-02-04T02:54:32,https://www.city.osaka.lg.jp/contents/wdu290/opendata/dataset/data-00000561/52hakkagenn.csv,,55,,,
,data-00000561,,,652,active,2021-02-04T02:54:32,,,CSV,,,,,第53表　天ぷら油による火災の発生状況_出火理由,2021-02-04T02:54:32,https://www.city.osaka.lg.jp/contents/wdu290/opendata/dataset/data-00000561/53syukkariyuu.csv,,56,,,
,data-00000561,,,495,active,2021-02-04T02:54:32,,,CSV,,,,,第53表　天ぷら油による火災の発生状況_発火源,2021-02-04T02:54:32,https://www.city.osaka.lg.jp/contents/wdu290/opendata/dataset/data-00000561/53hakkagenn.csv,,57,,,
,data-00000561,,,3251,active,2021-02-04T02:54:32,,,CSV,,,,,第54表　火災による死者(過去5年間),2021-02-04T02:54:32,https://www.city.osaka.lg.jp/contents/wdu290/opendata/dataset/data-00000561/54.csv,,58,,,
,data-00000561,,,2365,active,2021-02-04T02:54:32,,,CSV,,,,,第55表　火災による死者の状況,2021-02-04T02:54:32,https://www.city.osaka.lg.jp/contents/wdu290/opendata/dataset/data-00000561/55.csv,,59,,,
,data-00000561,,,4091,active,2021-02-04T02:54:32,,,CSV,,,,,第56表　昭和23年以降の火災状況(1),2021-02-04T02:54:32,https://www.city.osaka.lg.jp/contents/wdu290/opendata/dataset/data-00000561/56-1.csv,,60,,,
,data-00000561,,,4806,active,2021-02-04T02:54:32,,,CSV,,,,,第56表　昭和23年以降の火災状況(2),2021-02-04T02:54:32,https://www.city.osaka.lg.jp/contents/wdu290/opendata/dataset/data-00000561/56-2.csv,,61,,,
,data-00000561,,,2107,active,2021-02-04T02:54:32,,,CSV,,,,,第56表　昭和23年以降の火災状況(3),2021-02-04T02:54:32,https://www.city.osaka.lg.jp/contents/wdu290/opendata/dataset/data-00000561/56-3.csv,,62,,,
,data-00000561,,,2233,active,2021-02-04T02:54:32,,,CSV,,,,,第57表　火災防ぎょ活動状況,2021-02-04T02:54:32,https://www.city.osaka.lg.jp/contents/wdu290/opendata/dataset/data-00000561/57.csv,,63,,,
,data-00000561,,,3562,active,2021-02-04T02:54:32,,,CSV,,,,,第58表　火災防ぎょ活動での資器材・薬剤の使用状況,2021-02-04T02:54:32,https://www.city.osaka.lg.jp/contents/wdu290/opendata/dataset/data-00000561/58.csv,,64,,,
,data-00000561,,,1493,active,2021-02-04T02:54:32,,,CSV,,,,,第59表　使用水利・放水活動状況,2021-02-04T02:54:32,https://www.city.osaka.lg.jp/contents/wdu290/opendata/dataset/data-00000561/59.csv,,65,,,
,data-00000561,,,2179,active,2021-02-04T02:54:32,,,CSV,,,,,第60表　火災時の活動障害状況,2021-02-04T02:54:32,https://www.city.osaka.lg.jp/contents/wdu290/opendata/dataset/data-00000561/60.csv,,66,,,
,data-00000561,,,2703,active,2021-02-04T02:54:32,,,CSV,,,,,第61表　事故種別・救急活動状況,2021-02-04T02:54:32,https://www.city.osaka.lg.jp/contents/wdu290/opendata/dataset/data-00000561/61.csv,,67,,,
,data-00000561,,,5466,active,2021-02-04T02:54:32,,,CSV,,,,,第62表　月別・隊別活動状況,2021-02-04T02:54:32,https://www.city.osaka.lg.jp/contents/wdu290/opendata/dataset/data-00000561/62.csv,,68,,,
,data-00000561,,,1659,active,2021-02-04T02:54:32,,,CSV,,,,,第63表　月別出場件数及び搬送人員,2021-02-04T02:54:32,https://www.city.osaka.lg.jp/contents/wdu290/opendata/dataset/data-00000561/63.csv,,69,,,
,data-00000561,,,3516,active,2021-02-04T02:54:32,,,CSV,,,,,第64表　行政区別救急活動状況,2021-02-04T02:54:32,https://www.city.osaka.lg.jp/contents/wdu290/opendata/dataset/data-00000561/64.csv,,70,,,
,data-00000561,,,1717,active,2021-02-04T02:54:32,,,CSV,,,,,第66表　日別出場件数,2021-02-04T02:54:32,https://www.city.osaka.lg.jp/contents/wdu290/opendata/dataset/data-00000561/66.csv,,71,,,
,data-00000561,,,3155,active,2021-02-04T02:54:32,,,CSV,,,,,第65表　平日・休日・時間別出場件数及び搬送人員,2021-02-04T02:54:32,https://www.city.osaka.lg.jp/contents/wdu290/opendata/dataset/data-00000561/65.csv,,72,,,
,data-00000561,,,1019,active,2021-02-04T02:54:32,,,CSV,,,,,第67表　性別・事故種別搬送人員,2021-02-04T02:54:32,https://www.city.osaka.lg.jp/contents/wdu290/opendata/dataset/data-00000561/67.csv,,73,,,
,data-00000561,,,393,active,2021-02-04T02:54:32,,,CSV,,,,,第68表　発生場所別救急活動状況,2021-02-04T02:54:32,https://www.city.osaka.lg.jp/contents/wdu290/opendata/dataset/data-00000561/68.csv,,74,,,
,data-00000561,,,152,active,2021-02-04T02:54:32,,,CSV,,,,,第69表　覚知方法別出場件数,2021-02-04T02:54:32,https://www.city.osaka.lg.jp/contents/wdu290/opendata/dataset/data-00000561/69.csv,,75,,,
,data-00000561,,,661,active,2021-02-04T02:54:32,,,CSV,,,,,第70表　診療科目別搬送人員,2021-02-04T02:54:32,https://www.city.osaka.lg.jp/contents/wdu290/opendata/dataset/data-00000561/70.csv,,76,,,
,data-00000561,,,590,active,2021-02-04T02:54:32,,,CSV,,,,,第71表　活動区分別出場件数,2021-02-04T02:54:32,https://www.city.osaka.lg.jp/contents/wdu290/opendata/dataset/data-00000561/71.csv,,77,,,
,data-00000561,,,8277,active,2021-02-04T02:54:32,,,CSV,,,,,第72表　救急車走行距離及び所要時間,2021-02-04T02:54:32,https://www.city.osaka.lg.jp/contents/wdu290/opendata/dataset/data-00000561/72.csv,,78,,,
,data-00000561,,,720,active,2021-02-04T02:54:32,,,CSV,,,,,第73表　各種高順位表,2021-02-04T02:54:32,https://www.city.osaka.lg.jp/contents/wdu290/opendata/dataset/data-00000561/73.csv,,79,,,
,data-00000561,,,2157,active,2021-02-04T02:54:32,,,CSV,,,,,第74表　年別救急活動状況,2021-02-04T02:54:32,https://www.city.osaka.lg.jp/contents/wdu290/opendata/dataset/data-00000561/74.csv,,80,,,
,data-00000561,,,2339,active,2021-02-04T02:54:32,,,CSV,,,,,第75表　救助活動状況（火災を除く）,2021-02-04T02:54:32,https://www.city.osaka.lg.jp/contents/wdu290/opendata/dataset/data-00000561/75.csv,,81,,,
,data-00000561,,,6223,active,2021-02-04T02:54:32,,,CSV,,,,,第76表　人命救助活動状況（火災・救助別）,2021-02-04T02:54:32,https://www.city.osaka.lg.jp/contents/wdu290/opendata/dataset/data-00000561/76.csv,,82,,,
,data-00000561,,,2601,active,2021-02-04T02:54:32,,,CSV,,,,,第77表　救助活動での資器材・薬剤使用状況（火災を除く）,2021-02-04T02:54:32,https://www.city.osaka.lg.jp/contents/wdu290/opendata/dataset/data-00000561/77.csv,,83,,,
,data-00000561,,,4791,active,2021-02-04T02:54:32,,,CSV,,,,,第78表　火災・救急・救助以外の消防活動状況,2021-02-04T02:54:32,https://www.city.osaka.lg.jp/contents/wdu290/opendata/dataset/data-00000561/78.csv,,84,,,
,data-00000561,,,1928,active,2021-02-04T02:54:32,,,CSV,,,,,第79表　火災・救急・救助以外の消防活動での資器材・薬剤使用状況,2021-02-04T02:54:32,https://www.city.osaka.lg.jp/contents/wdu290/opendata/dataset/data-00000561/79.csv,,85,,,
,data-00000561,,,1374,active,2021-02-04T02:54:32,,,CSV,,,,,第80表　覚知方法別　火災・救急以外の消防活動状況,2021-02-04T02:54:32,https://www.city.osaka.lg.jp/contents/wdu290/opendata/dataset/data-00000561/80.csv,,86,,,
,data-00000561,,,257,active,2021-02-04T02:54:32,,,CSV,,,,,第81表　他都市との協力状況(火災)(ヘリ応援),2021-02-04T02:54:32,https://www.city.osaka.lg.jp/contents/wdu290/opendata/dataset/data-00000561/81heriouenn.csv,,87,,,
,data-00000561,,,192,active,2021-02-04T02:54:32,,,CSV,,,,,第81表　他都市との協力状況(火災)(へり受援),2021-02-04T02:54:32,https://www.city.osaka.lg.jp/contents/wdu290/opendata/dataset/data-00000561/81herijyuenn.csv,,88,,,
,data-00000561,,,288,active,2021-02-04T02:54:32,,,CSV,,,,,第81表　他都市との協力状況(火災)(応援),2021-02-04T02:54:32,https://www.city.osaka.lg.jp/contents/wdu290/opendata/dataset/data-00000561/81ouenn.csv,,89,,,
,data-00000561,,,194,active,2021-02-04T02:54:32,,,CSV,,,,,第81表　他都市との協力状況(火災)(受援),2021-02-04T02:54:32,https://www.city.osaka.lg.jp/contents/wdu290/opendata/dataset/data-00000561/81jyuenn.csv,,90,,,
,data-00000561,,,237,active,2021-02-04T02:54:32,,,CSV,,,,,第82表　他都市との協力状況(救急)(中継活動),2021-02-04T02:54:32,https://www.city.osaka.lg.jp/contents/wdu290/opendata/dataset/data-00000561/82tyuukeikatudou.csv,,91,,,
,data-00000561,,,263,active,2021-02-04T02:54:32,,,CSV,,,,,第82表_他都市との協力状況（火災を除く救助）(市街直接出場),2021-02-04T02:54:32,https://www.city.osaka.lg.jp/contents/wdu290/opendata/dataset/data-00000561/82sigaityokusetusyutujyou.csv,,92,,,
,data-00000561,,,369,active,2021-02-04T02:54:32,,,CSV,,,,,第83表　他都市との協力状況(火災を除く救助)(ヘリ応援),2021-02-04T02:54:32,https://www.city.osaka.lg.jp/contents/wdu290/opendata/dataset/data-00000561/83heriouenn.csv,,93,,,
,data-00000561,,,195,active,2021-02-04T02:54:32,,,CSV,,,,,第83表　他都市との協力状況(火災を除く救助)(ヘリ受援),2021-02-04T02:54:32,https://www.city.osaka.lg.jp/contents/wdu290/opendata/dataset/data-00000561/83herijyuenn.csv,,94,,,
,data-00000561,,,200,active,2021-02-04T02:54:32,,,CSV,,,,,第83表　他都市との協力状況(火災を除く救助)(受援),2021-02-04T02:54:32,https://www.city.osaka.lg.jp/contents/wdu290/opendata/dataset/data-00000561/83jyuenn.csv,,95,,,
,data-00000561,,,517,active,2021-02-04T02:54:32,,,CSV,,,,,第83表　他都市との協力状況(火災除く救助)(応援),2021-02-04T02:54:32,https://www.city.osaka.lg.jp/contents/wdu290/opendata/dataset/data-00000561/83ouenn.csv,,96,,,
,data-00000561,,,262,active,2021-02-04T02:54:32,,,CSV,,,,,第84表　他都市との協力状況(火災・救急・救助以外の消防活動)(ヘリ応援),2021-02-04T02:54:32,https://www.city.osaka.lg.jp/contents/wdu290/opendata/dataset/data-00000561/84heriouenn.csv,,97,,,
,data-00000561,,,195,active,2021-02-04T02:54:32,,,CSV,,,,,第84表　他都市との協力状況(火災・救急・救助以外の消防活動)(ヘリ受援),2021-02-04T02:54:32,https://www.city.osaka.lg.jp/contents/wdu290/opendata/dataset/data-00000561/84herijyuenn.csv,,98,,,
,data-00000561,,,273,active,2021-02-04T02:54:32,,,CSV,,,,,第84表　他都市との協力状況(火災・救急・救助以外の消防活動)(応援),2021-02-04T02:54:32,https://www.city.osaka.lg.jp/contents/wdu290/opendata/dataset/data-00000561/84ouenn.csv,,99,,,
,data-00000561,,,197,active,2021-02-04T02:54:32,,,CSV,,,,,第84表　他都市との協力状況(火災・救急・救助以外の消防活動)(受援),2021-02-04T02:54:32,https://www.city.osaka.lg.jp/contents/wdu290/opendata/dataset/data-00000561/84jyuenn.csv,,100,,,
,data-00000562,,,379,active,2022-01-17T05:20:00,,,CSV,,,,,旭区投票区別選挙人名簿登録者数（令和3年12月1日現在）,2022-01-17T05:20:00,https://www.city.osaka.lg.jp/contents/wdu290/opendata/dataset/data-00000562/teijitourokumeibo20211201.csv,,0,,,
,data-00000563,,,26549,active,2025-03-05T14:54:09,,,CSV,,,,,地域包括支援センター・総合相談窓口（ブランチ）一覧,2025-03-05T14:54:09,https://www.city.osaka.lg.jp/contents/wdu290/opendata/dataset/data-00000563/houkatuburanti.csv,,0,,,
,data-00000564,,,22853,active,2026-02-03T10:37:59,,,CSV,,,,,地域包括支援センター・総合相談窓口（ブランチ）一覧,2026-02-03T10:37:59,https://www.city.osaka.lg.jp/contents/wdu290/opendata/dataset/data-00000564/buranti.csv,,0,,,
,data-00000565,,,2684,active,2021-02-26T11:54:30,,浪速区役所における令和2年度と令和3年度の予算事業一覧（事業名・予算額）です。,CSV,,,,,浪速区予算事業一覧,2021-02-26T11:54:30,https://www.city.osaka.lg.jp/contents/wdu290/opendata/dataset/data-00000565/yosanjigyouitiran.csv,,0,,,
,data-00000566,,,4423,active,2021-02-26T11:54:30,,,CSV,,,,,イベント・セレモニー実績（令和元年度）,2021-02-26T11:54:30,https://www.city.osaka.lg.jp/contents/wdu290/opendata/dataset/data-00000566/r1-hontyou-event.csv,,0,,,
,data-00000567,,,4566,active,2023-04-10T00:00:00,,各種数字はトップページを含むサイト全体の数字です。,CSV,,,,,大阪市オープンデータポータルサイトアクセス数（2019年2月～2023年3月）,2022-03-02T07:12:00,https://www.city.osaka.lg.jp/contents/wdu290/opendata/dataset/data-00000567/portal_access.csv,,0,,,
,data-00000568,,,2762,active,2021-03-22T21:21:14,,,CSV,,,,,1‐1　測定局別環境基準達成状況,2021-03-22T21:21:14,https://www.city.osaka.lg.jp/contents/wdu290/opendata/dataset/data-00000568/r1-1-1-1.csv,,0,,,
,data-00000568,,,4128,active,2021-03-22T21:21:14,,,CSV,,,,,1‐2　二酸化窒素（NO2）濃度経年変化,2021-03-22T21:21:14,https://www.city.osaka.lg.jp/contents/wdu290/opendata/dataset/data-00000568/r1-1-1-2.csv,,1,,,
,data-00000568,,,2695,active,2021-03-22T21:21:14,,,CSV,,,,,1‐3　二酸化窒素（NO2）の年間測定結果,2021-03-22T21:21:14,https://www.city.osaka.lg.jp/contents/wdu290/opendata/dataset/data-00000568/r1-1-1-3.csv,,2,,,
,data-00000568,,,2964,active,2021-03-22T21:21:14,,,CSV,,,,,1‐4　一酸化窒素及び窒素酸化物の年間測定結果,2021-03-22T21:21:14,https://www.city.osaka.lg.jp/contents/wdu290/opendata/dataset/data-00000568/r1-1-1-4.csv,,3,,,
,data-00000568,,,3331,active,2021-03-22T21:21:14,,,CSV,,,,,1‐5　浮遊粒子状物質（SPM）濃度経年変化,2021-03-22T21:21:14,https://www.city.osaka.lg.jp/contents/wdu290/opendata/dataset/data-00000568/r1-1-1-5.csv,,4,,,
,data-00000568,,,3067,active,2021-03-22T21:21:14,,,CSV,,,,,1‐6　浮遊粒子状物質（SPM）の年間測定結果,2021-03-22T21:21:14,https://www.city.osaka.lg.jp/contents/wdu290/opendata/dataset/data-00000568/r1-1-1-6.csv,,5,,,
,data-00000568,,,2097,active,2021-03-22T21:21:14,,,CSV,,,,,1‐7　（1）微小粒子状物質（PM2.5）の年間測定結果,2021-03-22T21:21:14,https://www.city.osaka.lg.jp/contents/wdu290/opendata/dataset/data-00000568/r1-1-1-7_1.csv,,6,,,
,data-00000568,,,4375,active,2021-03-22T21:21:14,,,CSV,,,,,1‐7　（2）微小粒子状物質（PM2.5）質量濃度及び各種成分濃度の分析結果,2021-03-22T21:21:14,https://www.city.osaka.lg.jp/contents/wdu290/opendata/dataset/data-00000568/r1-1-1-7_2.csv,,7,,,
,data-00000568,,,2718,active,2021-03-22T21:21:14,,,CSV,,,,,1‐8　光化学オキシダント（Ox）測定結果,2021-03-22T21:21:14,https://www.city.osaka.lg.jp/contents/wdu290/opendata/dataset/data-00000568/r1-1-1-8.csv,,8,,,
,data-00000568,,,2155,active,2021-03-22T21:21:14,,,CSV,,,,,1‐9　非メタン炭化水素の年間測定結果,2021-03-22T21:21:14,https://www.city.osaka.lg.jp/contents/wdu290/opendata/dataset/data-00000568/r1-1-1-9.csv,,9,,,
,data-00000568,,,1173,active,2021-03-22T21:21:14,,,CSV,,,,,1‐10　年度別・地域別光化学スモッグ注意報等発令回数,2021-03-22T21:21:14,https://www.city.osaka.lg.jp/contents/wdu290/opendata/dataset/data-00000568/r1-1-1-10.csv,,10,,,
,data-00000568,,,1189,active,2021-03-22T21:21:14,,,CSV,,,,,1‐11　年度別・地域別光化学スモッグ被害の訴え状況,2021-03-22T21:21:14,https://www.city.osaka.lg.jp/contents/wdu290/opendata/dataset/data-00000568/r1-1-1-11.csv,,11,,,
,data-00000568,,,2989,active,2021-03-22T21:21:14,,,CSV,,,,,1‐12　二酸化硫黄（SO2）濃度経年変化,2021-03-22T21:21:14,https://www.city.osaka.lg.jp/contents/wdu290/opendata/dataset/data-00000568/r1-1-1-12.csv,,12,,,
,data-00000568,,,771,active,2021-03-22T21:21:14,,,CSV,,,,,1‐13　一酸化炭素（CO）濃度経年変化,2021-03-22T21:21:14,https://www.city.osaka.lg.jp/contents/wdu290/opendata/dataset/data-00000568/r1-1-1-13.csv,,13,,,
,data-00000568,,,731,active,2021-03-22T21:21:14,,,CSV,,,,,1‐14　短期測定による二酸化窒素（NO2）、一酸化窒素（NO）の測定結果,2021-03-22T21:21:14,https://www.city.osaka.lg.jp/contents/wdu290/opendata/dataset/data-00000568/r1-1-1-14.csv,,14,,,
,data-00000568,,,680,active,2021-03-22T21:21:14,,,CSV,,,,,1‐15　短期測定による浮遊粒子状物質（SPM）、二酸化硫黄（SO2）の測定結果,2021-03-22T21:21:14,https://www.city.osaka.lg.jp/contents/wdu290/opendata/dataset/data-00000568/r1-1-1-15.csv,,15,,,
,data-00000568,,,405,active,2021-03-22T21:21:14,,,CSV,,,,,1‐16　固定発生源からの窒素酸化物排出量の推移,2021-03-22T21:21:14,https://www.city.osaka.lg.jp/contents/wdu290/opendata/dataset/data-00000568/r1-1-1-16.csv,,16,,,
,data-00000568,,,298,active,2021-03-22T21:21:14,,,CSV,,,,,1‐17　窒素酸化物・硫黄酸化物総量規制対象工場・事業場数,2021-03-22T21:21:14,https://www.city.osaka.lg.jp/contents/wdu290/opendata/dataset/data-00000568/r1-1-1-17.csv,,17,,,
,data-00000568,,,263,active,2021-03-22T21:21:14,,,CSV,,,,,1‐18　立入指導等の状況（大気）,2021-03-22T21:21:14,https://www.city.osaka.lg.jp/contents/wdu290/opendata/dataset/data-00000568/r1-1-1-18.csv,,18,,,
,data-00000568,,,246,active,2021-03-22T21:21:14,,,CSV,,,,,1‐19　環境月間に係る立入検査結果,2021-03-22T21:21:14,https://www.city.osaka.lg.jp/contents/wdu290/opendata/dataset/data-00000568/r1-1-1-19.csv,,19,,,
,data-00000568,,,264,active,2021-03-22T21:21:14,,,CSV,,,,,1‐20　大気汚染防止推進月間に係る立入検査結果,2021-03-22T21:21:14,https://www.city.osaka.lg.jp/contents/wdu290/opendata/dataset/data-00000568/r1-1-1-20.csv,,20,,,
,data-00000568,,,107,active,2021-03-22T21:21:14,,,CSV,,,,,1‐21　悪臭に係る検査件数,2021-03-22T21:21:14,https://www.city.osaka.lg.jp/contents/wdu290/opendata/dataset/data-00000568/r1-1-1-21.csv,,21,,,
,data-00000568,,,1230,active,2021-03-22T21:21:14,,,CSV,,,,,1‐22　届出工場・事業場数（大気汚染防止法）,2021-03-22T21:21:14,https://www.city.osaka.lg.jp/contents/wdu290/opendata/dataset/data-00000568/r1-1-1-22.csv,,22,,,
,data-00000568,,,1311,active,2021-03-22T21:21:14,,,CSV,,,,,1‐23　届出工場・事業場数（大阪府生活環境の保全等に関する条例）,2021-03-22T21:21:14,https://www.city.osaka.lg.jp/contents/wdu290/opendata/dataset/data-00000568/r1-1-1-23.csv,,23,,,
,data-00000568,,,502,active,2021-03-22T21:21:14,,,CSV,,,,,1‐24　大気汚染防止法・大阪府生活環境の保全等に関する条例(大気)に基づく届出件数,2021-03-22T21:21:14,https://www.city.osaka.lg.jp/contents/wdu290/opendata/dataset/data-00000568/r1-1-1-24.csv,,24,,,
,data-00000568,,,420,active,2021-03-22T21:21:14,,,CSV,,,,,1‐25　特定工場における公害防止組織の整備に関する法律に基づく届出件数,2021-03-22T21:21:14,https://www.city.osaka.lg.jp/contents/wdu290/opendata/dataset/data-00000568/r1-1-1-25.csv,,25,,,
,data-00000568,,,451,active,2021-03-22T21:21:14,,,CSV,,,,,1‐26　特定粉じん（石綿）排出等作業に係る届出件数,2021-03-22T21:21:14,https://www.city.osaka.lg.jp/contents/wdu290/opendata/dataset/data-00000568/r1-1-1-26.csv,,26,,,
,data-00000568,,,230,active,2021-03-22T21:21:14,,,CSV,,,,,1‐27　アスベスト環境濃度測定実施件数,2021-03-22T21:21:14,https://www.city.osaka.lg.jp/contents/wdu290/opendata/dataset/data-00000568/r1-1-1-27.csv,,27,,,
,data-00000568,,,158,active,2021-03-22T21:21:14,,,CSV,,,,,1‐28　アスベスト現場立入検査件数,2021-03-22T21:21:14,https://www.city.osaka.lg.jp/contents/wdu290/opendata/dataset/data-00000568/r1-1-1-28.csv,,28,,,
,data-00000568,,,954,active,2021-03-22T21:21:14,,,CSV,,,,,1‐29　一般環境大気中のアスベスト濃度調査結果,2021-03-22T21:21:14,https://www.city.osaka.lg.jp/contents/wdu290/opendata/dataset/data-00000568/r1-1-1-29.csv,,29,,,
,data-00000568,,,4257,active,2021-03-22T21:21:14,,,CSV,,,,,2‐1　自動車騒音・道路交通振動測定,2021-03-22T21:21:14,https://www.city.osaka.lg.jp/contents/wdu290/opendata/dataset/data-00000568/r1-1-2-1.csv,,30,,,
,data-00000568,,,236,active,2021-03-22T21:21:14,,,CSV,,,,,2‐2　過去5年の自動車騒音・道路交通振動苦情発生件数の経年変化,2021-03-22T21:21:14,https://www.city.osaka.lg.jp/contents/wdu290/opendata/dataset/data-00000568/r1-1-2-2.csv,,31,,,
,data-00000568,,,450,active,2021-03-22T21:21:14,,,CSV,,,,,2‐3　大阪市域幹線道路における低騒音舗装の施工状況及び遮音壁の設置状況,2021-03-22T21:21:14,https://www.city.osaka.lg.jp/contents/wdu290/opendata/dataset/data-00000568/r1-1-2-3.csv,,32,,,
,data-00000568,,,644,active,2021-03-22T21:21:14,,,CSV,,,,,2‐4　自動車騒音の障害防止対策（民家防音工事助成）,2021-03-22T21:21:14,https://www.city.osaka.lg.jp/contents/wdu290/opendata/dataset/data-00000568/r1-1-2-4.csv,,33,,,
,data-00000568,,,347,active,2021-03-22T21:21:14,,,CSV,,,,,2‐5　自動車からの窒素酸化物排出量の推移,2021-03-22T21:21:14,https://www.city.osaka.lg.jp/contents/wdu290/opendata/dataset/data-00000568/r1-1-2-5.csv,,34,,,
,data-00000568,,,4350,active,2021-03-22T21:21:14,,,CSV,,,,,3‐1　大阪市内公共用水域におけるBODの経年変化,2021-03-22T21:21:14,https://www.city.osaka.lg.jp/contents/wdu290/opendata/dataset/data-00000568/r1-1-3-1.csv,,35,,,
,data-00000568,,,1065,active,2021-03-22T21:21:14,,,CSV,,,,,3‐2　大阪港湾水域におけるCODの経年変化,2021-03-22T21:21:14,https://www.city.osaka.lg.jp/contents/wdu290/opendata/dataset/data-00000568/r1-1-3-2.csv,,36,,,
,data-00000568,,,3546,active,2021-03-22T21:21:14,,,CSV,,,,,3‐3　大阪市内公共用水域における水質調査結果①河川,2021-03-22T21:21:14,https://www.city.osaka.lg.jp/contents/wdu290/opendata/dataset/data-00000568/r1-1-3-3_1.csv,,37,,,
,data-00000568,,,1155,active,2021-03-22T21:21:14,,,CSV,,,,,3‐3　大阪市内公共用水域における水質調査結果②海域,2021-03-22T21:21:14,https://www.city.osaka.lg.jp/contents/wdu290/opendata/dataset/data-00000568/r1-1-3-3_2.csv,,38,,,
,data-00000568,,,636,active,2021-03-22T21:21:14,,,CSV,,,,,3‐4　大阪市内河川底質調査結果,2021-03-22T21:21:14,https://www.city.osaka.lg.jp/contents/wdu290/opendata/dataset/data-00000568/r1-1-3-4.csv,,39,,,
,data-00000568,,,3720,active,2021-03-22T21:21:14,,,CSV,,,,,4‐1　各区主要地点における水準点高さ変動量,2021-03-22T21:21:14,https://www.city.osaka.lg.jp/contents/wdu290/opendata/dataset/data-00000568/r1-1-4-1.csv,,40,,,
,data-00000568,,,2697,active,2021-03-22T21:21:14,,,CSV,,,,,4‐2　地下水位観測井の概要及び地下水位観測結果,2021-03-22T21:21:14,https://www.city.osaka.lg.jp/contents/wdu290/opendata/dataset/data-00000568/r1-1-4-2.csv,,41,,,
,data-00000568,,,2595,active,2021-03-22T21:21:14,,,CSV,,,,,4‐3　地下水概況調査結果,2021-03-22T21:21:14,https://www.city.osaka.lg.jp/contents/wdu290/opendata/dataset/data-00000568/r1-1-4-3.csv,,42,,,
,data-00000568,,,2303,active,2021-03-22T21:21:14,,,CSV,,,,,4‐4　地下水継続監視調査結,2021-03-22T21:21:14,https://www.city.osaka.lg.jp/contents/wdu290/opendata/dataset/data-00000568/r1-1-4-4.csv,,43,,,
,data-00000568,,,4273,active,2021-03-22T21:21:14,,,CSV,,,,,5‐1　ダイオキシン類環境調査結果,2021-03-22T21:21:14,https://www.city.osaka.lg.jp/contents/wdu290/opendata/dataset/data-00000568/r1-1-5-1.csv,,44,,,
,data-00000568,,,326,active,2021-03-22T21:21:14,,,CSV,,,,,5‐2　ダイオキシン類対策特別措置法に基づく届出件数,2021-03-22T21:21:14,https://www.city.osaka.lg.jp/contents/wdu290/opendata/dataset/data-00000568/r1-1-5-2.csv,,45,,,
,data-00000568,,,2990,active,2021-03-22T21:21:14,,,CSV,,,,,5‐3　有害大気汚染物質の環境モニタリング結果,2021-03-22T21:21:14,https://www.city.osaka.lg.jp/contents/wdu290/opendata/dataset/data-00000568/r1-1-5-3.csv,,46,,,
,data-00000568,,,511,active,2021-03-22T21:21:14,,,CSV,,,,,5‐4　PRTR法及び府条例に基づく排出量等の届出件数,2021-03-22T21:21:14,https://www.city.osaka.lg.jp/contents/wdu290/opendata/dataset/data-00000568/r1-1-5-4.csv,,47,,,
,data-00000568,,,491,active,2021-03-22T21:21:14,,,CSV,,,,,5‐5　PRTR法及び府条例に基づく届出排出量・移動量・取扱量,2021-03-22T21:21:14,https://www.city.osaka.lg.jp/contents/wdu290/opendata/dataset/data-00000568/r1-1-5-5.csv,,48,,,
,data-00000568,,,590,active,2021-03-22T21:21:14,,,CSV,,,,,5‐6　ダイオキシン類の排出量（推計）,2021-03-22T21:21:14,https://www.city.osaka.lg.jp/contents/wdu290/opendata/dataset/data-00000568/r1-1-5-6.csv,,49,,,
,data-00000568,,,884,active,2021-03-22T21:21:14,,,CSV,,,,,6‐1　特定（届出）工場・事業場数（騒音関係）,2021-03-22T21:21:14,https://www.city.osaka.lg.jp/contents/wdu290/opendata/dataset/data-00000568/r1-1-6-1.csv,,50,,,
,data-00000568,,,431,active,2021-03-22T21:21:14,,,CSV,,,,,6‐2　騒音規制法・大阪府生活環境の保全等に関する条例（騒音）に基づく特定（届出）施設の届出件数,2021-03-22T21:21:14,https://www.city.osaka.lg.jp/contents/wdu290/opendata/dataset/data-00000568/r1-1-6-2.csv,,51,,,
,data-00000568,,,905,active,2021-03-22T21:21:14,,,CSV,,,,,6‐3　特定建設作業実施届出件数（騒音）,2021-03-22T21:21:14,https://www.city.osaka.lg.jp/contents/wdu290/opendata/dataset/data-00000568/r1-1-6-3.csv,,52,,,
,data-00000568,,,288,active,2021-03-22T21:21:14,,,CSV,,,,,6‐4　立入指導等の状況（騒音）,2021-03-22T21:21:14,https://www.city.osaka.lg.jp/contents/wdu290/opendata/dataset/data-00000568/r1-1-6-4.csv,,53,,,
,data-00000568,,,859,active,2021-03-22T21:21:14,,,CSV,,,,,6‐5　特定（届出）工場・事業場数（振動関係）,2021-03-22T21:21:14,https://www.city.osaka.lg.jp/contents/wdu290/opendata/dataset/data-00000568/r1-1-6-5.csv,,54,,,
,data-00000568,,,437,active,2021-03-22T21:21:14,,,CSV,,,,,6‐6　振動規制法・大阪府生活環境の保全等に関する条例（振動）に基づく特定（届出）施設の届出件数,2021-03-22T21:21:14,https://www.city.osaka.lg.jp/contents/wdu290/opendata/dataset/data-00000568/r1-1-6-6.csv,,55,,,
,data-00000568,,,496,active,2021-03-22T21:21:14,,,CSV,,,,,6‐7　特定建設作業実施届出件数（振動）,2021-03-22T21:21:14,https://www.city.osaka.lg.jp/contents/wdu290/opendata/dataset/data-00000568/r1-1-6-7.csv,,56,,,
,data-00000568,,,281,active,2021-03-22T21:21:14,,,CSV,,,,,6‐8　立入指導等の状況（振動）,2021-03-22T21:21:14,https://www.city.osaka.lg.jp/contents/wdu290/opendata/dataset/data-00000568/r1-1-6-8.csv,,57,,,
,data-00000568,,,776,active,2021-03-22T21:21:14,,,CSV,,,,,6‐9　新幹線鉄道騒音・振動測定結果,2021-03-22T21:21:14,https://www.city.osaka.lg.jp/contents/wdu290/opendata/dataset/data-00000568/r1-1-6-9.csv,,58,,,
,data-00000568,,,447,active,2021-03-22T21:21:14,,,CSV,,,,,6‐10　新幹線鉄道騒音・振動に係る発生源対策の状況,2021-03-22T21:21:14,https://www.city.osaka.lg.jp/contents/wdu290/opendata/dataset/data-00000568/r1-1-6-10.csv,,59,,,
,data-00000568,,,345,active,2021-03-22T21:21:14,,,CSV,,,,,6‐11　大阪国際空港着陸航路下における航空機騒音測定結果,2021-03-22T21:21:14,https://www.city.osaka.lg.jp/contents/wdu290/opendata/dataset/data-00000568/r1-1-6-11.csv,,60,,,
,data-00000568,,,503,active,2021-03-22T21:21:14,,,CSV,,,,,7‐1　公害苦情の種類別件数の経年変化,2021-03-22T21:21:14,https://www.city.osaka.lg.jp/contents/wdu290/opendata/dataset/data-00000568/r1-1-7-1.csv,,61,,,
,data-00000568,,,1125,active,2021-03-22T21:21:14,,,CSV,,,,,7‐2　行政区別苦情件数集計表,2021-03-22T21:21:14,https://www.city.osaka.lg.jp/contents/wdu290/opendata/dataset/data-00000568/r1-1-7-2.csv,,62,,,
,data-00000568,,,7873,active,2021-03-22T21:21:14,,,CSV,,,,,8‐1　本市環境影響評価条例施行後に手続きが行われた事業一覧,2021-03-22T21:21:14,https://www.city.osaka.lg.jp/contents/wdu290/opendata/dataset/data-00000568/r1-1-8-1.csv,,63,,,
,data-00000568,,,1315,active,2021-03-22T21:21:14,,,CSV,,,,,8‐2　大規模小売店舗立地法等に基づく環境面の協議件数,2021-03-22T21:21:14,https://www.city.osaka.lg.jp/contents/wdu290/opendata/dataset/data-00000568/r1-1-8-2.csv,,64,,,
,data-00000568,,,4121,active,2021-03-22T21:21:14,,,CSV,,,,,1　ごみ等収集・処理処分状況,2021-03-22T21:21:14,https://www.city.osaka.lg.jp/contents/wdu290/opendata/dataset/data-00000568/r1-2-1.csv,,65,,,
,data-00000568,,,31729,active,2021-03-22T21:21:14,,,CSV,,,,,2‐1　直営及び委託収集状況,2021-03-22T21:21:14,https://www.city.osaka.lg.jp/contents/wdu290/opendata/dataset/data-00000568/r1-2-2-1.csv,,66,,,
,data-00000568,,,480,active,2021-03-22T21:21:14,,,CSV,,,,,2‐2　管路輸送稼動状況,2021-03-22T21:21:14,https://www.city.osaka.lg.jp/contents/wdu290/opendata/dataset/data-00000568/r1-2-2-2.csv,,67,,,
,data-00000568,,,6994,active,2021-03-22T21:21:14,,,CSV,,,,,2‐3　普通ごみ収集状況,2021-03-22T21:21:14,https://www.city.osaka.lg.jp/contents/wdu290/opendata/dataset/data-00000568/r1-2-2-3.csv,,68,,,
,data-00000568,,,6746,active,2021-03-22T21:21:14,,,CSV,,,,,2‐4　資源ごみ収集状況,2021-03-22T21:21:14,https://www.city.osaka.lg.jp/contents/wdu290/opendata/dataset/data-00000568/r1-2-2-4.csv,,69,,,
,data-00000568,,,5828,active,2021-03-22T21:21:14,,,CSV,,,,,2‐5　容器包装プラスチック収集状況,2021-03-22T21:21:14,https://www.city.osaka.lg.jp/contents/wdu290/opendata/dataset/data-00000568/r1-2-2-5.csv,,70,,,
,data-00000568,,,5743,active,2021-03-22T21:21:14,,,CSV,,,,,2‐6　古紙・衣類収集状況,2021-03-22T21:21:14,https://www.city.osaka.lg.jp/contents/wdu290/opendata/dataset/data-00000568/r1-2-2-6.csv,,71,,,
,data-00000568,,,4728,active,2021-03-22T21:21:14,,,CSV,,,,,2‐7　行政区別ごみ収集状況,2021-03-22T21:21:14,https://www.city.osaka.lg.jp/contents/wdu290/opendata/dataset/data-00000568/r1-2-2-7.csv,,72,,,
,data-00000568,,,1033,active,2021-03-22T21:21:14,,,CSV,,,,,2‐8　水面清掃作業状況,2021-03-22T21:21:14,https://www.city.osaka.lg.jp/contents/wdu290/opendata/dataset/data-00000568/r1-2-2-8.csv,,73,,,
,data-00000568,,,13308,active,2021-03-22T21:21:14,,,CSV,,,,,3‐1　工場別処理状況,2021-03-22T21:21:14,https://www.city.osaka.lg.jp/contents/wdu290/opendata/dataset/data-00000568/r1-2-3-1.csv,,74,,,
,data-00000568,,,1338,active,2021-03-22T21:21:14,,,CSV,,,,,3‐2　破砕施設処理状況,2021-03-22T21:21:14,https://www.city.osaka.lg.jp/contents/wdu290/opendata/dataset/data-00000568/r1-2-3-2.csv,,75,,,
,data-00000568,,,1207,active,2021-03-22T21:21:14,,,CSV,,,,,3‐3　最終処分状況,2021-03-22T21:21:14,https://www.city.osaka.lg.jp/contents/wdu290/opendata/dataset/data-00000568/r1-2-3-3.csv,,76,,,
,data-00000568,,,39381,active,2021-03-22T21:21:14,,,CSV,,,,,3‐4　直営及び委託収集処理処分状況,2021-03-22T21:21:14,https://www.city.osaka.lg.jp/contents/wdu290/opendata/dataset/data-00000568/r1-2-3-4.csv,,77,,,
,data-00000568,,,24066,active,2021-03-22T21:21:14,,,CSV,,,,,3‐5　拠点回収受付実績（乾電池・蛍光灯管・水銀体温計・水銀血圧計）,2021-03-22T21:21:14,https://www.city.osaka.lg.jp/contents/wdu290/opendata/dataset/data-00000568/r1-2-3-5.csv,,78,,,
,data-00000568,,,18368,active,2021-03-22T21:21:14,,,CSV,,,,,3‐6　拠点回収受付実績 （マタニティウェア・ベビー服・子ども服）,2021-03-22T21:21:14,https://www.city.osaka.lg.jp/contents/wdu290/opendata/dataset/data-00000568/r1-2-3-6.csv,,79,,,
,data-00000568,,,1594,active,2021-03-22T21:21:14,,,CSV,,,,,3‐7　拠点回収受付実績 （インクカートリッジ・使用済小型家電・絵本）,2021-03-22T21:21:14,https://www.city.osaka.lg.jp/contents/wdu290/opendata/dataset/data-00000568/r1-2-3-7.csv,,80,,,
,data-00000568,,,3766,active,2021-03-22T21:21:14,,,CSV,,,,,3‐8　資源集団回収活動実績,2021-03-22T21:21:14,https://www.city.osaka.lg.jp/contents/wdu290/opendata/dataset/data-00000568/r1-2-3-8.csv,,81,,,
,data-00000568,,,546,active,2021-03-22T21:21:14,,,CSV,,,,,3‐9　コミュニティ回収活動実績,2021-03-22T21:21:14,https://www.city.osaka.lg.jp/contents/wdu290/opendata/dataset/data-00000568/r1-2-3-9.csv,,82,,,
,data-00000568,,,400,active,2021-03-22T21:21:14,,,CSV,,,,,1　し尿収集処分状況,2021-03-22T21:21:14,https://www.city.osaka.lg.jp/contents/wdu290/opendata/dataset/data-00000568/r1-3-3-1.csv,,83,,,
,data-00000568,,,600,active,2021-03-22T21:21:14,,,CSV,,,,,2　し尿収集家屋の推移,2021-03-22T21:21:14,https://www.city.osaka.lg.jp/contents/wdu290/opendata/dataset/data-00000568/r1-3-3-2.csv,,84,,,
,data-00000568,,,685,active,2021-03-22T21:21:14,,,CSV,,,,,1　犬・猫等の死体処理状況（家庭で飼われていたペットの死体）,2021-03-22T21:21:14,https://www.city.osaka.lg.jp/contents/wdu290/opendata/dataset/data-00000568/r1-4-4-1.csv,,85,,,
,data-00000568,,,1245,active,2021-03-22T21:21:14,,,CSV,,,,,2　犬・猫等の死体処理状況（道路上のへい死動物）,2021-03-22T21:21:14,https://www.city.osaka.lg.jp/contents/wdu290/opendata/dataset/data-00000568/r1-4-4-2.csv,,86,,,
,data-00000568,,,686,active,2021-03-22T21:21:14,,,CSV,,,,,1　市立斎場火葬取扱件数,2021-03-22T21:21:14,https://www.city.osaka.lg.jp/contents/wdu290/opendata/dataset/data-00000568/r1-5-5-1.csv,,87,,,
,data-00000568,,,1993,active,2021-03-22T21:21:14,,,CSV,,,,,2　市立斎場式場使用件数,2021-03-22T21:21:14,https://www.city.osaka.lg.jp/contents/wdu290/opendata/dataset/data-00000568/r1-5-5-2.csv,,88,,,
,data-00000568,,,2459,active,2021-03-22T21:21:14,,,CSV,,,,,1　人口・世帯数・市域面積の変遷,2021-03-22T21:21:14,https://www.city.osaka.lg.jp/contents/wdu290/opendata/dataset/data-00000568/r1-refrence1.csv,,89,,,
,data-00000568,,,9585,active,2021-03-22T21:21:14,,,CSV,,,,,2　（1）ごみの収集状況,2021-03-22T21:21:14,https://www.city.osaka.lg.jp/contents/wdu290/opendata/dataset/data-00000568/r1-refrence2-1.csv,,90,,,
,data-00000568,,,10796,active,2021-03-22T21:21:14,,,CSV,,,,,2　（2）ごみの処分状況,2021-03-22T21:21:14,https://www.city.osaka.lg.jp/contents/wdu290/opendata/dataset/data-00000568/r1-refrence2-2.csv,,91,,,
,data-00000568,,,5664,active,2021-03-22T21:21:14,,,CSV,,,,,2　（3）し尿の処理状況,2021-03-22T21:21:14,https://www.city.osaka.lg.jp/contents/wdu290/opendata/dataset/data-00000568/r1-refrence2-3.csv,,92,,,
,data-00000568,,,6328,active,2021-03-22T21:21:14,,,CSV,,,,,3　胞衣汚物等処理状況の推移,2021-03-22T21:21:14,https://www.city.osaka.lg.jp/contents/wdu290/opendata/dataset/data-00000568/r1-refrence3.csv,,93,,,
,data-00000568,,,4319,active,2021-03-22T21:21:14,,,CSV,,,,,4　（1）市立斎場火葬取扱状況,2021-03-22T21:21:14,https://www.city.osaka.lg.jp/contents/wdu290/opendata/dataset/data-00000568/r1-refrence4-1.csv,,94,,,
,data-00000568,,,3208,active,2021-03-22T21:21:14,,,CSV,,,,,4　（2）市立斎場式場使用状況,2021-03-22T21:21:14,https://www.city.osaka.lg.jp/contents/wdu290/opendata/dataset/data-00000568/r1-refrence4-2.csv,,95,,,
,data-00000569,,,5051,active,2021-03-24T00:05:05,,,CSV,,,,,東成区避難所等一覧（2021年3月現在）,2021-03-24T00:05:05,https://www.city.osaka.lg.jp/contents/wdu290/opendata/dataset/data-00000569/R3hinannsyotouitirann.csv,,0,,,
,data-00000570,,,1481,active,2021-03-24T00:05:05,,,CSV,,,,,東成区内保育施設等一覧（2021年3月現在）,2021-03-24T00:05:05,https://www.city.osaka.lg.jp/contents/wdu290/opendata/dataset/data-00000570/R2hoikusyoitirann.csv,,0,,,
,data-00000571,,,1019,active,2021-03-25T03:12:05,,,CSV,,,,,西成区投票場所一覧（2021年1月現在）,2021-03-25T03:12:05,https://www.city.osaka.lg.jp/contents/wdu290/opendata/dataset/data-00000571/202101_tohyobasyo.csv,,0,,,
,data-00000572,,,3931,active,2021-03-30T07:13:00,,,CSV,,,,,平野区投票場所一覧（2021年3月現在）,2021-03-30T07:13:00,https://www.city.osaka.lg.jp/contents/wdu290/opendata/dataset/data-00000572/202103_tohyoubasyo.csv,,0,,,
,data-00000573,,,927201,active,2026-03-31T00:00:00,,思い出内容、図書館で調べた補足・追加情報、参考文献など。令和5年度に公開した思い出を追加しました。,CSV,,,,,大阪市立図書館「思い出のこし」データセット（2026年3月31日現在）,2021-03-30T23:08:05,https://www.city.osaka.lg.jp/contents/wdu290/opendata/dataset/data-00000573/omoidenokoshi.csv,,0,,,
,data-00000576,,,228857,active,2025-06-09T11:11:22,,,CSV,,,,,特定建築物届出施設一覧（令和6年3月末時点）,2024-04-15T11:22:41,https://www.city.osaka.lg.jp/contents/wdu290/opendata/dataset/data-00000576/tokuteikentikubutu.csv,,0,,,
,data-00000577,,,356583,active,2023-02-24T13:48:32,,医療機関に同意を得た情報のみを掲載しています。位置情報として掲載している緯度・経度の情報については完全に一致しない可能性があります。,CSV,,,,,個別接種にかかる取扱医療機関,2022-03-22T00:48:00,https://www.city.osaka.lg.jp/contents/wdu290/opendata/dataset/data-00000577/opendata.csv,,0,,,
,data-00000578,,,60812,active,2021-07-12T23:35:39,,世帯数の少ない地域については、他の地域と合算する方法により秘匿処理を講じています。,CSV,,,,,町丁目区別世帯数・人口（令和2年国勢調査・速報）,2021-07-12T23:35:39,https://www.city.osaka.lg.jp/contents/wdu290/opendata/dataset/data-00000578/R2chochomoku_sokuhou.csv,,0,,,
,data-00000579,,,9398,active,2021-07-12T23:35:39,,集計単位である基本調査区が複数の小学校区にまたがっている場合は、推計により世帯数及び人口を算出しています。,CSV,,,,,小学校区別世帯数・人口（令和2年国勢調査・速報）,2021-07-12T23:35:39,https://www.city.osaka.lg.jp/contents/wdu290/opendata/dataset/data-00000579/R2shogakkouku_sokuhou.csv,,0,,,
,data-00000580,,,4310,active,2021-07-12T23:35:39,,集計単位である基本調査区が複数の小学校区にまたがっている場合は、推計により世帯数及び人口を算出しています。,CSV,,,,,中学校区別世帯数・人口（令和2年国勢調査・速報）,2021-07-12T23:35:39,https://www.city.osaka.lg.jp/contents/wdu290/opendata/dataset/data-00000580/R2chugakkouku_sokuhou.csv,,0,,,
,data-00000581,,,3908,active,2021-07-13T00:18:39,,淀川区の面積は、豊中市との合計値として参考値が発表されているため、大阪市の面積には参考値が含まれる。,CSV,,,,,行政区別面積・世帯数・人口等（令和2年国勢調査・速報）,2021-07-13T00:18:39,https://www.city.osaka.lg.jp/contents/wdu290/opendata/dataset/data-00000581/R2kokusei-sokuhou-toukeihyou1.csv,,0,,,
,data-00000582,,,2061,active,2021-07-13T00:18:39,,昭和25年以降は常住人口（調査時に常住している場所で調査する方法（常住地方式）による人口）、それ以前は現在人口（各人を調査時にいた場所で調査する方法（現在地方式）による人口）。淀川区の面積は、豊中市との合計値として参考値が発表されているため、大阪市の面積には参考値が含まれる。,CSV,,,,,大阪市の面積・世帯数・人口等の国勢調査における推移（調査当時の市域・大正9(1920)年～令和2(2020)年）,2021-07-13T00:18:39,https://www.city.osaka.lg.jp/contents/wdu290/opendata/dataset/data-00000582/R2kokusei-sokuhou-toukeihyou2-1.csv,,0,,,
,data-00000582,,,1923,active,2021-07-13T00:18:39,,昭和25年以降は常住人口（調査時に常住している場所で調査する方法（常住地方式）による人口）、それ以前は現在人口（各人を調査時にいた場所で調査する方法（現在地方式）による人口）。淀川区の面積は、豊中市との合計値として参考値が発表されているため、大阪市の面積には参考値が含まれる。,CSV,,,,,大阪市の面積・世帯数・人口等の国勢調査における推移（現在の市域・大正9(1920)年～令和2(2020)年）,2021-07-13T00:18:39,https://www.city.osaka.lg.jp/contents/wdu290/opendata/dataset/data-00000582/R2kokusei-sokuhou-toukeihyou2-2.csv,,1,,,
,data-00000586,,,2450,active,2025-06-26T21:14:16,,所得等報告書の概要,CSV,,,,,所得等報告書の概要（令和6年分）,2025-06-26T21:14:16,https://www.city.osaka.lg.jp/contents/wdu290/opendata/dataset/data-00000586/2024_syotoku.csv,,0,,,
,data-00000586,,,4906,active,2021-07-16T06:07:07,,前年1年間を通じて市長であった者について、令和2年の所得金額等を記載しています。,CSV,,,,,市長の所得等報告書の概要（令和2年分）,2021-07-16T06:07:07,https://www.city.osaka.lg.jp/contents/wdu290/opendata/dataset/data-00000586/2020_syotoku.csv,,1,,,
,data-00000587,,,183821,active,2021-08-24T00:45:00,,,CSV,,,,,町丁目別昼間人口（平成27(2015)年国勢調査による推計）,2021-08-24T00:45:00,https://www.city.osaka.lg.jp/contents/wdu290/opendata/dataset/data-00000587/chukanjinko.csv,,0,,,
,data-00000588,,,6540,active,2021-08-24T00:45:00,,平成27年国勢調査＜就業状態等基本集計結果（大阪市）＞統計表第4表より作成。,CSV,,,,,年齢階級別・男女別雇用者数（平成27(2015)年国勢調査による）,2021-08-24T00:45:00,https://www.city.osaka.lg.jp/contents/wdu290/opendata/dataset/data-00000588/nenrei_danjo_koyousya.csv,,0,,,
,data-00000589,,,49907,active,2021-08-24T00:45:00,,平成27年国勢調査＜就業状態等基本集計結果（大阪市）＞統計表第5表より作成。,CSV,,,,,年齢階級別・男女別就業者数（平成27(2015)年国勢調査による）,2021-08-24T00:45:00,https://www.city.osaka.lg.jp/contents/wdu290/opendata/dataset/data-00000589/nenrei_danjo_syugyousya.csv,,0,,,
,data-00000590,,,54673,active,2021-08-24T00:45:00,,平成27年国勢調査＜就業状態等基本集計結果（大阪市）＞統計表第9表より作成。総数(1)には、夫・妻の労働力状態「不詳」を、総数(2)には、妻の労働力状態「不詳」をそれぞれ含みます。,CSV,,,,,行政区別・類型別夫婦のいる世帯数（平成27(2015)年国勢調査による）,2021-08-24T00:45:00,https://www.city.osaka.lg.jp/contents/wdu290/opendata/dataset/data-00000590/fufu_setai.csv,,0,,,
,data-00000591,,,2191583,active,2021-08-24T00:45:00,,平成28年経済センサスー活動調査結果〈産業横断的集計〉第2表 産業小分類、区別、経営組織（4区分）別民営事業所数、男女別従業者数及び常用雇用者数より作成。,CSV,,,,,区別・産業分類別事業所数（平成28(2016)年経済センサスによる）,2021-08-24T00:45:00,https://www.city.osaka.lg.jp/contents/wdu290/opendata/dataset/data-00000591/sangyosyobunruibetsu_jigyosho.csv,,0,,,
,data-00000592,,,3323890,active,2021-08-24T00:45:00,,平成28年経済センサスー活動調査結果〈産業横断的集計〉第2表 産業小分類、区別、経営組織（4区分）別民営事業所数、男女別従業者数及び常用雇用者数より作成。,CSV,,,,,区別・産業分類別従業員数（平成28(2016)年経済センサスによる）,2021-08-24T00:45:00,https://www.city.osaka.lg.jp/contents/wdu290/opendata/dataset/data-00000592/sangyosyobunruibetsu_jugyoin.csv,,0,,,
,data-00000593,,,763224,active,2021-08-24T00:45:00,,(注1) 資本金の不詳を含む。平成28年経済センサスー活動調査結果〈産業横断的集計〉第7表　産業大分類、区別、資本階級（10区分）、単独・本所、存続・新設・廃業別民営事業所数及び男女別従業者数（外国の会社を除く会社の単独及び本所事業所）より作成。,CSV,,,,,産業別事業所数（平成28(2016)年経済センサスによる）,2021-08-24T00:45:00,https://www.city.osaka.lg.jp/contents/wdu290/opendata/dataset/data-00000593/sangyodaibunruibetsu_jigyosho.csv,,0,,,
,data-00000594,,,1236448,active,2021-08-24T00:45:00,,(注1) 資本金の不詳を含む。(注2) 男女別の不詳を含む。平成28年経済センサスー活動調査結果〈産業横断的集計〉第7表　産業大分類、区別、資本階級（10区分）、単独・本所、存続・新設・廃業別民営事業所数及び男女別従業者数（外国の会社を除く会社の単独及び本所事業所）より作成。,CSV,,,,,産業別従業員数（平成28(2016)年経済センサスによる）,2021-08-24T00:45:00,https://www.city.osaka.lg.jp/contents/wdu290/opendata/dataset/data-00000594/sangyodaibunruibetsu_jugyoin.csv,,0,,,
,data-00000595,,,1258,active,2021-08-24T00:45:00,,「大阪市の学校統計」における「市内の小学校における外国人児童数」「市内の中学校における外国人生徒数」から作成しています。,CSV,,,,,外国人生徒・児童数（2003年～2019年）,2021-08-24T00:45:00,https://www.city.osaka.lg.jp/contents/wdu290/opendata/dataset/data-00000595/gaikokujinseitojido.csv,,0,,,
,data-00000596,,,445605,active,2021-08-24T00:45:00,,「大阪市における高等学校卒業者の卒業後の状況」の統計表における卒業者総数の区分から作成しています。,CSV,,,,,卒業者総数における高等学校卒業後の状況（2003年～2019年）,2021-08-24T00:45:00,https://www.city.osaka.lg.jp/contents/wdu290/opendata/dataset/data-00000596/koukougo_sotsugyososu.csv,,0,,,
,data-00000596,,,37761,active,2021-08-24T00:45:00,,「大阪市における高等学校卒業者の卒業後の状況」の統計表における入学志願者の区分から作成しています。,CSV,,,,,入学志願者区分別高等学校卒業後の状況（2003年～2019年）,2021-08-24T00:45:00,https://www.city.osaka.lg.jp/contents/wdu290/opendata/dataset/data-00000596/koukougo_nyugakushigansya.csv,,1,,,
,data-00000596,,,217578,active,2021-08-24T00:45:00,,「大阪市における高等学校卒業者の卒業後の状況」の統計表における職業別の区分から作成しています。,CSV,,,,,職業別高等学校卒業後の状況（2003年～2019年）,2021-08-24T00:45:00,https://www.city.osaka.lg.jp/contents/wdu290/opendata/dataset/data-00000596/koukougo_syokugyobetsu.csv,,2,,,
,data-00000596,,,397044,active,2021-08-24T00:45:00,,「大阪市における高等学校卒業者の卒業後の状況」の統計表における産業別の区分から作成しています。,CSV,,,,,産業別高等学校卒業後の状況（2003年～2019年）,2021-08-24T00:45:00,https://www.city.osaka.lg.jp/contents/wdu290/opendata/dataset/data-00000596/koukougo_sangyobetsu.csv,,3,,,
,data-00000597,,,304359,active,2021-08-24T00:45:00,,「大阪市における短期大学卒業者の卒業後の状況」の統計表における卒業者総数の区分から作成しています。,CSV,,,,,卒業者総数における短期大学卒業後の状況（2003年～2019年）,2021-08-24T00:45:00,https://www.city.osaka.lg.jp/contents/wdu290/opendata/dataset/data-00000597/tandaigo_sotsugyososu.csv,,0,,,
,data-00000597,,,458698,active,2021-08-24T00:45:00,,「大阪市における短期大学卒業者の卒業後の状況」の統計表における職業別の区分から作成しています。,CSV,,,,,職業別短期大学卒業後の状況（2003年～2019年）,2021-08-24T00:45:00,https://www.city.osaka.lg.jp/contents/wdu290/opendata/dataset/data-00000597/tandaigo_syokugyobetsu.csv,,1,,,
,data-00000597,,,466210,active,2021-08-24T00:45:00,,「大阪市における短期大学卒業者の卒業後の状況」の統計表における産業別の区分から作成しています。,CSV,,,,,産業別短期大学卒業後の状況（2003年～2019年）,2021-08-24T00:45:00,https://www.city.osaka.lg.jp/contents/wdu290/opendata/dataset/data-00000597/tandaigo_sangyobetsu.csv,,2,,,
,data-00000598,,,540163,active,2021-08-24T00:45:00,,「大阪市における大学卒業者の卒業後の状況」の統計表における卒業者総数の区分から作成しています。,CSV,,,,,卒業者総数における大学卒業後の状況（2003年～2019年）,2021-08-24T00:45:00,https://www.city.osaka.lg.jp/contents/wdu290/opendata/dataset/data-00000598/daigakugo_sotsugyososu.csv,,0,,,
,data-00000598,,,685996,active,2021-08-24T00:45:00,,「大阪市における大学卒業者の卒業後の状況」の統計表における職業別の区分から作成しています。,CSV,,,,,職業別大学卒業後の状況（2003年～2019年）,2021-08-24T00:45:00,https://www.city.osaka.lg.jp/contents/wdu290/opendata/dataset/data-00000598/daigakugo_syokugyobetsu.csv,,1,,,
,data-00000598,,,700534,active,2021-08-24T00:45:00,,「大阪市における大学卒業者の卒業後の状況」の統計表における産業別の区分から作成しています。,CSV,,,,,産業別大学卒業後の状況（2003年～2019年）,2021-08-24T00:45:00,https://www.city.osaka.lg.jp/contents/wdu290/opendata/dataset/data-00000598/daigakugo_sangyobetsu.csv,,2,,,
,data-00000599,,,1357,active,2021-08-25T04:30:00,,一般会計歳入予算決算額です。,CSV,,,,,1 財政 1-4-1　一般会計歳入予算決算額,2021-08-25T04:30:00,https://www.city.osaka.lg.jp/contents/wdu290/opendata/dataset/data-00000599/utf8_1-1-4-1.csv,,0,,,
,data-00000599,,,972,active,2021-08-25T04:30:00,,一般会計歳出予算決算額です。,CSV,,,,,1 財政 1-4-2　一般会計歳出予算決算額,2021-08-25T04:30:00,https://www.city.osaka.lg.jp/contents/wdu290/opendata/dataset/data-00000599/utf8_1-1-4-2.csv,,1,,,
,data-00000599,,,869,active,2021-08-25T04:30:00,,特別会計予算歳入決算額です。,CSV,,,,,1 財政 1-4-3　特別会計歳入予算決算額,2021-08-25T04:30:00,https://www.city.osaka.lg.jp/contents/wdu290/opendata/dataset/data-00000599/utf8_1-1-4-3.csv,,2,,,
,data-00000599,,,868,active,2021-08-25T04:30:00,,特別会計歳出予算決算額です。,CSV,,,,,1 財政 1-4-4　特別会計歳出予算決算額,2021-08-25T04:30:00,https://www.city.osaka.lg.jp/contents/wdu290/opendata/dataset/data-00000599/utf8_1-1-4-4.csv,,3,,,
,data-00000599,,,2358,active,2021-08-25T04:30:00,,一般会計歳入決算額累年比較です。,CSV,,,,,1 財政 2-2-1　一般会計歳入決算額累年比較,2021-08-25T04:30:00,https://www.city.osaka.lg.jp/contents/wdu290/opendata/dataset/data-00000599/utf8_1-2-2-1.csv,,4,,,
,data-00000599,,,1893,active,2021-08-25T04:30:00,,一般会計歳出決算額累年比較です。,CSV,,,,,1 財政 2-2-2　一般会計歳出決算額累年比較,2021-08-25T04:30:00,https://www.city.osaka.lg.jp/contents/wdu290/opendata/dataset/data-00000599/utf8_1-2-2-2.csv,,5,,,
,data-00000599,,,8316,active,2021-08-25T04:30:00,,令和元年度市税予算額補正推移です。,CSV,,,,,2 市税予算 1-1　令和元年度市税予算額補正推移,2021-08-25T04:30:00,https://www.city.osaka.lg.jp/contents/wdu290/opendata/dataset/data-00000599/utf8_2-1-1.csv,,6,,,
,data-00000599,,,13414,active,2021-08-25T04:30:00,,当初予算額累年比較です。,CSV,,,,,2 市税予算 2-3-1　当初予算額累年比較,2021-08-25T04:30:00,https://www.city.osaka.lg.jp/contents/wdu290/opendata/dataset/data-00000599/utf8_2-2-3-1.csv,,7,,,
,data-00000599,,,13434,active,2021-08-25T04:30:00,,最終予算額累年比較です。,CSV,,,,,2 市税予算 2-3-2　最終予算額累年比較,2021-08-25T04:30:00,https://www.city.osaka.lg.jp/contents/wdu290/opendata/dataset/data-00000599/utf8_2-2-3-2.csv,,8,,,
,data-00000599,,,5641,active,2021-08-25T04:30:00,,市税予算、決算額等累年比較です。,CSV,,,,,2 市税予算 2-3-3　市税予算、決算額等累年比較,2021-08-25T04:30:00,https://www.city.osaka.lg.jp/contents/wdu290/opendata/dataset/data-00000599/utf8_2-2-3-3.csv,,9,,,
,data-00000599,,,3623,active,2021-08-25T04:30:00,,市税決算額累年比較（昭和20年度～昭和24年度）です。,CSV,,,,,3 税収入 1-17-1　市税決算額累年比較（昭和20年度～昭和24年度）,2021-08-25T04:30:00,https://www.city.osaka.lg.jp/contents/wdu290/opendata/dataset/data-00000599/utf8_3-1-17-1.csv,,10,,,
,data-00000599,,,10385,active,2021-08-25T04:30:00,,市税決算額累年比較（昭和25年度～昭和29年度）です。,CSV,,,,,3 税収入 1-17-2　市税決算額累年比較（昭和25年度～昭和29年度）,2021-08-25T04:30:00,https://www.city.osaka.lg.jp/contents/wdu290/opendata/dataset/data-00000599/utf8_3-1-17-2.csv,,11,,,
,data-00000599,,,13235,active,2021-08-25T04:30:00,,市税決算額累年比較（昭和30年度～昭和34年度）です。,CSV,,,,,3 税収入 1-17-3　市税決算額累年比較（昭和30年度～昭和34年度）,2021-08-25T04:30:00,https://www.city.osaka.lg.jp/contents/wdu290/opendata/dataset/data-00000599/utf8_3-1-17-3.csv,,12,,,
,data-00000599,,,12855,active,2021-08-25T04:30:00,,市税決算額累年比較（昭和35年度～昭和39年度）です。,CSV,,,,,3 税収入 1-17-4　市税決算額累年比較（昭和35年度～昭和39年度）,2021-08-25T04:30:00,https://www.city.osaka.lg.jp/contents/wdu290/opendata/dataset/data-00000599/utf8_3-1-17-4.csv,,13,,,
,data-00000599,,,13798,active,2021-08-25T04:30:00,,市税決算額累年比較（昭和40年度～昭和44年度）です。,CSV,,,,,3 税収入 1-17-5　市税決算額累年比較（昭和40年度～昭和44年度）,2021-08-25T04:30:00,https://www.city.osaka.lg.jp/contents/wdu290/opendata/dataset/data-00000599/utf8_3-1-17-5.csv,,14,,,
,data-00000599,,,13996,active,2021-08-25T04:30:00,,市税決算額累年比較（昭和45年度～昭和49年度）です。,CSV,,,,,3 税収入 1-17-6　市税決算額累年比較（昭和45年度～昭和49年度）,2021-08-25T04:30:00,https://www.city.osaka.lg.jp/contents/wdu290/opendata/dataset/data-00000599/utf8_3-1-17-6.csv,,15,,,
,data-00000599,,,14858,active,2021-08-25T04:30:00,,市税決算額累年比較（昭和50年度～昭和54年度）です。,CSV,,,,,3 税収入 1-17-7　市税決算額累年比較（昭和50年度～昭和54年度）,2021-08-25T04:30:00,https://www.city.osaka.lg.jp/contents/wdu290/opendata/dataset/data-00000599/utf8_3-1-17-7.csv,,16,,,
,data-00000599,,,15058,active,2021-08-25T04:30:00,,市税決算額累年比較（昭和55年度～昭和59年度）です。,CSV,,,,,3 税収入 1-17-8　市税決算額累年比較（昭和55年度～昭和59年度）,2021-08-25T04:30:00,https://www.city.osaka.lg.jp/contents/wdu290/opendata/dataset/data-00000599/utf8_3-1-17-8.csv,,17,,,
,data-00000599,,,12951,active,2021-08-25T04:30:00,,市税決算額累年比較（昭和60年度～昭和63年度）です。,CSV,,,,,3 税収入 1-17-9　市税決算額累年比較（昭和60年度～昭和63年度）,2021-08-25T04:30:00,https://www.city.osaka.lg.jp/contents/wdu290/opendata/dataset/data-00000599/utf8_3-1-17-9.csv,,18,,,
,data-00000599,,,13242,active,2021-08-25T04:30:00,,市税決算額累年比較（平成元年度～平成4年度）です。,CSV,,,,,3 税収入 1-17-10　市税決算額累年比較（平成元年度～平成4年度）,2021-08-25T04:30:00,https://www.city.osaka.lg.jp/contents/wdu290/opendata/dataset/data-00000599/utf8_3-1-17-10.csv,,19,,,
,data-00000599,,,12424,active,2021-08-25T04:30:00,,市税決算額累年比較（平成5年度～平成8年度）です。,CSV,,,,,3 税収入 1-17-11　市税決算額累年比較（平成5年度～平成8年度）,2021-08-25T04:30:00,https://www.city.osaka.lg.jp/contents/wdu290/opendata/dataset/data-00000599/utf8_3-1-17-11.csv,,20,,,
,data-00000599,,,11436,active,2021-08-25T04:30:00,,市税決算額累年比較（平成9年度～平成12年度）です。,CSV,,,,,3 税収入 1-17-12　市税決算額累年比較（平成9年度～平成12年度）,2021-08-25T04:30:00,https://www.city.osaka.lg.jp/contents/wdu290/opendata/dataset/data-00000599/utf8_3-1-17-12.csv,,21,,,
,data-00000599,,,11562,active,2021-08-25T04:30:00,,市税決算額累年比較（平成13年度～平成16年度）です。,CSV,,,,,3 税収入 1-17-13　市税決算額累年比較（平成13年度～平成16年度）,2021-08-25T04:30:00,https://www.city.osaka.lg.jp/contents/wdu290/opendata/dataset/data-00000599/utf8_3-1-17-13.csv,,22,,,
,data-00000599,,,11696,active,2021-08-25T04:30:00,,市税決算額累年比較（平成17年度～平成20年度）です。,CSV,,,,,3 税収入 1-17-14　市税決算額累年比較（平成17年度～平成20年度）,2021-08-25T04:30:00,https://www.city.osaka.lg.jp/contents/wdu290/opendata/dataset/data-00000599/utf8_3-1-17-14.csv,,23,,,
,data-00000599,,,11270,active,2021-08-25T04:30:00,,市税決算額累年比較（平成21年度～平成24年度）です。,CSV,,,,,3 税収入 1-17-15　市税決算額累年比較（平成21年度～平成24年度）,2021-08-25T04:30:00,https://www.city.osaka.lg.jp/contents/wdu290/opendata/dataset/data-00000599/utf8_3-1-17-15.csv,,24,,,
,data-00000599,,,13358,active,2021-08-25T04:30:00,,市税決算額累年比較（平成25年度～平成28年度）です。,CSV,,,,,3 税収入 1-17-16　市税決算額累年比較（平成25年度～平成28年度）,2021-08-25T04:30:00,https://www.city.osaka.lg.jp/contents/wdu290/opendata/dataset/data-00000599/utf8_3-1-17-16.csv,,25,,,
,data-00000599,,,11625,active,2021-08-25T04:30:00,,市税決算額累年比較（平成29年度～令和元年度）です。,CSV,,,,,3 税収入 1-17-17　市税決算額累年比較（平成29年度～令和元年度）,2021-08-25T04:30:00,https://www.city.osaka.lg.jp/contents/wdu290/opendata/dataset/data-00000599/utf8_3-1-17-17.csv,,26,,,
,data-00000599,,,4417,active,2021-08-25T04:30:00,,市税決算額累年比較（各区別明細）です。,CSV,,,,,3 税収入 1-1　市税決算額累年比較（各区別明細）,2021-08-25T04:30:00,https://www.city.osaka.lg.jp/contents/wdu290/opendata/dataset/data-00000599/utf8_3-1-1.csv,,27,,,
,data-00000599,,,22895,active,2021-08-25T04:30:00,,令和元年度月別調定額及び収入額です。,CSV,,,,,3 税収入 2-1　令和元年度月別調定額及び収入額,2021-08-25T04:30:00,https://www.city.osaka.lg.jp/contents/wdu290/opendata/dataset/data-00000599/utf8_3-2-1.csv,,28,,,
,data-00000599,,,4339,active,2021-08-25T04:30:00,,市税徴収整理状況等（納付状況累年比較）です。,CSV,,,,,3 税収入 3-2-1　市税徴収整理状況等（納付状況累年比較）,2021-08-25T04:30:00,https://www.city.osaka.lg.jp/contents/wdu290/opendata/dataset/data-00000599/utf8_3-3-2-1.csv,,29,,,
,data-00000599,,,6674,active,2021-08-25T04:30:00,,市税徴収整理状況等（納付状況調）です。,CSV,,,,,3 税収入 3-2-2　市税徴収整理状況等（納付状況調）,2021-08-25T04:30:00,https://www.city.osaka.lg.jp/contents/wdu290/opendata/dataset/data-00000599/utf8_3-3-2-2.csv,,30,,,
,data-00000599,,,3017,active,2021-08-25T04:30:00,,税目別増減収寄与率（昭和26年～昭和33年）です。,CSV,,,,,3 税収入 4-11-1　税目別増減収寄与率（昭和26年～昭和33年）,2021-08-25T04:30:00,https://www.city.osaka.lg.jp/contents/wdu290/opendata/dataset/data-00000599/utf8_3-4-11-1.csv,,31,,,
,data-00000599,,,3133,active,2021-08-25T04:30:00,,税目別増減収寄与率（昭和34年～昭和41年）です。,CSV,,,,,3 税収入 4-11-2　税目別増減収寄与率（昭和34年～昭和41年）,2021-08-25T04:30:00,https://www.city.osaka.lg.jp/contents/wdu290/opendata/dataset/data-00000599/utf8_3-4-11-2.csv,,32,,,
,data-00000599,,,3018,active,2021-08-25T04:30:00,,税目別増減収寄与率（昭和42年～昭和48年）です。,CSV,,,,,3 税収入 4-11-3　税目別増減収寄与率（昭和42年～昭和48年）,2021-08-25T04:30:00,https://www.city.osaka.lg.jp/contents/wdu290/opendata/dataset/data-00000599/utf8_3-4-11-3.csv,,33,,,
,data-00000599,,,3700,active,2021-08-25T04:30:00,,税目別増減収寄与率（昭和49年～昭和57年）です。,CSV,,,,,3 税収入 4-11-4　税目別増減収寄与率（昭和49年～昭和57年）,2021-08-25T04:30:00,https://www.city.osaka.lg.jp/contents/wdu290/opendata/dataset/data-00000599/utf8_3-4-11-4.csv,,34,,,
,data-00000599,,,2663,active,2021-08-25T04:30:00,,税目別増減収寄与率（昭和58年～昭和63年）です。,CSV,,,,,3 税収入 4-11-5　税目別増減収寄与率（昭和58年～昭和63年）,2021-08-25T04:30:00,https://www.city.osaka.lg.jp/contents/wdu290/opendata/dataset/data-00000599/utf8_3-4-11-5.csv,,35,,,
,data-00000599,,,1232,active,2021-08-25T04:30:00,,税目別増減収寄与率（平成元年～平成2年）です。,CSV,,,,,3 税収入 4-11-6　税目別増減収寄与率（平成元年～平成2年）,2021-08-25T04:30:00,https://www.city.osaka.lg.jp/contents/wdu290/opendata/dataset/data-00000599/utf8_3-4-11-6.csv,,36,,,
,data-00000599,,,3311,active,2021-08-25T04:30:00,,税目別増減収寄与率（平成3年～平成10年）です。,CSV,,,,,3 税収入 4-11-7　税目別増減収寄与率（平成3年～平成10年）,2021-08-25T04:30:00,https://www.city.osaka.lg.jp/contents/wdu290/opendata/dataset/data-00000599/utf8_3-4-11-7.csv,,37,,,
,data-00000599,,,2276,active,2021-08-25T04:30:00,,税目別増減収寄与率（平成11年～平成15年）です。,CSV,,,,,3 税収入 4-11-8　税目別増減収寄与率（平成11年～平成15年）,2021-08-25T04:30:00,https://www.city.osaka.lg.jp/contents/wdu290/opendata/dataset/data-00000599/utf8_3-4-11-8.csv,,38,,,
,data-00000599,,,1863,active,2021-08-25T04:30:00,,税目別増減収寄与率（平成16年～平成19年）です。,CSV,,,,,3 税収入 4-11-9　税目別増減収寄与率（平成16年～平成19年）,2021-08-25T04:30:00,https://www.city.osaka.lg.jp/contents/wdu290/opendata/dataset/data-00000599/utf8_3-4-11-9.csv,,39,,,
,data-00000599,,,2857,active,2021-08-25T04:30:00,,税目別増減収寄与率（平成20年～平成26年）です。,CSV,,,,,3 税収入 4-11-10　税目別増減収寄与率（平成20年～平成26年）,2021-08-25T04:30:00,https://www.city.osaka.lg.jp/contents/wdu290/opendata/dataset/data-00000599/utf8_3-4-11-10.csv,,40,,,
,data-00000599,,,2109,active,2021-08-25T04:30:00,,税目別増減収寄与率（平成27年～令和元年）です。,CSV,,,,,3 税収入 4-11-11　税目別増減収寄与率（平成27年～令和元年）,2021-08-25T04:30:00,https://www.city.osaka.lg.jp/contents/wdu290/opendata/dataset/data-00000599/utf8_3-4-11-11.csv,,41,,,
,data-00000599,,,2016,active,2021-08-25T04:30:00,,市民税（個人1）です。,CSV,,,,,4 課税標準等 1-14-1　市民税（個人1）,2021-08-25T04:30:00,https://www.city.osaka.lg.jp/contents/wdu290/opendata/dataset/data-00000599/utf8_4-1-14-1.csv,,42,,,
,data-00000599,,,1867,active,2021-08-25T04:30:00,,市民税（個人2）です。,CSV,,,,,4 課税標準等 1-14-2　市民税（個人2）,2021-08-25T04:30:00,https://www.city.osaka.lg.jp/contents/wdu290/opendata/dataset/data-00000599/utf8_4-1-14-2.csv,,43,,,
,data-00000599,,,2097,active,2024-10-16T13:14:49,,市民税（個人3）です。 令和6年10月23日に調定額の単位を（千円）に修正しました。,CSV,,,,,4 課税標準等 1-14-3　市民税（個人3）,2021-06-17T14:07:57,https://www.city.osaka.lg.jp/contents/wdu290/opendata/dataset/data-00000599/utf8_4-1-14-3.csv,,44,,,
,data-00000599,,,722,active,2021-08-25T04:30:00,,市民税（法人1）です。,CSV,,,,,4 課税標準等 1-14-4　市民税（法人1）,2021-08-25T04:30:00,https://www.city.osaka.lg.jp/contents/wdu290/opendata/dataset/data-00000599/utf8_4-1-14-4.csv,,45,,,
,data-00000599,,,665,active,2021-08-25T04:30:00,,市民税（法人2）です。,CSV,,,,,4 課税標準等 1-14-5　市民税（法人2）,2021-08-25T04:30:00,https://www.city.osaka.lg.jp/contents/wdu290/opendata/dataset/data-00000599/utf8_4-1-14-5.csv,,46,,,
,data-00000599,,,1237,active,2021-08-25T04:30:00,,市民税（法人3）です。,CSV,,,,,4 課税標準等 1-14-6　市民税（法人3）,2021-08-25T04:30:00,https://www.city.osaka.lg.jp/contents/wdu290/opendata/dataset/data-00000599/utf8_4-1-14-6.csv,,47,,,
,data-00000599,,,3909,active,2021-08-25T04:30:00,,市民税（法人4）です。,CSV,,,,,4 課税標準等 1-14-7　市民税（法人4）,2021-08-25T04:30:00,https://www.city.osaka.lg.jp/contents/wdu290/opendata/dataset/data-00000599/utf8_4-1-14-7.csv,,48,,,
,data-00000599,,,3217,active,2021-08-25T04:30:00,,市民税（法人5）です。,CSV,,,,,4 課税標準等 1-14-8　市民税（法人5）,2021-08-25T04:30:00,https://www.city.osaka.lg.jp/contents/wdu290/opendata/dataset/data-00000599/utf8_4-1-14-8.csv,,49,,,
,data-00000599,,,4211,active,2021-08-25T04:30:00,,市民税（法人6）です。,CSV,,,,,4 課税標準等 1-14-9　市民税（法人6）,2021-08-25T04:30:00,https://www.city.osaka.lg.jp/contents/wdu290/opendata/dataset/data-00000599/utf8_4-1-14-9.csv,,50,,,
,data-00000599,,,1359,active,2021-08-25T04:30:00,,市民税（法人7）です。,CSV,,,,,4 課税標準等 1-14-10　市民税（法人7）,2021-08-25T04:30:00,https://www.city.osaka.lg.jp/contents/wdu290/opendata/dataset/data-00000599/utf8_4-1-14-10.csv,,51,,,
,data-00000599,,,948,active,2021-08-25T04:30:00,,市民税（法人8）です。,CSV,,,,,4 課税標準等 1-14-11　市民税（法人8）,2021-08-25T04:30:00,https://www.city.osaka.lg.jp/contents/wdu290/opendata/dataset/data-00000599/utf8_4-1-14-11.csv,,52,,,
,data-00000599,,,1425,active,2021-08-25T04:30:00,,市民税（法人9）です。,CSV,,,,,4 課税標準等 1-14-12　市民税（法人9）,2021-08-25T04:30:00,https://www.city.osaka.lg.jp/contents/wdu290/opendata/dataset/data-00000599/utf8_4-1-14-12.csv,,53,,,
,data-00000599,,,1143,active,2021-08-25T04:30:00,,市民税（法人10）です。,CSV,,,,,4 課税標準等 1-14-13　市民税（法人10）,2021-08-25T04:30:00,https://www.city.osaka.lg.jp/contents/wdu290/opendata/dataset/data-00000599/utf8_4-1-14-13.csv,,54,,,
,data-00000599,,,1097,active,2021-08-25T04:30:00,,市民税（法人11）です。,CSV,,,,,4 課税標準等 1-14-14　市民税（法人11）,2021-08-25T04:30:00,https://www.city.osaka.lg.jp/contents/wdu290/opendata/dataset/data-00000599/utf8_4-1-14-14.csv,,55,,,
,data-00000599,,,1133,active,2021-08-25T04:30:00,,固定資産税（1）1です。,CSV,,,,,4 課税標準等 2-13-1　固定資産税（1）1,2021-08-25T04:30:00,https://www.city.osaka.lg.jp/contents/wdu290/opendata/dataset/data-00000599/utf8_4-2-13-1.csv,,56,,,
,data-00000599,,,1039,active,2021-08-25T04:30:00,,固定資産税（1）2です。,CSV,,,,,4 課税標準等 2-13-2　固定資産税（1）2,2021-08-25T04:30:00,https://www.city.osaka.lg.jp/contents/wdu290/opendata/dataset/data-00000599/utf8_4-2-13-2.csv,,57,,,
,data-00000599,,,765,active,2021-08-25T04:30:00,,固定資産税（1）3です。,CSV,,,,,4 課税標準等 2-13-3　固定資産税（1）3,2021-08-25T04:30:00,https://www.city.osaka.lg.jp/contents/wdu290/opendata/dataset/data-00000599/utf8_4-2-13-3.csv,,58,,,
,data-00000599,,,4757,active,2021-08-25T04:30:00,,固定資産税（1）4です。,CSV,,,,,4 課税標準等 2-13-4　固定資産税（1）4,2021-08-25T04:30:00,https://www.city.osaka.lg.jp/contents/wdu290/opendata/dataset/data-00000599/utf8_4-2-13-4.csv,,59,,,
,data-00000599,,,1247,active,2021-08-25T04:30:00,,固定資産税（1）5です。,CSV,,,,,4 課税標準等 2-13-5　固定資産税（1）5,2021-08-25T04:30:00,https://www.city.osaka.lg.jp/contents/wdu290/opendata/dataset/data-00000599/utf8_4-2-13-5.csv,,60,,,
,data-00000599,,,2140,active,2021-08-25T04:30:00,,固定資産税（1）6です。,CSV,,,,,4 課税標準等 2-13-6　固定資産税（1）6,2021-08-25T04:30:00,https://www.city.osaka.lg.jp/contents/wdu290/opendata/dataset/data-00000599/utf8_4-2-13-6.csv,,61,,,
,data-00000599,,,2566,active,2021-08-25T04:30:00,,固定資産税（1）7です。,CSV,,,,,4 課税標準等 2-13-7　固定資産税（1）7,2021-08-25T04:30:00,https://www.city.osaka.lg.jp/contents/wdu290/opendata/dataset/data-00000599/utf8_4-2-13-7.csv,,62,,,
,data-00000599,,,1306,active,2021-08-25T04:30:00,,固定資産税（1）8です。,CSV,,,,,4 課税標準等 2-13-8　固定資産税（1）8,2021-08-25T04:30:00,https://www.city.osaka.lg.jp/contents/wdu290/opendata/dataset/data-00000599/utf8_4-2-13-8.csv,,63,,,
,data-00000599,,,2765,active,2021-08-25T04:30:00,,固定資産税（2）1です。,CSV,,,,,4 課税標準等 2-13-9　固定資産税（2）1,2021-08-25T04:30:00,https://www.city.osaka.lg.jp/contents/wdu290/opendata/dataset/data-00000599/utf8_4-2-13-9.csv,,64,,,
,data-00000599,,,1152,active,2021-08-25T04:30:00,,固定資産税（2）2です。,CSV,,,,,4 課税標準等 2-13-10　固定資産税（2）2,2021-08-25T04:30:00,https://www.city.osaka.lg.jp/contents/wdu290/opendata/dataset/data-00000599/utf8_4-2-13-10.csv,,65,,,
,data-00000599,,,2418,active,2021-08-25T04:30:00,,固定資産税（2）3です。,CSV,,,,,4 課税標準等 2-13-11　固定資産税（2）3,2021-08-25T04:30:00,https://www.city.osaka.lg.jp/contents/wdu290/opendata/dataset/data-00000599/utf8_4-2-13-11.csv,,66,,,
,data-00000599,,,1411,active,2021-08-25T04:30:00,,固定資産税（2）4です。,CSV,,,,,4 課税標準等 2-13-12　固定資産税（2）4,2021-08-25T04:30:00,https://www.city.osaka.lg.jp/contents/wdu290/opendata/dataset/data-00000599/utf8_4-2-13-12.csv,,67,,,
,data-00000599,,,1716,active,2021-08-25T04:30:00,,固定資産税（2）5です。,CSV,,,,,4 課税標準等 2-13-13　固定資産税（2）5,2021-08-25T04:30:00,https://www.city.osaka.lg.jp/contents/wdu290/opendata/dataset/data-00000599/utf8_4-2-13-13.csv,,68,,,
,data-00000599,,,3211,active,2021-08-25T04:30:00,,軽自動車税1です。,CSV,,,,,4 課税標準等 3-2-1　軽自動車税1,2021-08-25T04:30:00,https://www.city.osaka.lg.jp/contents/wdu290/opendata/dataset/data-00000599/utf8_4-3-2-1.csv,,69,,,
,data-00000599,,,6189,active,2021-08-25T04:30:00,,軽自動車税2です。,CSV,,,,,4 課税標準等 3-2-2　軽自動車税2,2021-08-25T04:30:00,https://www.city.osaka.lg.jp/contents/wdu290/opendata/dataset/data-00000599/utf8_4-3-2-2.csv,,70,,,
,data-00000599,,,606,active,2021-08-25T04:30:00,,市たばこ消費税です。,CSV,,,,,4 課税標準等 4-2-1　市たばこ消費税,2021-08-25T04:30:00,https://www.city.osaka.lg.jp/contents/wdu290/opendata/dataset/data-00000599/utf8_4-4-2-1.csv,,71,,,
,data-00000599,,,1475,active,2021-08-25T04:30:00,,市たばこ税です。,CSV,,,,,4 課税標準等 4-2-2　市たばこ税,2021-08-25T04:30:00,https://www.city.osaka.lg.jp/contents/wdu290/opendata/dataset/data-00000599/utf8_4-4-2-2.csv,,72,,,
,data-00000599,,,616,active,2021-08-25T04:30:00,,入湯税です。,CSV,,,,,4 課税標準等 5-1　入湯税,2021-08-25T04:30:00,https://www.city.osaka.lg.jp/contents/wdu290/opendata/dataset/data-00000599/utf8_4-5-1.csv,,73,,,
,data-00000599,,,2182,active,2024-10-16T11:56:46,,事業所税です。 令和6年10月23日に課税標準_資産割の単位を（㎡）に修正しました。,CSV,,,,,4 課税標準等 6-1　事業所税,2021-06-17T14:21:21,https://www.city.osaka.lg.jp/contents/wdu290/opendata/dataset/data-00000599/utf8_4-6-1.csv,,74,,,
,data-00000599,,,1001,active,2021-08-25T04:30:00,,都市計画税1です。,CSV,,,,,4 課税標準等 7-3-1　都市計画税1,2021-08-25T04:30:00,https://www.city.osaka.lg.jp/contents/wdu290/opendata/dataset/data-00000599/utf8_4-7-3-1.csv,,75,,,
,data-00000599,,,1013,active,2021-08-25T04:30:00,,都市計画税2です。,CSV,,,,,4 課税標準等 7-3-2　都市計画税2,2021-08-25T04:30:00,https://www.city.osaka.lg.jp/contents/wdu290/opendata/dataset/data-00000599/utf8_4-7-3-2.csv,,76,,,
,data-00000599,,,2484,active,2021-08-25T04:30:00,,都市計画税3です。,CSV,,,,,4 課税標準等 7-3-3　都市計画税3,2021-08-25T04:30:00,https://www.city.osaka.lg.jp/contents/wdu290/opendata/dataset/data-00000599/utf8_4-7-3-3.csv,,77,,,
,data-00000599,,,1388,active,2021-08-25T04:30:00,,滞納繰越賦課年度別収入状況です。,CSV,,,,,5 滞納整理 1-1　滞納繰越賦課年度別収入状況,2021-08-25T04:30:00,https://www.city.osaka.lg.jp/contents/wdu290/opendata/dataset/data-00000599/utf8_5-1-1.csv,,78,,,
,data-00000599,,,1754,active,2021-08-25T04:30:00,,不能欠損処理状況です。,CSV,,,,,5 滞納整理 2-1　不能欠損処理状況,2021-08-25T04:30:00,https://www.city.osaka.lg.jp/contents/wdu290/opendata/dataset/data-00000599/utf8_5-2-1.csv,,79,,,
,data-00000599,,,1177,active,2021-08-25T04:30:00,,滞納処分の停止事由内訳です。,CSV,,,,,5 滞納整理 3-1　滞納処分の停止事由内訳,2021-08-25T04:30:00,https://www.city.osaka.lg.jp/contents/wdu290/opendata/dataset/data-00000599/utf8_5-3-1.csv,,80,,,
,data-00000599,,,2499,active,2021-08-25T04:30:00,,国税・地方税負担額累年比較です。,CSV,,,,,6 税負担額 1-1　国税・地方税負担額累年比較,2021-08-25T04:30:00,https://www.city.osaka.lg.jp/contents/wdu290/opendata/dataset/data-00000599/utf8_6-1-1.csv,,81,,,
,data-00000599,,,2667,active,2021-08-25T04:30:00,,市税負担額累年比較です。,CSV,,,,,6 税負担額 2-1　市税負担額累年比較,2021-08-25T04:30:00,https://www.city.osaka.lg.jp/contents/wdu290/opendata/dataset/data-00000599/utf8_6-2-1.csv,,82,,,
,data-00000599,,,6706,active,2021-08-25T04:30:00,,各区別決算額調です。,CSV,,,,,7 税外収入 1-1　各区別決算額調,2021-08-25T04:30:00,https://www.city.osaka.lg.jp/contents/wdu290/opendata/dataset/data-00000599/utf8_7-1-1.csv,,83,,,
,data-00000599,,,1331,active,2021-08-25T04:30:00,,微税費です。,CSV,,,,,9 税務 3-1　微税費,2021-08-25T04:30:00,https://www.city.osaka.lg.jp/contents/wdu290/opendata/dataset/data-00000599/utf8_9-3-1.csv,,84,,,
,data-00000599,,,3145,active,2021-08-25T04:30:00,,納税貯蓄組合1です。,CSV,,,,,9 税務 5-2-1　納税貯蓄組合1,2021-08-25T04:30:00,https://www.city.osaka.lg.jp/contents/wdu290/opendata/dataset/data-00000599/utf8_9-5-2-1.csv,,85,,,
,data-00000599,,,4623,active,2021-08-25T04:30:00,,納税貯蓄組合2です。,CSV,,,,,9 税務 5-2-2　納税貯蓄組合2,2021-08-25T04:30:00,https://www.city.osaka.lg.jp/contents/wdu290/opendata/dataset/data-00000599/utf8_9-5-2-2.csv,,86,,,
,data-00000599,,,2189,active,2021-08-25T04:30:00,,市税口座振替利用状況調です。,CSV,,,,,9 税務 6-1　市税口座振替利用状況調,2021-08-25T04:30:00,https://www.city.osaka.lg.jp/contents/wdu290/opendata/dataset/data-00000599/utf8_9-6-1.csv,,87,,,
,data-00000600,,,2309,active,2021-09-15T20:28:00,,歳入額・歳出額・形式収支・実質収支・経常収支比率など。計数は原則として四捨五入を行っているため、端数において合計と一致しない場合があります。,CSV,,,,,普通会計決算の収支状況（1989年～2020年）,2021-09-15T20:28:00,https://www.city.osaka.lg.jp/contents/wdu290/opendata/dataset/data-00000600/kessannsyuushi.csv,,0,,,
,data-00000601,,,620269,active,2024-03-18T16:22:29,,「職員の職務の執行に関する要望等の記録等に関する規則」に基づき、皆様から寄せられたご要望等の内容と本市の対応について、公表しています。,CSV,,,,,要望等記録制度　公表件数（令和6年2月分）,2024-03-18T16:22:29,https://www.city.osaka.lg.jp/contents/wdu290/opendata/dataset/data-00000601/yobo.csv,,0,,,
,data-00000601,,,140884,active,2021-09-24T02:15:00,,平成18年9月1日より実施している「要望等記録制度」（職員の職務の執行に関する要望等の記録等に関する規則）に基づき公表した件数を、年度別で、要望者区分・要望区分ごとに掲載しています。,CSV,,,,,要望等記録制度の運用状況（2006年～2018年）,2021-09-24T02:15:00,https://www.city.osaka.lg.jp/contents/wdu290/opendata/dataset/data-00000601/yobo_kako.csv,,1,,,
,data-00000602,,,70333,active,2022-02-15T00:40:00,,,CSV,,,,,区別火災発生件数（2013年～2020年）,2022-02-15T00:40:00,https://www.city.osaka.lg.jp/contents/wdu290/opendata/dataset/data-00000602/kubetsu_kasai.csv,,0,,,
,data-00000603,,,94062,active,2022-02-15T03:09:00,,注1: 該当する日付には1を入力しています。,CSV,,,,,日別火災件数（2013年1月1日～2020年12月31日）,2022-02-15T03:09:00,https://www.city.osaka.lg.jp/contents/wdu290/opendata/dataset/data-00000603/hibetsu_kasai.csv,,0,,,
,data-00000604,,,97334,active,2022-02-15T07:21:00,,,CSV,,,,,原因別火災件数（月別、2013年1月～2020年12月）,2022-02-15T07:21:00,https://www.city.osaka.lg.jp/contents/wdu290/opendata/dataset/data-00000604/geninbetsu_kasai_tsuki.csv,,0,,,
,data-00000604,,,229188,active,2022-02-15T07:21:00,,,CSV,,,,,原因別火災件数（署別、2013年～2020年）,2022-02-15T07:21:00,https://www.city.osaka.lg.jp/contents/wdu290/opendata/dataset/data-00000604/geninbetsu_kasai_sho.csv,,1,,,
,data-00000605,,,120826,active,2022-02-16T00:51:00,,,CSV,,,,,区別救急出場件数・搬送人員（2013年～2020年）,2022-02-16T00:51:00,https://www.city.osaka.lg.jp/contents/wdu290/opendata/dataset/data-00000605/kyukyu_kubetsu_syutsujo_hanso.csv,,0,,,
,data-00000606,,,96490,active,2022-02-16T01:21:00,,,CSV,,,,,日別救急出場件数（2013年1月1日～2020年12月31日）,2022-02-16T01:21:00,https://www.city.osaka.lg.jp/contents/wdu290/opendata/dataset/data-00000606/kyukyu_hibetsu_syutsujo.csv,,0,,,
,data-00000607,,,59149,active,2022-02-16T01:35:00,,,CSV,,,,,曜日別・時間別救急出場件数（2013年～2020年）,2022-02-16T01:35:00,https://www.city.osaka.lg.jp/contents/wdu290/opendata/dataset/data-00000607/kyukyu_yobijikanbetsu_syutsujo.csv,,0,,,
,data-00000608,,,58999,active,2022-02-16T01:35:00,,,CSV,,,,,曜日別・時間別救急搬送人員数（2013年～2020年）,2022-02-16T01:35:00,https://www.city.osaka.lg.jp/contents/wdu290/opendata/dataset/data-00000608/kyukyu_yobijikanbetsu_hanso.csv,,0,,,
,data-00000609,,,2437,active,2022-02-17T20:21:00,,,CSV,,,,,救急活動所要時間時間別構成比（2009年～2020年）,2022-02-17T20:21:00,https://www.city.osaka.lg.jp/contents/wdu290/opendata/dataset/data-00000609/kyukyu_shoyojikan.csv,,0,,,
,data-00000610,,,54310,active,2022-02-17T20:51:00,,,CSV,,,,,救急車走行距離及び所要時間（2013年～2020年）,2022-02-17T20:51:00,https://www.city.osaka.lg.jp/contents/wdu290/opendata/dataset/data-00000610/kyukyu_sokokyori_shoyojikan.csv,,0,,,
,data-00000611,,,10109,active,2021-10-01T06:51:00,,位置情報として掲載している緯度・経度の情報については完全に一致しない可能性があります。,CSV,,,,,二次・三次救急医療機関（2021年3月1日現在）,2021-10-01T06:51:00,https://www.city.osaka.lg.jp/contents/wdu290/opendata/dataset/data-00000611/niji_sanji_kyukyuiryokikan.csv,,0,,,
,data-00000612,,,42128,active,2021-10-01T06:51:00,,,CSV,,,,,救急安心センターおおさか利用状況_月別利用状況（2013年1月～2019年12月）,2021-10-01T06:51:00,https://www.city.osaka.lg.jp/contents/wdu290/opendata/dataset/data-00000612/kyukyuanshin_tsukibetsu.csv,,0,,,
,data-00000612,,,2033,active,2021-10-01T06:51:00,,,CSV,,,,,救急安心センターおおさか利用状況_曜日別利用状況（2013年1月～2019年12月）,2021-10-01T06:51:00,https://www.city.osaka.lg.jp/contents/wdu290/opendata/dataset/data-00000612/kyukyuanshin_yobibetsu.csv,,1,,,
,data-00000613,,,1192446,active,2021-12-06T05:13:48,,2021年の数値は速報値となります。,CSV,,,,,区別・学校別学級数（小学校、2011年～2021年）,2021-12-06T05:13:48,https://www.city.osaka.lg.jp/contents/wdu290/opendata/dataset/data-00000613/gakkoubetsu_gakyu_shogako.csv,,0,,,
,data-00000614,,,2068354,active,2021-12-06T05:13:48,,2021年の数値は速報値となります。,CSV,,,,,区別・学校別児童数（小学校、2011年～2021年）,2021-12-06T05:13:48,https://www.city.osaka.lg.jp/contents/wdu290/opendata/dataset/data-00000614/gakkoubetsu_jido_shogako.csv,,0,,,
,data-00000615,,,310101,active,2022-01-12T05:13:48,,2021年の数値は速報値となります。,CSV,,,,,区別・学校別学級数（中学校、2011年～2021年）,2022-01-12T05:13:48,https://www.city.osaka.lg.jp/contents/wdu290/opendata/dataset/data-00000615/gakkoubetsu_gakyu_chugako.csv,,0,,,
,data-00000616,,,524987,active,2022-01-12T05:13:48,,2021年の数値は速報値となります。,CSV,,,,,区別・学校別生徒数（中学校、2011年～2021年）,2022-01-12T05:13:48,https://www.city.osaka.lg.jp/contents/wdu290/opendata/dataset/data-00000616/gakkoubetsu_seito_chugako.csv,,0,,,
,data-00000617,,,234791,active,2022-01-12T05:13:48,,2021年の数値は速報値となります。,CSV,,,,,区別・学校別学級数（高等学校、2011年～2021年）,2022-01-12T05:13:48,https://www.city.osaka.lg.jp/contents/wdu290/opendata/dataset/data-00000617/gakkoubetsu_gakyu_koukou.csv,,0,,,
,data-00000618,,,509470,active,2022-01-12T05:13:48,,2021年の数値は速報値となります。,CSV,,,,,区別・学校別生徒数（高等学校、2011年～2021年）,2022-01-12T05:13:48,https://www.city.osaka.lg.jp/contents/wdu290/opendata/dataset/data-00000618/gakkoubetsu_seito_koukou.csv,,0,,,
,data-00000619,,,357766,active,2022-08-09T17:16:58,,位置情報として掲載している緯度・経度の情報については完全に一致しない可能性があります。,CSV,,,,,市営住宅一覧（令和4年4月1日時点）,2021-10-12T06:23:30,https://www.city.osaka.lg.jp/contents/wdu290/opendata/dataset/data-00000619/sieijyuutakuitirann.csv,,0,,,
,data-00000620,,,2400,active,2021-10-18T20:48:00,,※27年度末の市街地再開発事業会計及び土地先行取得事業会計の廃止に伴い、28年度に当該会計の市債残高が一般会計へ移行※29年度の自動車運送事業会計及び高速鉄道事業会計の廃止に伴い、29年度に当該会計の市債残高が一般会計へ移行,CSV,,,,,一般会計収支状況の推移（1989年～2020年）,2021-10-18T20:48:00,https://www.city.osaka.lg.jp/contents/wdu290/opendata/dataset/data-00000620/syushi.csv,,0,,,
,data-00000621,,,144475,active,2022-09-27T19:28:47,,調査期間・令和2年10月9日（金曜日）～10月10日（土曜日）、回答者数：500名,CSV,,,,,令和２年度　回答データ（運動とスポーツに関する意識調査）,2021-12-19T20:11:00,https://www.city.osaka.lg.jp/contents/wdu290/opendata/dataset/data-00000621/rawdata.csv,,0,,,
,data-00000625,,,113323,active,2021-12-06T05:13:48,,2021年の数値は速報値となります。,CSV,,,,,区別・園別学級数（幼稚園、2011年～2021年）,2021-12-06T05:13:48,https://www.city.osaka.lg.jp/contents/wdu290/opendata/dataset/data-00000625/gakkoubetsu_gakyu_youchien.csv,,0,,,
,data-00000626,,,189824,active,2021-12-06T05:13:48,,2021年の数値は速報値となります。,CSV,,,,,区別・園別幼児数（幼稚園、2011年～2021年）,2021-12-06T05:13:48,https://www.city.osaka.lg.jp/contents/wdu290/opendata/dataset/data-00000626/gakkoubetsu_youji_youchien.csv,,0,,,
,data-00000627,,,425669,active,2026-07-09T10:48:51,,,CSV,,,,,クリーニング所開設施設一覧（令和8年3月末時点）,2026-07-09T10:48:51,https://www.city.osaka.lg.jp/contents/wdu290/opendata/dataset/data-00000627/cleaning.csv,,0,,,
,data-00000628,,,5593,active,2022-01-20T07:14:32,,,CSV,,,,,第1表　防火対象物の現況(規制対象物),2022-01-20T07:14:32,https://www.city.osaka.lg.jp/contents/wdu290/opendata/dataset/data-00000628/1.csv,,0,,,
,data-00000628,,,3957,active,2022-01-20T07:14:32,,,CSV,,,,,第2表　5階以上の建築物の現況(署別),2022-01-20T07:14:32,https://www.city.osaka.lg.jp/contents/wdu290/opendata/dataset/data-00000628/2.csv,,1,,,
,data-00000628,,,4640,active,2022-01-20T07:14:32,,,CSV,,,,,第3表　5階以上の建築物の現況(署別),2022-01-20T07:14:32,https://www.city.osaka.lg.jp/contents/wdu290/opendata/dataset/data-00000628/3.csv,,2,,,
,data-00000628,,,8792,active,2022-01-20T07:14:32,,,CSV,,,,,第3表　5階以上の建築物の現況(用途別),2022-01-20T07:14:32,https://www.city.osaka.lg.jp/contents/wdu290/opendata/dataset/data-00000628/3youtobetu.csv,,3,,,
,data-00000628,,,6810,active,2022-01-20T07:14:32,,,CSV,,,,,第4表　31mを超える防火対象物の現況(署別),2022-01-20T07:14:32,https://www.city.osaka.lg.jp/contents/wdu290/opendata/dataset/data-00000628/4syobetu.csv,,4,,,
,data-00000628,,,6489,active,2022-01-20T07:14:32,,,CSV,,,,,第4表　31mを超える防火対象物の現況(用途別),2022-01-20T07:14:32,https://www.city.osaka.lg.jp/contents/wdu290/opendata/dataset/data-00000628/4youtobetu.csv,,5,,,
,data-00000628,,,574,active,2022-01-20T07:14:32,,,CSV,,,,,第5表　地下街の概況,2022-01-20T07:14:32,https://www.city.osaka.lg.jp/contents/wdu290/opendata/dataset/data-00000628/5.csv,,6,,,
,data-00000628,,,2195,active,2022-01-20T07:14:32,,,CSV,,,,,第6表　統括防火・防災管理者の選解任届出状況及び全体についての消防計画届出状況（項別）,2022-01-20T07:14:32,https://www.city.osaka.lg.jp/contents/wdu290/opendata/dataset/data-00000628/6.csv,,7,,,
,data-00000628,,,28125,active,2022-01-20T07:14:32,,,CSV,,,,,第7表　防火管理・防災管理・自衛消防組織設置対象物の現況(項別),2022-01-20T07:14:32,https://www.city.osaka.lg.jp/contents/wdu290/opendata/dataset/data-00000628/7.csv,,8,,,
,data-00000628,,,1892,active,2022-01-20T07:14:32,,,CSV,,,,,第8表　危険物製造所等署別施設数,2022-01-20T07:14:32,https://www.city.osaka.lg.jp/contents/wdu290/opendata/dataset/data-00000628/8.csv,,9,,,
,data-00000628,,,1745,active,2022-01-20T07:14:32,,,CSV,,,,,第9表　危険物製造所等類別・倍数別施設数,2022-01-20T07:14:32,https://www.city.osaka.lg.jp/contents/wdu290/opendata/dataset/data-00000628/9.csv,,10,,,
,data-00000628,,,665,active,2022-01-20T07:14:32,,,CSV,,,,,第10表　屋外タンク貯蔵所（類別）,2022-01-20T07:14:32,https://www.city.osaka.lg.jp/contents/wdu290/opendata/dataset/data-00000628/10.csv,,11,,,
,data-00000628,,,595,active,2022-01-20T07:14:32,,,CSV,,,,,第11表　火薬類取締法規制対象施設等数（施設別）,2022-01-20T07:14:32,https://www.city.osaka.lg.jp/contents/wdu290/opendata/dataset/data-00000628/11.csv,,12,,,
,data-00000628,,,1121,active,2022-01-20T07:14:32,,,CSV,,,,,第12表　高圧ガス保安法規制対象施設等数（施設別）,2022-01-20T07:14:32,https://www.city.osaka.lg.jp/contents/wdu290/opendata/dataset/data-00000628/12.csv,,13,,,
,data-00000628,,,496,active,2022-01-20T07:14:32,,,CSV,,,,,第13表　液化石油ガス法規制対象施設等数（施設別）,2022-01-20T07:14:32,https://www.city.osaka.lg.jp/contents/wdu290/opendata/dataset/data-00000628/13.csv,,14,,,
,data-00000628,,,1600,active,2022-01-20T07:14:32,,,CSV,,,,,第14表  規制対象物の立入検査等の状況,2022-01-20T07:14:32,https://www.city.osaka.lg.jp/contents/wdu290/opendata/dataset/data-00000628/14.csv,,15,,,
,data-00000628,,,681,active,2022-01-20T07:14:32,,,CSV,,,,,第15表　危険物施設等の立入検査等の状況,2022-01-20T07:14:32,https://www.city.osaka.lg.jp/contents/wdu290/opendata/dataset/data-00000628/15.csv,,16,,,
,data-00000628,,,203,active,2022-01-20T07:14:32,,,CSV,,,,,第16表　火薬類取締法規制対象施設等の立入検査の状況,2022-01-20T07:14:32,https://www.city.osaka.lg.jp/contents/wdu290/opendata/dataset/data-00000628/16.csv,,17,,,
,data-00000628,,,532,active,2022-01-20T07:14:32,,,CSV,,,,,第17表　高圧ガス保安法規制対象施設等の立入検査の状況,2022-01-20T07:14:32,https://www.city.osaka.lg.jp/contents/wdu290/opendata/dataset/data-00000628/17.csv,,18,,,
,data-00000628,,,252,active,2022-01-20T07:14:32,,,CSV,,,,,第18表　液化石油ガス法規制対象施設等の立入検査の状況,2022-01-20T07:14:32,https://www.city.osaka.lg.jp/contents/wdu290/opendata/dataset/data-00000628/18.csv,,19,,,
,data-00000628,,,4428,active,2022-01-20T07:14:32,,,CSV,,,,,第19表　各種届出受付処理状況_条例届出事項,2022-01-20T07:14:32,https://www.city.osaka.lg.jp/contents/wdu290/opendata/dataset/data-00000628/19jyourei.csv,,20,,,
,data-00000628,,,7410,active,2022-01-20T07:14:32,,,CSV,,,,,第19表　各種届出受付処理状況_法令届出事項,2022-01-20T07:14:32,https://www.city.osaka.lg.jp/contents/wdu290/opendata/dataset/data-00000628/19hourei.csv,,21,,,
,data-00000628,,,1572,active,2022-01-20T07:14:32,,,CSV,,,,,第20表　過去5年間の火災状況,2022-01-20T07:14:32,https://www.city.osaka.lg.jp/contents/wdu290/opendata/dataset/data-00000628/20.csv,,22,,,
,data-00000628,,,3226,active,2022-01-20T07:14:32,,,CSV,,,,,第21表　行政区別火災状況,2022-01-20T07:14:32,https://www.city.osaka.lg.jp/contents/wdu290/opendata/dataset/data-00000628/21.csv,,23,,,
,data-00000628,,,4417,active,2022-01-20T07:14:32,,,CSV,,,,,第22表　月別・署別火災状況,2022-01-20T07:14:32,https://www.city.osaka.lg.jp/contents/wdu290/opendata/dataset/data-00000628/22.csv,,24,,,
,data-00000628,,,3335,active,2022-01-20T07:14:32,,,CSV,,,,,第23表　原因別火災状況(月別・署別),2022-01-20T07:14:32,https://www.city.osaka.lg.jp/contents/wdu290/opendata/dataset/data-00000628/23.csv,,25,,,
,data-00000628,,,2694,active,2022-01-20T07:14:32,,,CSV,,,,,第24表　月別・署別火災件数,2022-01-20T07:14:32,https://www.city.osaka.lg.jp/contents/wdu290/opendata/dataset/data-00000628/24.csv,,26,,,
,data-00000628,,,2672,active,2022-01-20T07:14:32,,,CSV,,,,,第25表　原因別火災状況(時間別),2022-01-20T07:14:32,https://www.city.osaka.lg.jp/contents/wdu290/opendata/dataset/data-00000628/25.csv,,27,,,
,data-00000628,,,11695,active,2022-01-20T07:14:32,,,CSV,,,,,第26表　原因別火災状況(被害別),2022-01-20T07:14:32,https://www.city.osaka.lg.jp/contents/wdu290/opendata/dataset/data-00000628/26.csv,,28,,,
,data-00000628,,,2105,active,2022-01-20T07:14:32,,,CSV,,,,,第27表    用途別火災状況(被害別),2022-01-20T07:14:32,https://www.city.osaka.lg.jp/contents/wdu290/opendata/dataset/data-00000628/27.csv,,29,,,
,data-00000628,,,5518,active,2022-01-20T07:14:32,,,CSV,,,,,第28表　用途別火災状況(月別・署別),2022-01-20T07:14:32,https://www.city.osaka.lg.jp/contents/wdu290/opendata/dataset/data-00000628/28.csv,,30,,,
,data-00000628,,,6572,active,2022-01-20T07:14:32,,,CSV,,,,,第29表　用途別火災状況(原因別),2022-01-20T07:14:32,https://www.city.osaka.lg.jp/contents/wdu290/opendata/dataset/data-00000628/29.csv,,31,,,
,data-00000628,,,10913,active,2022-01-20T07:14:32,,,CSV,,,,,第30表  建物火災における用途別火災状況(構造別),2022-01-20T07:14:32,https://www.city.osaka.lg.jp/contents/wdu290/opendata/dataset/data-00000628/30.csv,,32,,,
,data-00000628,,,5332,active,2022-01-20T07:14:32,,,CSV,,,,,第31表　用途別火災状況(時間別),2022-01-20T07:14:32,https://www.city.osaka.lg.jp/contents/wdu290/opendata/dataset/data-00000628/31.csv,,33,,,
,data-00000628,,,2850,active,2022-01-20T07:14:32,,,CSV,,,,,第32表　用途別火災状況(初期消火器具別),2022-01-20T07:14:32,https://www.city.osaka.lg.jp/contents/wdu290/opendata/dataset/data-00000628/32.csv,,34,,,
,data-00000628,,,1103,active,2022-01-20T07:14:32,,,CSV,,,,,第33表　日別火災状況,2022-01-20T07:14:32,https://www.city.osaka.lg.jp/contents/wdu290/opendata/dataset/data-00000628/33.csv,,35,,,
,data-00000628,,,5903,active,2022-01-20T07:14:32,,,CSV,,,,,第34表  建物火災における階層別火災状況(被害別),2022-01-20T07:14:32,https://www.city.osaka.lg.jp/contents/wdu290/opendata/dataset/data-00000628/34.csv,,36,,,
,data-00000628,,,1103,active,2022-01-20T07:14:32,,,CSV,,,,,第33表　日別火災状況_乾燥注意報発令された日,2022-01-20T07:14:32,https://www.city.osaka.lg.jp/contents/wdu290/opendata/dataset/data-00000628/33kannsoutyuui.csv,,37,,,
,data-00000628,,,4535,active,2022-01-20T07:14:32,,,CSV,,,,,第35表　気象別火災状況,2022-01-20T07:14:32,https://www.city.osaka.lg.jp/contents/wdu290/opendata/dataset/data-00000628/35.csv,,38,,,
,data-00000628,,,729,active,2022-01-20T07:14:32,,,CSV,,,,,第36表  曜日別火災状況,2022-01-20T07:14:32,https://www.city.osaka.lg.jp/contents/wdu290/opendata/dataset/data-00000628/36.csv,,39,,,
,data-00000628,,,1083,active,2022-01-20T07:14:32,,,CSV,,,,,第37表  覚知方法別火災状況,2022-01-20T07:14:32,https://www.city.osaka.lg.jp/contents/wdu290/opendata/dataset/data-00000628/37.csv,,40,,,
,data-00000628,,,1542,active,2022-01-20T07:14:32,,,CSV,,,,,第38表　時間別火災状況,2022-01-20T07:14:32,https://www.city.osaka.lg.jp/contents/wdu290/opendata/dataset/data-00000628/38.csv,,41,,,
,data-00000628,,,1422,active,2022-01-20T07:14:32,,,CSV,,,,,第39表　焼損床面積別火災状況(月別・署別),2022-01-20T07:14:32,https://www.city.osaka.lg.jp/contents/wdu290/opendata/dataset/data-00000628/39.csv,,42,,,
,data-00000628,,,1731,active,2022-01-20T07:14:32,,,CSV,,,,,第40表　損害額別火災状況(月別・署別),2022-01-20T07:14:32,https://www.city.osaka.lg.jp/contents/wdu290/opendata/dataset/data-00000628/40.csv,,43,,,
,data-00000628,,,1434,active,2022-01-20T07:14:32,,,CSV,,,,,第41表  り災世帯別火災状況(月別・署別),2022-01-20T07:14:32,https://www.city.osaka.lg.jp/contents/wdu290/opendata/dataset/data-00000628/41.csv,,44,,,
,data-00000628,,,2798,active,2022-01-20T07:14:32,,,CSV,,,,,第42表　出火箇所と原因(建物火災),2022-01-20T07:14:32,https://www.city.osaka.lg.jp/contents/wdu290/opendata/dataset/data-00000628/42.csv,,45,,,
,data-00000628,,,2063,active,2022-01-20T07:14:32,,,CSV,,,,,第43表　出火箇所と原因(車両火災・船舶火災・爆発・その他の火災),2022-01-20T07:14:32,https://www.city.osaka.lg.jp/contents/wdu290/opendata/dataset/data-00000628/43.csv,,46,,,
,data-00000628,,,10987,active,2022-01-20T07:14:32,,,CSV,,,,,第44表　発火源と経過(電気による発熱体),2022-01-20T07:14:32,https://www.city.osaka.lg.jp/contents/wdu290/opendata/dataset/data-00000628/44.csv,,47,,,
,data-00000628,,,8847,active,2022-01-20T07:14:32,,,CSV,,,,,第45表　発火源と経過(ガス・油類を燃料とする道具装置),2022-01-20T07:14:32,https://www.city.osaka.lg.jp/contents/wdu290/opendata/dataset/data-00000628/45.csv,,48,,,
,data-00000628,,,1788,active,2022-01-20T07:14:32,,,CSV,,,,,第46表  発火源と経過(まき・炭・石灰(コークス)を燃料とする道具装置),2022-01-20T07:14:32,https://www.city.osaka.lg.jp/contents/wdu290/opendata/dataset/data-00000628/46.csv,,49,,,
,data-00000628,,,4282,active,2022-01-20T07:14:32,,,CSV,,,,,第47表　発火源と経過(火種(それ自身発火しているもの)),2022-01-20T07:14:32,https://www.city.osaka.lg.jp/contents/wdu290/opendata/dataset/data-00000628/47.csv,,50,,,
,data-00000628,,,1607,active,2022-01-20T07:14:32,,,CSV,,,,,第48表　発火源と経過(高温の固体),2022-01-20T07:14:32,https://www.city.osaka.lg.jp/contents/wdu290/opendata/dataset/data-00000628/48.csv,,51,,,
,data-00000628,,,1887,active,2022-01-20T07:14:32,,,CSV,,,,,第49表　発火源と経過（自然発火あるいは再燃をおこしやすいもの）,2022-01-20T07:14:32,https://www.city.osaka.lg.jp/contents/wdu290/opendata/dataset/data-00000628/49.csv,,52,,,
,data-00000628,,,1438,active,2022-01-20T07:14:32,,,CSV,,,,,第50表　発火源と経過(危険物品),2022-01-20T07:14:32,https://www.city.osaka.lg.jp/contents/wdu290/opendata/dataset/data-00000628/50.csv,,53,,,
,data-00000628,,,1204,active,2022-01-20T07:14:32,,,CSV,,,,,第51表　発火源と経過(天災),2022-01-20T07:14:32,https://www.city.osaka.lg.jp/contents/wdu290/opendata/dataset/data-00000628/51.csv,,54,,,
,data-00000628,,,1404,active,2022-01-20T07:14:32,,,CSV,,,,,第52表　放火(疑い含む)と火遊びによる火災の発生状況_着火物,2022-01-20T07:14:32,https://www.city.osaka.lg.jp/contents/wdu290/opendata/dataset/data-00000628/52tyakkabutu.csv,,55,,,
,data-00000628,,,970,active,2022-01-20T07:14:32,,,CSV,,,,,第52表　放火火(疑い含む)と火遊びによる火災の発生状況_発火源,2022-01-20T07:14:32,https://www.city.osaka.lg.jp/contents/wdu290/opendata/dataset/data-00000628/52hakkagenn.csv,,56,,,
,data-00000628,,,729,active,2022-01-20T07:14:32,,,CSV,,,,,第53表　天ぷら油による火災の発生状況_出火理由,2022-01-20T07:14:32,https://www.city.osaka.lg.jp/contents/wdu290/opendata/dataset/data-00000628/53syukkariyuu.csv,,57,,,
,data-00000628,,,504,active,2022-01-20T07:14:32,,,CSV,,,,,第53表　天ぷら油による火災の発生状況_発火源,2022-01-20T07:14:32,https://www.city.osaka.lg.jp/contents/wdu290/opendata/dataset/data-00000628/53hakkagenn.csv,,58,,,
,data-00000628,,,2738,active,2022-01-20T07:14:32,,,CSV,,,,,第54表　火災による死者(過去5年間),2022-01-20T07:14:32,https://www.city.osaka.lg.jp/contents/wdu290/opendata/dataset/data-00000628/54.csv,,59,,,
,data-00000628,,,2911,active,2022-01-20T07:14:32,,,CSV,,,,,第55表　火災による死者の状況,2022-01-20T07:14:32,https://www.city.osaka.lg.jp/contents/wdu290/opendata/dataset/data-00000628/55.csv,,60,,,
,data-00000628,,,4091,active,2022-01-20T07:14:32,,,CSV,,,,,第56表　昭和23年以降の火災状況(1),2022-01-20T07:14:32,https://www.city.osaka.lg.jp/contents/wdu290/opendata/dataset/data-00000628/56-1.csv,,61,,,
,data-00000628,,,4806,active,2022-01-20T07:14:32,,,CSV,,,,,第56表　昭和23年以降の火災状況(2),2022-01-20T07:14:32,https://www.city.osaka.lg.jp/contents/wdu290/opendata/dataset/data-00000628/56-2.csv,,62,,,
,data-00000628,,,2226,active,2022-01-20T07:14:32,,,CSV,,,,,第56表　昭和23年以降の火災状況(3),2022-01-20T07:14:32,https://www.city.osaka.lg.jp/contents/wdu290/opendata/dataset/data-00000628/56-3.csv,,63,,,
,data-00000628,,,2238,active,2022-01-20T07:14:32,,,CSV,,,,,第57表　火災防ぎょ活動状況,2022-01-20T07:14:32,https://www.city.osaka.lg.jp/contents/wdu290/opendata/dataset/data-00000628/57.csv,,64,,,
,data-00000628,,,2924,active,2022-01-20T07:14:32,,,CSV,,,,,第58表　火災防ぎょ活動での資器材・薬剤の使用状況,2022-01-20T07:14:32,https://www.city.osaka.lg.jp/contents/wdu290/opendata/dataset/data-00000628/58.csv,,65,,,
,data-00000628,,,1098,active,2022-01-20T07:14:32,,,CSV,,,,,第59表　使用水利・放水活動状況,2022-01-20T07:14:32,https://www.city.osaka.lg.jp/contents/wdu290/opendata/dataset/data-00000628/59.csv,,66,,,
,data-00000628,,,2456,active,2022-01-20T07:14:32,,,CSV,,,,,第60表　火災時の活動障害状況,2022-01-20T07:14:32,https://www.city.osaka.lg.jp/contents/wdu290/opendata/dataset/data-00000628/60.csv,,67,,,
,data-00000628,,,2700,active,2022-01-20T07:14:32,,,CSV,,,,,第61表　事故種別・救急活動状況,2022-01-20T07:14:32,https://www.city.osaka.lg.jp/contents/wdu290/opendata/dataset/data-00000628/61.csv,,68,,,
,data-00000628,,,5226,active,2022-01-20T07:14:32,,,CSV,,,,,第62表　月別・隊別活動状況,2022-01-20T07:14:32,https://www.city.osaka.lg.jp/contents/wdu290/opendata/dataset/data-00000628/62.csv,,69,,,
,data-00000628,,,1622,active,2022-01-20T07:14:32,,,CSV,,,,,第63表　月別出場件数及び搬送人員,2022-01-20T07:14:32,https://www.city.osaka.lg.jp/contents/wdu290/opendata/dataset/data-00000628/63.csv,,70,,,
,data-00000628,,,3494,active,2022-01-20T07:14:32,,,CSV,,,,,第64表　行政区別救急活動状況,2022-01-20T07:14:32,https://www.city.osaka.lg.jp/contents/wdu290/opendata/dataset/data-00000628/64.csv,,71,,,
,data-00000628,,,3132,active,2022-01-20T07:14:32,,,CSV,,,,,第65表　平日・休日・時間別出場件数及び搬送人員,2022-01-20T07:14:32,https://www.city.osaka.lg.jp/contents/wdu290/opendata/dataset/data-00000628/65.csv,,72,,,
,data-00000628,,,1720,active,2022-01-20T07:14:32,,,CSV,,,,,第66表　日別出場件数,2022-01-20T07:14:32,https://www.city.osaka.lg.jp/contents/wdu290/opendata/dataset/data-00000628/66.csv,,73,,,
,data-00000628,,,415,active,2022-01-20T07:14:32,,,CSV,,,,,第68表　発生場所別救急活動状況,2022-01-20T07:14:32,https://www.city.osaka.lg.jp/contents/wdu290/opendata/dataset/data-00000628/68.csv,,74,,,
,data-00000628,,,143,active,2022-01-20T07:14:32,,,CSV,,,,,第69表　覚知方法別出場件数,2022-01-20T07:14:32,https://www.city.osaka.lg.jp/contents/wdu290/opendata/dataset/data-00000628/69.csv,,75,,,
,data-00000628,,,586,active,2022-01-20T07:14:32,,,CSV,,,,,第70表　診療科目別搬送人員,2022-01-20T07:14:32,https://www.city.osaka.lg.jp/contents/wdu290/opendata/dataset/data-00000628/70.csv,,76,,,
,data-00000628,,,7010,active,2022-01-20T07:14:32,,,CSV,,,,,第72表　救急車走行距離及び所要時間,2022-01-20T07:14:32,https://www.city.osaka.lg.jp/contents/wdu290/opendata/dataset/data-00000628/72.csv,,77,,,
,data-00000628,,,656,active,2022-01-20T07:14:32,,,CSV,,,,,第73表　各種高順位表,2022-01-20T07:14:32,https://www.city.osaka.lg.jp/contents/wdu290/opendata/dataset/data-00000628/73.csv,,78,,,
,data-00000628,,,2190,active,2022-01-20T07:14:32,,,CSV,,,,,第74表　年別救急活動状況,2022-01-20T07:14:32,https://www.city.osaka.lg.jp/contents/wdu290/opendata/dataset/data-00000628/74.csv,,79,,,
,data-00000628,,,588,active,2022-01-20T07:14:32,,,CSV,,,,,第71表　活動区分別出場件数,2022-01-20T07:14:32,https://www.city.osaka.lg.jp/contents/wdu290/opendata/dataset/data-00000628/71.csv,,80,,,
,data-00000628,,,1886,active,2022-01-20T07:14:32,,,CSV,,,,,第75表　救助活動状況（火災を除く）,2022-01-20T07:14:32,https://www.city.osaka.lg.jp/contents/wdu290/opendata/dataset/data-00000628/75.csv,,81,,,
,data-00000628,,,4690,active,2022-01-20T07:14:32,,,CSV,,,,,第76表　人命救助活動状況（火災・救助別）,2022-01-20T07:14:32,https://www.city.osaka.lg.jp/contents/wdu290/opendata/dataset/data-00000628/76.csv,,82,,,
,data-00000628,,,1719,active,2022-01-20T07:14:32,,,CSV,,,,,第77表　救助活動での資器材・薬剤使用状況（火災を除く）,2022-01-20T07:14:32,https://www.city.osaka.lg.jp/contents/wdu290/opendata/dataset/data-00000628/77.csv,,83,,,
,data-00000628,,,4970,active,2022-01-20T07:14:32,,,CSV,,,,,第78表　火災・救急・救助以外の消防活動状況,2022-01-20T07:14:32,https://www.city.osaka.lg.jp/contents/wdu290/opendata/dataset/data-00000628/78.csv,,84,,,
,data-00000628,,,1517,active,2022-01-20T07:14:32,,,CSV,,,,,第79表　火災・救急・救助以外の消防活動での資器材・薬剤使用状況,2022-01-20T07:14:32,https://www.city.osaka.lg.jp/contents/wdu290/opendata/dataset/data-00000628/79.csv,,85,,,
,data-00000628,,,1861,active,2022-01-20T07:14:32,,,CSV,,,,,第80表　覚知方法別　火災・救急以外の消防活動状況,2022-01-20T07:14:32,https://www.city.osaka.lg.jp/contents/wdu290/opendata/dataset/data-00000628/80.csv,,86,,,
,data-00000628,,,232,active,2022-01-20T07:14:32,,,CSV,,,,,第81表　他都市との協力状況(火災)(ヘリ応援),2022-01-20T07:14:32,https://www.city.osaka.lg.jp/contents/wdu290/opendata/dataset/data-00000628/81heriouen.csv,,87,,,
,data-00000628,,,216,active,2022-01-20T07:14:32,,,CSV,,,,,第81表　他都市との協力状況(火災)(へり受援),2022-01-20T07:14:32,https://www.city.osaka.lg.jp/contents/wdu290/opendata/dataset/data-00000628/81herijyuen.csv,,88,,,
,data-00000628,,,265,active,2022-01-20T07:14:32,,,CSV,,,,,第81表　他都市との協力状況(火災)(応援),2022-01-20T07:14:32,https://www.city.osaka.lg.jp/contents/wdu290/opendata/dataset/data-00000628/81ouenn.csv,,89,,,
,data-00000628,,,222,active,2022-01-20T07:14:32,,,CSV,,,,,第81表　他都市との協力状況(火災)(受援),2022-01-20T07:14:32,https://www.city.osaka.lg.jp/contents/wdu290/opendata/dataset/data-00000628/81jyenn.csv,,90,,,
,data-00000628,,,237,active,2022-01-20T07:14:32,,,CSV,,,,,第82表　他都市との協力状況(救急)(中継活動),2022-01-20T07:14:32,https://www.city.osaka.lg.jp/contents/wdu290/opendata/dataset/data-00000628/82tyuukeikatudou.csv,,91,,,
,data-00000628,,,290,active,2022-01-20T07:14:32,,,CSV,,,,,第82表_他都市との協力状況（火災を除く救助）(市街直接出場),2022-01-20T07:14:32,https://www.city.osaka.lg.jp/contents/wdu290/opendata/dataset/data-00000628/82sigaityokusetusyutujyou.csv,,92,,,
,data-00000628,,,452,active,2022-01-20T07:14:32,,,CSV,,,,,第83表　他都市との協力状況(火災を除く救助)(ヘリ応援),2022-01-20T07:14:32,https://www.city.osaka.lg.jp/contents/wdu290/opendata/dataset/data-00000628/83heriouenn.csv,,93,,,
,data-00000628,,,257,active,2022-01-20T07:14:32,,,CSV,,,,,第83表　他都市との協力状況(火災を除く救助)(ヘリ受援),2022-01-20T07:14:32,https://www.city.osaka.lg.jp/contents/wdu290/opendata/dataset/data-00000628/83herijyuen.csv,,94,,,
,data-00000628,,,269,active,2022-01-20T07:14:32,,,CSV,,,,,第83表　他都市との協力状況(火災を除く救助)(受援),2022-01-20T07:14:32,https://www.city.osaka.lg.jp/contents/wdu290/opendata/dataset/data-00000628/83jyuenn.csv,,95,,,
,data-00000628,,,472,active,2022-01-20T07:14:32,,,CSV,,,,,第83表　他都市との協力状況(火災除く救助)(応援),2022-01-20T07:14:32,https://www.city.osaka.lg.jp/contents/wdu290/opendata/dataset/data-00000628/83ouenn.csv,,96,,,
,data-00000628,,,221,active,2022-01-20T07:14:32,,,CSV,,,,,第84表　他都市との協力状況(火災・救急・救助以外の消防活動)(ヘリ応援),2022-01-20T07:14:32,https://www.city.osaka.lg.jp/contents/wdu290/opendata/dataset/data-00000628/84heriouenn.csv,,97,,,
,data-00000628,,,167,active,2022-01-20T07:14:32,,,CSV,,,,,第84表　他都市との協力状況(火災・救急・救助以外の消防活動)(ヘリ受援),2022-01-20T07:14:32,https://www.city.osaka.lg.jp/contents/wdu290/opendata/dataset/data-00000628/84herijyuenn.csv,,98,,,
,data-00000628,,,226,active,2022-01-20T07:14:32,,,CSV,,,,,第84表　他都市との協力状況(火災・救急・救助以外の消防活動)(応援),2022-01-20T07:14:32,https://www.city.osaka.lg.jp/contents/wdu290/opendata/dataset/data-00000628/84ouenn.csv,,99,,,
,data-00000628,,,167,active,2022-01-20T07:14:32,,,CSV,,,,,第84表　他都市との協力状況(火災・救急・救助以外の消防活動)(受援),2022-01-20T07:14:32,https://www.city.osaka.lg.jp/contents/wdu290/opendata/dataset/data-00000628/84jyuenn.csv,,100,,,
,data-00000628,,,1042,active,2022-01-20T07:14:32,,,CSV,,,,,第67表　性別・事故種別搬送人員,2022-01-20T07:14:32,https://www.city.osaka.lg.jp/contents/wdu290/opendata/dataset/data-00000628/67.csv,,101,,,
,data-00000629,,,2846116,active,2023-06-14T00:00:00,,,CSV,,,,,地点別水質検査結果データ,2022-08-25T00:00:00,https://www.city.osaka.lg.jp/contents/wdu290/opendata/dataset/data-00000629/water_quality.csv,,0,,,
,data-00000630,,,937,active,2022-04-20T20:08:14,,,CSV,,,,,行政区別・男女別人口及び世帯数(令和4年3月末日現在),2022-04-20T20:08:14,https://www.city.osaka.lg.jp/contents/wdu290/opendata/dataset/data-00000630/0403_01_gyousei-danjo-setai.csv,,0,,,
,data-00000630,,,102772,active,2022-04-20T20:08:14,,,CSV,,,,,各区町丁目別・男女別・各歳別人口及び世帯数（北区）(令和4年3月末日現在),2022-04-20T20:08:14,https://www.city.osaka.lg.jp/contents/wdu290/opendata/dataset/data-00000630/0403_02-01_jyu-ki_kita.csv,,1,,,
,data-00000630,,,44698,active,2022-04-20T20:08:14,,,CSV,,,,,各区町丁目別・男女別・各歳別人口及び世帯数（都島区）(令和4年3月末日現在),2022-04-20T20:08:14,https://www.city.osaka.lg.jp/contents/wdu290/opendata/dataset/data-00000630/0403_02-02_jyu-ki_miyakojima.csv,,2,,,
,data-00000630,,,38571,active,2022-04-20T20:08:14,,,CSV,,,,,各区町丁目別・男女別・各歳別人口及び世帯数（福島区）(令和4年3月末日現在),2022-04-20T20:08:14,https://www.city.osaka.lg.jp/contents/wdu290/opendata/dataset/data-00000630/0403_02-03_jyu-ki_fukushima.csv,,3,,,
,data-00000630,,,50004,active,2022-04-20T20:08:14,,,CSV,,,,,各区町丁目別・男女別・各歳別人口及び世帯数（此花区）(令和4年3月末日現在),2022-04-20T20:08:14,https://www.city.osaka.lg.jp/contents/wdu290/opendata/dataset/data-00000630/0403_02-04_jyu-ki_konohana.csv,,4,,,
,data-00000630,,,147035,active,2022-04-20T20:08:14,,,CSV,,,,,各区町丁目別・男女別・各歳別人口及び世帯数（中央区）(令和4年3月末日現在),2022-04-20T20:08:14,https://www.city.osaka.lg.jp/contents/wdu290/opendata/dataset/data-00000630/0403_02-05_jyu-ki_chuou.csv,,5,,,
,data-00000630,,,53537,active,2022-04-20T20:08:14,,,CSV,,,,,各区町丁目別・男女別・各歳別人口及び世帯数（西区）(令和4年3月末日現在),2022-04-20T20:08:14,https://www.city.osaka.lg.jp/contents/wdu290/opendata/dataset/data-00000630/0403_02-06_jyu-ki_nishi.csv,,6,,,
,data-00000630,,,51682,active,2022-04-20T20:08:14,,,CSV,,,,,各区町丁目別・男女別・各歳別人口及び世帯数（港区）(令和4年3月末日現在),2022-04-20T20:08:14,https://www.city.osaka.lg.jp/contents/wdu290/opendata/dataset/data-00000630/0403_02-07_jyu-ki_minato.csv,,7,,,
,data-00000630,,,43083,active,2022-04-20T20:08:14,,,CSV,,,,,各区町丁目別・男女別・各歳別人口及び世帯数（大正区）(令和4年3月末日現在),2022-04-20T20:08:14,https://www.city.osaka.lg.jp/contents/wdu290/opendata/dataset/data-00000630/0403_02-08_jyu-ki_taishou.csv,,8,,,
,data-00000630,,,59742,active,2022-04-20T20:08:14,,,CSV,,,,,各区町丁目別・男女別・各歳別人口及び世帯数（天王寺区）(令和4年3月末日現在),2022-04-20T20:08:14,https://www.city.osaka.lg.jp/contents/wdu290/opendata/dataset/data-00000630/0403_02-09_jyu-ki_tennouji.csv,,9,,,
,data-00000630,,,52972,active,2022-04-20T20:08:14,,,CSV,,,,,各区町丁目別・男女別・各歳別人口及び世帯数（浪速区）(令和4年3月末日現在),2022-04-20T20:08:14,https://www.city.osaka.lg.jp/contents/wdu290/opendata/dataset/data-00000630/0403_02-10_jyu-ki_naniwa.csv,,10,,,
,data-00000630,,,56321,active,2022-04-20T20:08:14,,,CSV,,,,,各区町丁目別・男女別・各歳別人口及び世帯数（西淀川区）(令和4年3月末日現在),2022-04-20T20:08:14,https://www.city.osaka.lg.jp/contents/wdu290/opendata/dataset/data-00000630/0403_02-11_jyu-ki_nishiyodogawa.csv,,11,,,
,data-00000630,,,81467,active,2022-04-20T20:08:14,,,CSV,,,,,各区町丁目別・男女別・各歳別人口及び世帯数（淀川区）(令和4年3月末日現在),2022-04-20T20:08:14,https://www.city.osaka.lg.jp/contents/wdu290/opendata/dataset/data-00000630/0403_02-12_jyu-ki_yodogawa.csv,,12,,,
,data-00000630,,,80412,active,2022-04-20T20:08:14,,,CSV,,,,,各区町丁目別・男女別・各歳別人口及び世帯数（東淀川区）(令和4年3月末日現在),2022-04-20T20:08:14,https://www.city.osaka.lg.jp/contents/wdu290/opendata/dataset/data-00000630/0403_02-13_jyu-ki_higashiyodogawa.csv,,13,,,
,data-00000630,,,42457,active,2022-04-20T20:08:14,,,CSV,,,,,各区町丁目別・男女別・各歳別人口及び世帯数（東成区）(令和4年3月末日現在),2022-04-20T20:08:14,https://www.city.osaka.lg.jp/contents/wdu290/opendata/dataset/data-00000630/0403_02-14_jyu-ki_higashinari.csv,,14,,,
,data-00000630,,,79443,active,2022-04-20T20:08:14,,,CSV,,,,,各区町丁目別・男女別・各歳別人口及び世帯数（生野区）(令和4年3月末日現在),2022-04-20T20:08:14,https://www.city.osaka.lg.jp/contents/wdu290/opendata/dataset/data-00000630/0403_02-15_jyu-ki_ikuno.csv,,15,,,
,data-00000630,,,43368,active,2022-04-20T20:08:14,,,CSV,,,,,各区町丁目別・男女別・各歳別人口及び世帯数（旭区）(令和4年3月末日現在),2022-04-20T20:08:14,https://www.city.osaka.lg.jp/contents/wdu290/opendata/dataset/data-00000630/0403_02-16_jyu-ki_asahi.csv,,16,,,
,data-00000630,,,72023,active,2022-04-20T20:08:14,,,CSV,,,,,各区町丁目別・男女別・各歳別人口及び世帯数（城東区）(令和4年3月末日現在),2022-04-20T20:08:14,https://www.city.osaka.lg.jp/contents/wdu290/opendata/dataset/data-00000630/0403_02-17_jyu-ki_jyoutou.csv,,17,,,
,data-00000630,,,54678,active,2022-04-20T20:08:14,,,CSV,,,,,各区町丁目別・男女別・各歳別人口及び世帯数（鶴見区）(令和4年3月末日現在),2022-04-20T20:08:14,https://www.city.osaka.lg.jp/contents/wdu290/opendata/dataset/data-00000630/0403_02-18_jyu-ki_tsurumi.csv,,18,,,
,data-00000630,,,62099,active,2022-04-20T20:08:14,,,CSV,,,,,各区町丁目別・男女別・各歳別人口及び世帯数（阿倍野区）(令和4年3月末日現在),2022-04-20T20:08:14,https://www.city.osaka.lg.jp/contents/wdu290/opendata/dataset/data-00000630/0403_02-19_jyu-ki_abeno.csv,,19,,,
,data-00000630,,,85874,active,2022-04-20T20:08:14,,,CSV,,,,,各区町丁目別・男女別・各歳別人口及び世帯数（住之江区）(令和4年3月末日現在),2022-04-20T20:08:14,https://www.city.osaka.lg.jp/contents/wdu290/opendata/dataset/data-00000630/0403_02-20_jyu-ki_suminoe.csv,,20,,,
,data-00000630,,,91976,active,2022-04-20T20:08:14,,,CSV,,,,,各区町丁目別・男女別・各歳別人口及び世帯数（住吉区）(令和4年3月末日現在),2022-04-20T20:08:14,https://www.city.osaka.lg.jp/contents/wdu290/opendata/dataset/data-00000630/0403_02-21_jyu-ki_sumiyoshi.csv,,21,,,
,data-00000630,,,88757,active,2022-04-20T20:08:14,,,CSV,,,,,各区町丁目別・男女別・各歳別人口及び世帯数（東住吉区）(令和4年3月末日現在),2022-04-20T20:08:14,https://www.city.osaka.lg.jp/contents/wdu290/opendata/dataset/data-00000630/0403_02-22_jyu-ki_higashisumiyoshi.csv,,22,,,
,data-00000630,,,122242,active,2022-04-20T20:08:14,,,CSV,,,,,各区町丁目別・男女別・各歳別人口及び世帯数（平野区）(令和4年3月末日現在),2022-04-20T20:08:14,https://www.city.osaka.lg.jp/contents/wdu290/opendata/dataset/data-00000630/0403_02-23_jyu-ki_hirano.csv,,23,,,
,data-00000630,,,72522,active,2022-04-20T20:08:14,,,CSV,,,,,各区町丁目別・男女別・各歳別人口及び世帯数（西成区）(令和4年3月末日現在),2022-04-20T20:08:14,https://www.city.osaka.lg.jp/contents/wdu290/opendata/dataset/data-00000630/0403_02-24_jyu-ki_nishinari.csv,,24,,,
,data-00000630,,,9982,active,2022-04-20T20:08:14,,,CSV,,,,,行政区別・男女別・5歳階級別人口及び世帯数(令和4年3月末日現在),2022-04-20T20:08:14,https://www.city.osaka.lg.jp/contents/wdu290/opendata/dataset/data-00000630/0403_03_gyousei-danjo-5sai_setai.csv,,25,,,
,data-00000630,,,852,active,2022-04-20T20:08:14,,,CSV,,,,,行政区別・男女別・外国人人口及び世帯数(令和4年3月末日現在),2022-04-20T20:08:14,https://www.city.osaka.lg.jp/contents/wdu290/opendata/dataset/data-00000630/0403_04_gyousei-danjo_gaikokujin-setai.csv,,26,,,
,data-00000630,,,7621,active,2022-04-20T20:08:14,,,CSV,,,,,行政区別・男女別・5歳階級別・外国人人口及び世帯数(令和4年3月末日現在),2022-04-20T20:08:14,https://www.city.osaka.lg.jp/contents/wdu290/opendata/dataset/data-00000630/0403_05_gyousei-danjo-5sai_gaikokujin-setai.csv,,27,,,
,data-00000630,,,2893,active,2022-04-20T20:08:14,,,CSV,,,,,外国人住民国籍別人口(令和4年3月末日現在),2022-04-20T20:08:14,https://www.city.osaka.lg.jp/contents/wdu290/opendata/dataset/data-00000630/0403_06_kokusekibetu.csv,,28,,,
,data-00000630,,,10981,active,2022-04-20T20:08:14,,,CSV,,,,,外国人住民区別国籍別人口(令和4年3月末日現在),2022-04-20T20:08:14,https://www.city.osaka.lg.jp/contents/wdu290/opendata/dataset/data-00000630/0403_07_kubetu-kokusekibetu_gaikokujin.csv,,29,,,
,data-00000630,,,9640,active,2022-04-20T20:08:14,,,CSV,,,,,外国人住民区別在留資格別人口(令和4年3月末日現在),2022-04-20T20:08:14,https://www.city.osaka.lg.jp/contents/wdu290/opendata/dataset/data-00000630/0403_08_kubetu-shikakubetu_gaikokujin.csv,,30,,,
,data-00000631,,,225242,active,2022-07-13T09:55:59,,歳入歳出予算決算額です。,CSV,,,,,1 財政　1-1　歳入歳出予算決算額,2022-07-13T09:55:59,https://www.city.osaka.lg.jp/contents/wdu290/opendata/dataset/data-00000631/1-1.csv,,0,,,
,data-00000631,,,341092,active,2022-07-13T09:56:04,,市税決算額の税目別明細です。,CSV,,,,,3 税収入　3-1(1)　市税決算額_税目別明細,2022-07-13T09:56:04,https://www.city.osaka.lg.jp/contents/wdu290/opendata/dataset/data-00000631/3-1_1.csv,,1,,,
,data-00000631,,,28299,active,2022-07-13T10:31:09,,市税徴収整理状況の納付状況調です。,CSV,,,,,3 税収入　3-3(2)　市税徴収整理状況_納付状況調,2022-07-13T10:31:09,https://www.city.osaka.lg.jp/contents/wdu290/opendata/dataset/data-00000631/3-3_2.csv,,2,,,
,data-00000631,,,46511,active,2022-07-21T14:16:11,,市民税個人分の納税義務者数です。,CSV,,,,,4 課税標準等　4-1(1)　市民税_個人分（納税義務者数）,2022-07-21T14:16:11,https://www.city.osaka.lg.jp/contents/wdu290/opendata/dataset/data-00000631/4-1_1-2.csv,,3,,,
,data-00000631,,,32275,active,2022-07-21T14:16:18,,市民税個人分の住所区別調定済額です。,CSV,,,,,4 課税標準等　4-1(1)　市民税_個人分（住所区別調定済額）,2022-07-21T14:16:18,https://www.city.osaka.lg.jp/contents/wdu290/opendata/dataset/data-00000631/4-1_1-3.csv,,4,,,
,data-00000631,,,18457,active,2022-07-13T09:57:29,,市民税法人分の法人均等割納税義務者数です。,CSV,,,,,4 課税標準等　4-1(2)　市民税_法人分（法人均等割納税義務者数）,2022-07-13T09:57:29,https://www.city.osaka.lg.jp/contents/wdu290/opendata/dataset/data-00000631/4-1_2-3.csv,,5,,,
,data-00000631,,,1755,active,2022-07-13T09:56:12,,税務職員数（本庁及び市税事務所）です。,CSV,,,,,9 税務　9-2(1)　税務職員数_本庁及び市税事務所,2022-07-13T09:56:12,https://www.city.osaka.lg.jp/contents/wdu290/opendata/dataset/data-00000631/9-2_1.csv,,6,,,
,data-00000631,,,6560,active,2022-07-13T09:56:25,,税務職員数（係別_本庁）です。,CSV,,,,,9 税務　9-2(2)　税務職員数_係別_本庁,2022-07-13T09:56:25,https://www.city.osaka.lg.jp/contents/wdu290/opendata/dataset/data-00000631/9-2_2.csv,,7,,,
,data-00000631,,,32318,active,2022-07-13T09:56:30,,税務職員数（係別_区役所・市税事務所）です。,CSV,,,,,9 税務　9-2(3)　税務職員数_係別_区役所・市税事務所,2022-07-13T09:56:30,https://www.city.osaka.lg.jp/contents/wdu290/opendata/dataset/data-00000631/9-2_3.csv,,8,,,
,data-00000631,,,7635,active,2022-07-13T09:56:34,,徴税費です。,CSV,,,,,9 税務　9-3　徴税費,2022-07-13T09:56:34,https://www.city.osaka.lg.jp/contents/wdu290/opendata/dataset/data-00000631/9-3.csv,,9,,,
,data-00000631,,,25094,active,2022-07-21T14:31:05,,市税口座振替利用状況です。,CSV,,,,,9 税務　9-5　市税口座振替利用状況,2022-07-21T14:31:05,https://www.city.osaka.lg.jp/contents/wdu290/opendata/dataset/data-00000631/9-5.csv,,10,,,
,data-00000632,,,1400,active,2022-07-11T09:39:46,,一般会計歳入予算決算額です。,CSV,,,,,1 財政　1-4-1　一般会計歳入予算決算額,2022-07-11T09:39:46,https://www.city.osaka.lg.jp/contents/wdu290/opendata/dataset/data-00000632/utf8_1-1-4-1.csv,,0,,,
,data-00000632,,,961,active,2022-07-11T09:39:52,,一般会計歳出予算決算額です。,CSV,,,,,1 財政　1-4-2　一般会計歳出予算決算額,2022-07-11T09:39:52,https://www.city.osaka.lg.jp/contents/wdu290/opendata/dataset/data-00000632/utf8_1-1-4-2.csv,,1,,,
,data-00000632,,,859,active,2022-07-11T09:39:57,,特別会計予算歳入決算額です。,CSV,,,,,1 財政　1-4-3　特別会計歳入予算決算額,2022-07-11T09:39:57,https://www.city.osaka.lg.jp/contents/wdu290/opendata/dataset/data-00000632/utf8_1-1-4-3.csv,,2,,,
,data-00000632,,,858,active,2022-07-11T09:40:02,,特別会計歳出予算決算額です。,CSV,,,,,1 財政　1-4-4　特別会計歳出予算決算額,2022-07-11T09:40:02,https://www.city.osaka.lg.jp/contents/wdu290/opendata/dataset/data-00000632/utf8_1-1-4-4.csv,,3,,,
,data-00000632,,,2327,active,2022-07-11T09:40:43,,一般会計歳入決算額累年比較です。,CSV,,,,,1 財政　2-2-1　一般会計歳入決算額累年比較,2022-07-11T09:40:43,https://www.city.osaka.lg.jp/contents/wdu290/opendata/dataset/data-00000632/utf8_1-2-2-1.csv,,4,,,
,data-00000632,,,1865,active,2022-07-11T09:40:49,,一般会計歳出決算額累年比較です。,CSV,,,,,1 財政　2-2-2　一般会計歳出決算額累年比較,2022-07-11T09:40:49,https://www.city.osaka.lg.jp/contents/wdu290/opendata/dataset/data-00000632/utf8_1-2-2-2.csv,,5,,,
,data-00000632,,,8300,active,2022-07-11T09:41:20,,令和2年度市税予算額補正推移です。,CSV,,,,,2 市税予算　1-1　令和2年度市税予算額補正推移,2022-07-11T09:41:20,https://www.city.osaka.lg.jp/contents/wdu290/opendata/dataset/data-00000632/utf8_2-1-1.csv,,6,,,
,data-00000632,,,13340,active,2022-07-11T09:41:30,,当初予算額累年比較です。,CSV,,,,,2 市税予算　2-3-1　当初予算額累年比較,2022-07-11T09:41:30,https://www.city.osaka.lg.jp/contents/wdu290/opendata/dataset/data-00000632/utf8_2-2-3-1.csv,,7,,,
,data-00000632,,,13351,active,2022-07-11T09:41:35,,最終予算額累年比較です。,CSV,,,,,2 市税予算　2-3-2　最終予算額累年比較,2022-07-11T09:41:35,https://www.city.osaka.lg.jp/contents/wdu290/opendata/dataset/data-00000632/utf8_2-2-3-2.csv,,8,,,
,data-00000632,,,5641,active,2022-07-11T09:41:42,,市税予算、決算額等累年比較です。,CSV,,,,,2 市税予算　2-3-3　市税予算、決算額等累年比較,2022-07-11T09:41:42,https://www.city.osaka.lg.jp/contents/wdu290/opendata/dataset/data-00000632/utf8_2-2-3-3.csv,,9,,,
,data-00000632,,,4385,active,2022-07-11T09:42:01,,市税決算額累年比較（各区別明細）です。,CSV,,,,,3 税収入　1-1　市税決算額累年比較（各区別明細）,2022-07-11T09:42:01,https://www.city.osaka.lg.jp/contents/wdu290/opendata/dataset/data-00000632/utf8_3-1-1.csv,,10,,,
,data-00000632,,,3581,active,2022-07-11T09:42:23,,市税決算額累年比較（昭和20年度～昭和24年度）です。,CSV,,,,,3 税収入　1-17-1　市税決算額累年比較（昭和20年度～昭和24年度）,2022-07-11T09:42:23,https://www.city.osaka.lg.jp/contents/wdu290/opendata/dataset/data-00000632/utf8_3-1-17-1.csv,,11,,,
,data-00000632,,,13341,active,2022-07-11T09:43:25,,市税決算額累年比較（平成元年度～平成4年度）です。,CSV,,,,,3 税収入　1-17-10　市税決算額累年比較（平成元年度～平成4年度）,2022-07-11T09:43:25,https://www.city.osaka.lg.jp/contents/wdu290/opendata/dataset/data-00000632/utf8_3-1-17-10.csv,,12,,,
,data-00000632,,,12437,active,2022-07-11T09:43:31,,市税決算額累年比較（平成5年度～平成8年度）です。,CSV,,,,,3 税収入　1-17-11　市税決算額累年比較（平成5年度～平成8年度）,2022-07-11T09:43:31,https://www.city.osaka.lg.jp/contents/wdu290/opendata/dataset/data-00000632/utf8_3-1-17-11.csv,,13,,,
,data-00000632,,,11340,active,2022-07-11T09:43:39,,市税決算額累年比較（平成9年度～平成12年度）です。,CSV,,,,,3 税収入　1-17-12　市税決算額累年比較（平成9年度～平成12年度）,2022-07-11T09:43:39,https://www.city.osaka.lg.jp/contents/wdu290/opendata/dataset/data-00000632/utf8_3-1-17-12.csv,,14,,,
,data-00000632,,,11464,active,2022-07-11T09:43:45,,市税決算額累年比較（平成13年度～平成16年度）です。,CSV,,,,,3 税収入　1-17-13　市税決算額累年比較（平成13年度～平成16年度）,2022-07-11T09:43:45,https://www.city.osaka.lg.jp/contents/wdu290/opendata/dataset/data-00000632/utf8_3-1-17-13.csv,,15,,,
,data-00000632,,,11596,active,2022-07-11T09:43:55,,市税決算額累年比較（平成17年度～平成20年度）です。,CSV,,,,,3 税収入　1-17-14　市税決算額累年比較（平成17年度～平成20年度）,2022-07-11T09:43:55,https://www.city.osaka.lg.jp/contents/wdu290/opendata/dataset/data-00000632/utf8_3-1-17-14.csv,,16,,,
,data-00000632,,,11175,active,2022-07-11T09:44:01,,市税決算額累年比較（平成21年度～平成24年度）です。,CSV,,,,,3 税収入　1-17-15　市税決算額累年比較（平成21年度～平成24年度）,2022-07-11T09:44:01,https://www.city.osaka.lg.jp/contents/wdu290/opendata/dataset/data-00000632/utf8_3-1-17-15.csv,,17,,,
,data-00000632,,,10937,active,2022-07-11T09:44:07,,市税決算額累年比較（平成25年度～平成28年度）です。,CSV,,,,,3 税収入　1-17-16　市税決算額累年比較（平成25年度～平成28年度）,2022-07-11T09:44:07,https://www.city.osaka.lg.jp/contents/wdu290/opendata/dataset/data-00000632/utf8_3-1-17-16.csv,,18,,,
,data-00000632,,,11821,active,2022-07-11T09:44:14,,市税決算額累年比較（平成29年度～令和2年度）です。,CSV,,,,,3 税収入　1-17-17　市税決算額累年比較（平成29年度～令和2年度）,2022-07-11T09:44:14,https://www.city.osaka.lg.jp/contents/wdu290/opendata/dataset/data-00000632/utf8_3-1-17-17.csv,,19,,,
,data-00000632,,,10291,active,2022-07-11T09:42:33,,市税決算額累年比較（昭和25年度～昭和29年度）です。,CSV,,,,,3 税収入　1-17-2　市税決算額累年比較（昭和25年度～昭和29年度）,2022-07-11T09:42:33,https://www.city.osaka.lg.jp/contents/wdu290/opendata/dataset/data-00000632/utf8_3-1-17-2.csv,,20,,,
,data-00000632,,,13129,active,2022-07-11T09:42:40,,市税決算額累年比較（昭和30年度～昭和34年度）です。,CSV,,,,,3 税収入　1-17-3　市税決算額累年比較（昭和30年度～昭和34年度）,2022-07-11T09:42:40,https://www.city.osaka.lg.jp/contents/wdu290/opendata/dataset/data-00000632/utf8_3-1-17-3.csv,,21,,,
,data-00000632,,,12754,active,2022-07-11T09:42:47,,市税決算額累年比較（昭和35年度～昭和39年度）です。,CSV,,,,,3 税収入　1-17-4　市税決算額累年比較（昭和35年度～昭和39年度）,2022-07-11T09:42:47,https://www.city.osaka.lg.jp/contents/wdu290/opendata/dataset/data-00000632/utf8_3-1-17-4.csv,,22,,,
,data-00000632,,,13698,active,2022-07-22T10:25:37,,市税決算額累年比較（昭和40年度～昭和44年度）です。,CSV,,,,,3 税収入　1-17-5　市税決算額累年比較（昭和40年度～昭和44年度）,2022-07-22T10:25:37,https://www.city.osaka.lg.jp/contents/wdu290/opendata/dataset/data-00000632/utf8_3-1-17-5.csv,,23,,,
,data-00000632,,,13889,active,2022-07-11T09:42:59,,市税決算額累年比較（昭和45年度～昭和49年度）です。,CSV,,,,,3 税収入　1-17-6　市税決算額累年比較（昭和45年度～昭和49年度）,2022-07-11T09:42:59,https://www.city.osaka.lg.jp/contents/wdu290/opendata/dataset/data-00000632/utf8_3-1-17-6.csv,,24,,,
,data-00000632,,,14748,active,2022-07-11T09:43:05,,市税決算額累年比較（昭和50年度～昭和54年度）です。,CSV,,,,,3 税収入　1-17-7　市税決算額累年比較（昭和50年度～昭和54年度）,2022-07-11T09:43:05,https://www.city.osaka.lg.jp/contents/wdu290/opendata/dataset/data-00000632/utf8_3-1-17-7.csv,,25,,,
,data-00000632,,,14947,active,2022-07-11T09:43:11,,市税決算額累年比較（昭和55年度～昭和59年度）です。,CSV,,,,,3 税収入　1-17-8　市税決算額累年比較（昭和55年度～昭和59年度）,2022-07-11T09:43:11,https://www.city.osaka.lg.jp/contents/wdu290/opendata/dataset/data-00000632/utf8_3-1-17-8.csv,,26,,,
,data-00000632,,,12840,active,2022-07-11T09:43:18,,市税決算額累年比較（昭和60年度～昭和63年度）です。,CSV,,,,,3 税収入　1-17-9　市税決算額累年比較（昭和60年度～昭和63年度）,2022-07-11T09:43:18,https://www.city.osaka.lg.jp/contents/wdu290/opendata/dataset/data-00000632/utf8_3-1-17-9.csv,,27,,,
,data-00000632,,,22960,active,2022-07-11T09:45:19,,令和2年度月別調定額及び収入額です。,CSV,,,,,3 税収入　2-1　令和2年度月別調定額及び収入額,2022-07-11T09:45:19,https://www.city.osaka.lg.jp/contents/wdu290/opendata/dataset/data-00000632/utf8_3-2-1.csv,,28,,,
,data-00000632,,,4321,active,2022-07-11T09:45:34,,市税徴収整理状況等（納付状況累年比較）です。,CSV,,,,,3 税収入　3-2-1　市税徴収整理状況等（納付状況累年比較）,2022-07-11T09:45:34,https://www.city.osaka.lg.jp/contents/wdu290/opendata/dataset/data-00000632/utf8_3-3-2-1.csv,,29,,,
,data-00000632,,,6646,active,2022-07-11T09:50:25,,市税徴収整理状況等（納付状況調）です。,CSV,,,,,3 税収入　3-2-2　市税徴収整理状況等（納付状況調）,2022-07-11T09:50:25,https://www.city.osaka.lg.jp/contents/wdu290/opendata/dataset/data-00000632/utf8_3-3-2-2.csv,,30,,,
,data-00000632,,,2992,active,2022-07-11T09:56:46,,税目別増減収寄与率（昭和26年～昭和33年）です。,CSV,,,,,3 税収入　4-11-1　税目別増減収寄与率（昭和26年～昭和33年）,2022-07-11T09:56:46,https://www.city.osaka.lg.jp/contents/wdu290/opendata/dataset/data-00000632/utf8_3-4-11-1.csv,,31,,,
,data-00000632,,,3108,active,2022-07-11T09:56:57,,税目別増減収寄与率（昭和34年～昭和41年）です。,CSV,,,,,3 税収入　4-11-2　税目別増減収寄与率（昭和34年～昭和41年）,2022-07-11T09:56:57,https://www.city.osaka.lg.jp/contents/wdu290/opendata/dataset/data-00000632/utf8_3-4-11-2.csv,,32,,,
,data-00000632,,,3353,active,2022-07-11T09:57:04,,税目別増減収寄与率（昭和42年～昭和49年）です。,CSV,,,,,3 税収入　4-11-3　税目別増減収寄与率（昭和42年～昭和49年）,2022-07-11T09:57:04,https://www.city.osaka.lg.jp/contents/wdu290/opendata/dataset/data-00000632/utf8_3-4-11-3.csv,,33,,,
,data-00000632,,,3325,active,2022-07-11T09:57:21,,税目別増減収寄与率（昭和50年～昭和57年）です。,CSV,,,,,3 税収入　4-11-4　税目別増減収寄与率（昭和50年～昭和57年）,2022-07-11T09:57:21,https://www.city.osaka.lg.jp/contents/wdu290/opendata/dataset/data-00000632/utf8_3-4-11-4.csv,,34,,,
,data-00000632,,,3395,active,2022-07-11T09:57:29,,税目別増減収寄与率（昭和58年～平成2年）です。,CSV,,,,,3 税収入　4-11-5　税目別増減収寄与率（昭和58年～平成2年）,2022-07-11T09:57:29,https://www.city.osaka.lg.jp/contents/wdu290/opendata/dataset/data-00000632/utf8_3-4-11-5.csv,,35,,,
,data-00000632,,,3287,active,2022-07-11T09:57:36,,税目別増減収寄与率（平成3年～平成10年）です。,CSV,,,,,3 税収入　4-11-6　税目別増減収寄与率（平成3年～平成10年）,2022-07-11T09:57:36,https://www.city.osaka.lg.jp/contents/wdu290/opendata/dataset/data-00000632/utf8_3-4-11-6.csv,,36,,,
,data-00000632,,,3330,active,2022-07-11T09:57:44,,税目別増減収寄与率（平成11年～平成18年）です。,CSV,,,,,3 税収入　4-11-7　税目別増減収寄与率（平成11年～平成18年）,2022-07-11T09:57:44,https://www.city.osaka.lg.jp/contents/wdu290/opendata/dataset/data-00000632/utf8_3-4-11-7.csv,,37,,,
,data-00000632,,,3168,active,2022-07-11T10:07:42,,税目別増減収寄与率（平成19年～平成26年）です。,CSV,,,,,3 税収入　4-11-8　税目別増減収寄与率（平成19年～平成26年）,2022-07-11T10:07:42,https://www.city.osaka.lg.jp/contents/wdu290/opendata/dataset/data-00000632/utf8_3-4-11-8.csv,,38,,,
,data-00000632,,,2429,active,2022-07-11T10:07:49,,税目別増減収寄与率（平成27年～令和2年）です。,CSV,,,,,3 税収入　4-11-9　税目別増減収寄与率（平成27年～令和2年）,2022-07-11T10:07:49,https://www.city.osaka.lg.jp/contents/wdu290/opendata/dataset/data-00000632/utf8_3-4-11-9.csv,,39,,,
,data-00000632,,,1990,active,2022-07-21T13:41:01,,市民税（個人1）です。,CSV,,,,,4 課税標準等　1-14-1　市民税（個人1）,2022-07-21T13:41:01,https://www.city.osaka.lg.jp/contents/wdu290/opendata/dataset/data-00000632/utf8_4-1-14-1.csv,,40,,,
,data-00000632,,,1335,active,2022-07-11T10:00:44,,市民税（法人7）です。,CSV,,,,,4 課税標準等　1-14-10　市民税（法人7）,2022-07-11T10:00:44,https://www.city.osaka.lg.jp/contents/wdu290/opendata/dataset/data-00000632/utf8_4-1-14-10.csv,,41,,,
,data-00000632,,,928,active,2022-07-11T10:00:50,,市民税（法人8）です。,CSV,,,,,4 課税標準等　1-14-11　市民税（法人8）,2022-07-11T10:00:50,https://www.city.osaka.lg.jp/contents/wdu290/opendata/dataset/data-00000632/utf8_4-1-14-11.csv,,42,,,
,data-00000632,,,1402,active,2022-07-11T10:00:57,,市民税（法人9）です。,CSV,,,,,4 課税標準等　1-14-12　市民税（法人9）,2022-07-11T10:00:57,https://www.city.osaka.lg.jp/contents/wdu290/opendata/dataset/data-00000632/utf8_4-1-14-12.csv,,43,,,
,data-00000632,,,1107,active,2022-07-11T10:01:06,,市民税（法人10）です。,CSV,,,,,4 課税標準等　1-14-13　市民税（法人10）,2022-07-11T10:01:06,https://www.city.osaka.lg.jp/contents/wdu290/opendata/dataset/data-00000632/utf8_4-1-14-13.csv,,44,,,
,data-00000632,,,1088,active,2022-07-11T10:01:13,,市民税（法人11）です。,CSV,,,,,4 課税標準等　1-14-14　市民税（法人11）,2022-07-11T10:01:13,https://www.city.osaka.lg.jp/contents/wdu290/opendata/dataset/data-00000632/utf8_4-1-14-14.csv,,45,,,
,data-00000632,,,1851,active,2022-07-21T13:42:09,,市民税（個人2）です。,CSV,,,,,4 課税標準等　1-14-2　市民税（個人2）,2022-07-21T13:42:09,https://www.city.osaka.lg.jp/contents/wdu290/opendata/dataset/data-00000632/utf8_4-1-14-2.csv,,46,,,
,data-00000632,,,2099,active,2024-10-16T12:15:38,,市民税（個人3）です。 令和6年10月23日に調定額の単位を（千円）に修正しました。,CSV,,,,,4 課税標準等　1-14-3　市民税（個人3）,2022-07-21T13:44:01,https://www.city.osaka.lg.jp/contents/wdu290/opendata/dataset/data-00000632/utf8_4-1-14-3.csv,,47,,,
,data-00000632,,,706,active,2022-07-11T09:59:06,,市民税（法人1）です。,CSV,,,,,4 課税標準等　1-14-4　市民税（法人1）,2022-07-11T09:59:06,https://www.city.osaka.lg.jp/contents/wdu290/opendata/dataset/data-00000632/utf8_4-1-14-4.csv,,48,,,
,data-00000632,,,652,active,2022-07-11T09:59:19,,市民税（法人2）です。,CSV,,,,,4 課税標準等　1-14-5　市民税（法人2）,2022-07-11T09:59:19,https://www.city.osaka.lg.jp/contents/wdu290/opendata/dataset/data-00000632/utf8_4-1-14-5.csv,,49,,,
,data-00000632,,,1206,active,2022-07-11T10:08:35,,市民税（法人3）です。,CSV,,,,,4 課税標準等　1-14-6　市民税（法人3）,2022-07-11T10:08:35,https://www.city.osaka.lg.jp/contents/wdu290/opendata/dataset/data-00000632/utf8_4-1-14-6.csv,,50,,,
,data-00000632,,,3859,active,2022-07-11T10:00:23,,市民税（法人4）です。,CSV,,,,,4 課税標準等　1-14-7　市民税（法人4）,2022-07-11T10:00:23,https://www.city.osaka.lg.jp/contents/wdu290/opendata/dataset/data-00000632/utf8_4-1-14-7.csv,,51,,,
,data-00000632,,,3171,active,2022-07-11T09:57:52,,市民税（法人5）です。,CSV,,,,,4 課税標準等　1-14-8　市民税（法人5）,2022-07-11T09:57:52,https://www.city.osaka.lg.jp/contents/wdu290/opendata/dataset/data-00000632/utf8_4-1-14-8.csv,,52,,,
,data-00000632,,,4127,active,2022-07-11T09:57:58,,市民税（法人6）です。,CSV,,,,,4 課税標準等　1-14-9　市民税（法人6）,2022-07-11T09:57:58,https://www.city.osaka.lg.jp/contents/wdu290/opendata/dataset/data-00000632/utf8_4-1-14-9.csv,,53,,,
,data-00000632,,,1124,active,2022-07-11T10:01:49,,固定資産税（1）1です。,CSV,,,,,4 課税標準等　2-13-1　固定資産税（1）1,2022-07-11T10:01:49,https://www.city.osaka.lg.jp/contents/wdu290/opendata/dataset/data-00000632/utf8_4-2-13-1.csv,,54,,,
,data-00000632,,,1134,active,2022-07-11T10:02:57,,固定資産税（2）2です。,CSV,,,,,4 課税標準等　2-13-10　固定資産税（2）2,2022-07-11T10:02:57,https://www.city.osaka.lg.jp/contents/wdu290/opendata/dataset/data-00000632/utf8_4-2-13-10.csv,,55,,,
,data-00000632,,,2480,active,2022-07-11T10:03:05,,固定資産税（2）3です。,CSV,,,,,4 課税標準等　2-13-11　固定資産税（2）3,2022-07-11T10:03:05,https://www.city.osaka.lg.jp/contents/wdu290/opendata/dataset/data-00000632/utf8_4-2-13-11.csv,,56,,,
,data-00000632,,,1396,active,2022-07-11T10:03:11,,固定資産税（2）4です。,CSV,,,,,4 課税標準等　2-13-12　固定資産税（2）4,2022-07-11T10:03:11,https://www.city.osaka.lg.jp/contents/wdu290/opendata/dataset/data-00000632/utf8_4-2-13-12.csv,,57,,,
,data-00000632,,,1691,active,2022-07-11T10:03:26,,固定資産税（2）5です。,CSV,,,,,4 課税標準等　2-13-13　固定資産税（2）5,2022-07-11T10:03:26,https://www.city.osaka.lg.jp/contents/wdu290/opendata/dataset/data-00000632/utf8_4-2-13-13.csv,,58,,,
,data-00000632,,,1020,active,2022-07-11T10:01:57,,固定資産税（1）2です。,CSV,,,,,4 課税標準等　2-13-2　固定資産税（1）2,2022-07-11T10:01:57,https://www.city.osaka.lg.jp/contents/wdu290/opendata/dataset/data-00000632/utf8_4-2-13-2.csv,,59,,,
,data-00000632,,,758,active,2022-07-11T10:02:03,,固定資産税（1）3です。,CSV,,,,,4 課税標準等　2-13-3　固定資産税（1）3,2022-07-11T10:02:03,https://www.city.osaka.lg.jp/contents/wdu290/opendata/dataset/data-00000632/utf8_4-2-13-3.csv,,60,,,
,data-00000632,,,4634,active,2022-07-11T10:02:11,,固定資産税（1）4です。,CSV,,,,,4 課税標準等　2-13-4　固定資産税（1）4,2022-07-11T10:02:11,https://www.city.osaka.lg.jp/contents/wdu290/opendata/dataset/data-00000632/utf8_4-2-13-4.csv,,61,,,
,data-00000632,,,1218,active,2022-07-11T10:02:18,,固定資産税（1）5です。,CSV,,,,,4 課税標準等　2-13-5　固定資産税（1）5,2022-07-11T10:02:18,https://www.city.osaka.lg.jp/contents/wdu290/opendata/dataset/data-00000632/utf8_4-2-13-5.csv,,62,,,
,data-00000632,,,2113,active,2022-07-11T10:00:13,,固定資産税（1）6です。,CSV,,,,,4 課税標準等　2-13-6　固定資産税（1）6,2022-07-11T10:00:13,https://www.city.osaka.lg.jp/contents/wdu290/opendata/dataset/data-00000632/utf8_4-2-13-6.csv,,63,,,
,data-00000632,,,2537,active,2022-07-11T10:02:34,,固定資産税（1）7です。,CSV,,,,,4 課税標準等　2-13-7　固定資産税（1）7,2022-07-11T10:02:34,https://www.city.osaka.lg.jp/contents/wdu290/opendata/dataset/data-00000632/utf8_4-2-13-7.csv,,64,,,
,data-00000632,,,1278,active,2022-07-11T10:02:42,,固定資産税（1）8です。,CSV,,,,,4 課税標準等　2-13-8　固定資産税（1）8,2022-07-11T10:02:42,https://www.city.osaka.lg.jp/contents/wdu290/opendata/dataset/data-00000632/utf8_4-2-13-8.csv,,65,,,
,data-00000632,,,2743,active,2022-07-11T10:02:50,,固定資産税（2）1です。,CSV,,,,,4 課税標準等　2-13-9　固定資産税（2）1,2022-07-11T10:02:50,https://www.city.osaka.lg.jp/contents/wdu290/opendata/dataset/data-00000632/utf8_4-2-13-9.csv,,66,,,
,data-00000632,,,3160,active,2022-07-11T10:03:50,,軽自動車税1です。,CSV,,,,,4 課税標準等　3-2-1　軽自動車税1,2022-07-11T10:03:50,https://www.city.osaka.lg.jp/contents/wdu290/opendata/dataset/data-00000632/utf8_4-3-2-1.csv,,67,,,
,data-00000632,,,5983,active,2022-07-11T10:03:55,,軽自動車税2です。,CSV,,,,,4 課税標準等　3-2-2　軽自動車税2,2022-07-11T10:03:55,https://www.city.osaka.lg.jp/contents/wdu290/opendata/dataset/data-00000632/utf8_4-3-2-2.csv,,68,,,
,data-00000632,,,592,active,2022-07-11T10:04:04,,市たばこ消費税です。,CSV,,,,,4 課税標準等　4-2-1　市たばこ消費税,2022-07-11T10:04:04,https://www.city.osaka.lg.jp/contents/wdu290/opendata/dataset/data-00000632/utf8_4-4-2-1.csv,,69,,,
,data-00000632,,,986,active,2022-07-11T10:04:11,,市たばこ税です。,CSV,,,,,4 課税標準等　4-2-2　市たばこ税,2022-07-11T10:04:11,https://www.city.osaka.lg.jp/contents/wdu290/opendata/dataset/data-00000632/utf8_4-4-2-2.csv,,70,,,
,data-00000632,,,874,active,2022-07-11T10:04:27,,入湯税です。,CSV,,,,,4 課税標準等　5-1　入湯税,2022-07-11T10:04:27,https://www.city.osaka.lg.jp/contents/wdu290/opendata/dataset/data-00000632/utf8_4-5-1.csv,,71,,,
,data-00000632,,,2181,active,2024-10-16T12:17:17,,事業所税です。 令和6年10月23日に課税標準_資産割の単位を（㎡）に修正しました。,CSV,,,,,4 課税標準等　6-1　事業所税,2022-07-11T10:04:32,https://www.city.osaka.lg.jp/contents/wdu290/opendata/dataset/data-00000632/utf8_4-6-1.csv,,72,,,
,data-00000632,,,982,active,2022-07-11T10:04:54,,都市計画税1です。,CSV,,,,,4 課税標準等　7-3-1　都市計画税1,2022-07-11T10:04:54,https://www.city.osaka.lg.jp/contents/wdu290/opendata/dataset/data-00000632/utf8_4-7-3-1.csv,,73,,,
,data-00000632,,,984,active,2022-07-11T10:05:00,,都市計画税2です。,CSV,,,,,4 課税標準等　7-3-2　都市計画税2,2022-07-11T10:05:00,https://www.city.osaka.lg.jp/contents/wdu290/opendata/dataset/data-00000632/utf8_4-7-3-2.csv,,74,,,
,data-00000632,,,2455,active,2022-07-11T10:05:06,,都市計画税3です。,CSV,,,,,4 課税標準等　7-3-3　都市計画税3,2022-07-11T10:05:06,https://www.city.osaka.lg.jp/contents/wdu290/opendata/dataset/data-00000632/utf8_4-7-3-3.csv,,75,,,
,data-00000632,,,1364,active,2022-07-11T10:05:17,,滞納繰越賦課年度別収入状況です。,CSV,,,,,5 滞納整理　1-1　滞納繰越賦課年度別収入状況,2022-07-11T10:05:17,https://www.city.osaka.lg.jp/contents/wdu290/opendata/dataset/data-00000632/utf8_5-1-1.csv,,76,,,
,data-00000632,,,1734,active,2022-07-11T10:05:24,,不能欠損処理状況です。,CSV,,,,,5 滞納整理　2-1　不能欠損処理状況,2022-07-11T10:05:24,https://www.city.osaka.lg.jp/contents/wdu290/opendata/dataset/data-00000632/utf8_5-2-1.csv,,77,,,
,data-00000632,,,1165,active,2022-07-11T10:05:31,,滞納処分の停止事由内訳です。,CSV,,,,,5 滞納整理　3-1　滞納処分の停止事由内訳,2022-07-11T10:05:31,https://www.city.osaka.lg.jp/contents/wdu290/opendata/dataset/data-00000632/utf8_5-3-1.csv,,78,,,
,data-00000632,,,2467,active,2022-07-11T10:05:38,,国税・地方税負担額累年比較です。,CSV,,,,,6 税負担額　1-1　国税・地方税負担額累年比較,2022-07-11T10:05:38,https://www.city.osaka.lg.jp/contents/wdu290/opendata/dataset/data-00000632/utf8_6-1-1.csv,,79,,,
,data-00000632,,,2637,active,2022-07-11T10:05:45,,市税負担額累年比較です。,CSV,,,,,6 税負担額　2-1　市税負担額累年比較,2022-07-11T10:05:45,https://www.city.osaka.lg.jp/contents/wdu290/opendata/dataset/data-00000632/utf8_6-2-1.csv,,80,,,
,data-00000632,,,1022,active,2022-07-11T10:05:53,,決算額調です。,CSV,,,,,7 税外収入　1-1　決算額調,2022-07-11T10:05:53,https://www.city.osaka.lg.jp/contents/wdu290/opendata/dataset/data-00000632/utf8_7-1-1.csv,,81,,,
,data-00000632,,,1307,active,2022-07-21T14:10:55,,微税費です。,CSV,,,,,9 税務　3-1　微税費,2022-07-21T14:10:55,https://www.city.osaka.lg.jp/contents/wdu290/opendata/dataset/data-00000632/utf8_9-3-1.csv,,82,,,
,data-00000632,,,2158,active,2022-07-22T09:29:08,,市税口座振替利用状況調です。,CSV,,,,,9 税務　5-1　市税口座振替利用状況調,2022-07-22T09:29:08,https://www.city.osaka.lg.jp/contents/wdu290/opendata/dataset/data-00000632/utf8_9-5-1.csv,,83,,,
,data-00000633,,,1268380,active,2024-06-03T17:32:29,,,CSV,,,,,2024年接種分,2024-06-03T17:32:29,https://www.city.osaka.lg.jp/contents/wdu290/opendata/dataset/data-00000633/2024.csv,,0,,,
,data-00000633,,,9801948,active,2024-06-03T17:32:29,,,CSV,,,,,2023年接種分,2024-06-03T17:32:29,https://www.city.osaka.lg.jp/contents/wdu290/opendata/dataset/data-00000633/2023.csv,,1,,,
,data-00000633,,,12341811,active,2024-06-03T17:32:29,,,CSV,,,,,2022年接種分,2024-06-03T17:32:29,https://www.city.osaka.lg.jp/contents/wdu290/opendata/dataset/data-00000633/2022.csv,,2,,,
,data-00000633,,,5922457,active,2024-06-03T17:32:29,,,CSV,,,,,2021年接種分,2024-06-03T17:32:29,https://www.city.osaka.lg.jp/contents/wdu290/opendata/dataset/data-00000633/2021.csv,,3,,,
,data-00000634,,,223441,active,2022-10-06T13:51:58,,,CSV,,,,,品目別収集区分一覧表,2023-03-10T15:13:00,,,0,,,
,data-00000635,,,71612,active,2022-12-14T13:51:58,,家庭以外から出るものは回収できません。,CSV,,,,,回収ボックス設置施設リスト,2023-03-10T15:13:00,,,0,,,
,data-00000636,,,229217,active,2023-02-01T13:51:58,,,CSV,,,,,自立支援医療（精神通院）指定医療機関一覧（病院・診療所）,2023-03-10T15:13:00,,,0,,,
,data-00000636,,,114964,active,2023-02-01T13:51:58,,,CSV,,,,,自立支援医療（精神通院）指定医療機関一覧（薬局）,2023-03-10T15:13:00,,,1,,,
,data-00000636,,,52210,active,2023-02-01T13:51:58,,,CSV,,,,,自立支援医療（精神通院）指定医療機関一覧（訪問看護事業所等）,2023-03-10T15:13:00,,,2,,,
,data-00000637,,,8631,active,2023-02-24T13:51:58,,,CSV,,,,,コミュニティ回収実施地域と契約再生資源事業者一覧,2023-03-10T15:13:00,,,0,,,
,data-00000638,,,944,active,2022-10-17T10:55:05,,,CSV,,,,,行政区別・男女別人口及び世帯数,2022-10-17T10:55:05,https://www.city.osaka.lg.jp/contents/wdu290/opendata/dataset/data-00000638/01_gyousei-danjyo-setai.csv,,0,,,
,data-00000638,,,171736,active,2022-10-17T10:58:09,,,CSV,,,,,各区町丁目別・男女別・各歳別人口及び世帯数（北区）,2022-10-17T10:58:09,https://www.city.osaka.lg.jp/contents/wdu290/opendata/dataset/data-00000638/02-01_jyu-ki_kita.csv,,1,,,
,data-00000638,,,44672,active,2022-10-17T10:58:31,,,CSV,,,,,各区町丁目別・男女別・各歳別人口及び世帯数（都島区）,2022-10-17T10:58:31,https://www.city.osaka.lg.jp/contents/wdu290/opendata/dataset/data-00000638/02-02_jyu-ki_miyakojima.csv,,2,,,
,data-00000638,,,38609,active,2022-10-17T10:58:54,,,CSV,,,,,各区町丁目別・男女別・各歳別人口及び世帯数（福島区）,2022-10-17T10:58:54,https://www.city.osaka.lg.jp/contents/wdu290/opendata/dataset/data-00000638/02-03_jyu-ki_fukushima.csv,,3,,,
,data-00000638,,,50050,active,2022-10-17T10:59:20,,,CSV,,,,,各区町丁目別・男女別・各歳別人口及び世帯数（此花区）,2022-10-17T10:59:20,https://www.city.osaka.lg.jp/contents/wdu290/opendata/dataset/data-00000638/02-04_jyu-ki_konohana.csv,,4,,,
,data-00000638,,,147142,active,2022-10-17T10:59:55,,,CSV,,,,,各区町丁目別・男女別・各歳別人口及び世帯数（中央区）,2022-10-17T10:59:55,https://www.city.osaka.lg.jp/contents/wdu290/opendata/dataset/data-00000638/02-05_jyu-ki_chuou.csv,,5,,,
,data-00000638,,,53624,active,2022-10-17T11:00:26,,,CSV,,,,,各区町丁目別・男女別・各歳別人口及び世帯数（西区）,2022-10-17T11:00:26,https://www.city.osaka.lg.jp/contents/wdu290/opendata/dataset/data-00000638/02-06_jyu-ki_nishi.csv,,6,,,
,data-00000638,,,51630,active,2022-10-17T11:00:51,,,CSV,,,,,各区町丁目別・男女別・各歳別人口及び世帯数（港区）,2022-10-17T11:00:51,https://www.city.osaka.lg.jp/contents/wdu290/opendata/dataset/data-00000638/02-07_jyu-ki_minato.csv,,7,,,
,data-00000638,,,43083,active,2022-10-17T11:01:37,,,CSV,,,,,各区町丁目別・男女別・各歳別人口及び世帯数（大正区）,2022-10-17T11:01:37,https://www.city.osaka.lg.jp/contents/wdu290/opendata/dataset/data-00000638/02-08_jyu-ki_taishou.csv,,8,,,
,data-00000638,,,59817,active,2022-10-17T11:02:27,,,CSV,,,,,各区町丁目別・男女別・各歳別人口及び世帯数（天王寺区）,2022-10-17T11:02:27,https://www.city.osaka.lg.jp/contents/wdu290/opendata/dataset/data-00000638/02-09_jyu-ki_tennouji.csv,,9,,,
,data-00000638,,,53127,active,2022-10-17T11:03:01,,,CSV,,,,,各区町丁目別・男女別・各歳別人口及び世帯数（浪速区）,2022-10-17T11:03:01,https://www.city.osaka.lg.jp/contents/wdu290/opendata/dataset/data-00000638/02-10_jyu-ki_naniwa.csv,,10,,,
,data-00000638,,,56361,active,2022-10-17T11:03:33,,,CSV,,,,,各区町丁目別・男女別・各歳別人口及び世帯数（西淀川区）,2022-10-17T11:03:33,https://www.city.osaka.lg.jp/contents/wdu290/opendata/dataset/data-00000638/02-11_jyu-ki_nishiyodogawa.csv,,11,,,
,data-00000638,,,81506,active,2022-10-17T11:04:14,,,CSV,,,,,各区町丁目別・男女別・各歳別人口及び世帯数（淀川区）,2022-10-17T11:04:14,https://www.city.osaka.lg.jp/contents/wdu290/opendata/dataset/data-00000638/02-12_jyu-ki_yodogawa.csv,,12,,,
,data-00000638,,,80466,active,2022-10-17T11:04:40,,,CSV,,,,,各区町丁目別・男女別・各歳別人口及び世帯数（東淀川区）,2022-10-17T11:04:40,https://www.city.osaka.lg.jp/contents/wdu290/opendata/dataset/data-00000638/02-13_jyu-ki_higashiyodogawa.csv,,13,,,
,data-00000638,,,42543,active,2022-10-17T11:05:13,,,CSV,,,,,各区町丁目別・男女別・各歳別人口及び世帯数（東成区）,2022-10-17T11:05:13,https://www.city.osaka.lg.jp/contents/wdu290/opendata/dataset/data-00000638/02-14_jyu-ki_higashinari.csv,,14,,,
,data-00000638,,,79582,active,2022-10-17T11:06:07,,,CSV,,,,,各区町丁目別・男女別・各歳別人口及び世帯数（生野区）,2022-10-17T11:06:07,https://www.city.osaka.lg.jp/contents/wdu290/opendata/dataset/data-00000638/02-15_jyu-ki_ikuno.csv,,15,,,
,data-00000638,,,43320,active,2022-10-17T11:06:42,,,CSV,,,,,各区町丁目別・男女別・各歳別人口及び世帯数（旭区）,2022-10-17T11:06:42,https://www.city.osaka.lg.jp/contents/wdu290/opendata/dataset/data-00000638/02-16_jyu-ki_asahi.csv,,16,,,
,data-00000638,,,72061,active,2022-10-17T11:07:09,,,CSV,,,,,各区町丁目別・男女別・各歳別人口及び世帯数（城東区）,2022-10-17T11:07:09,https://www.city.osaka.lg.jp/contents/wdu290/opendata/dataset/data-00000638/02-17_jyu-ki_jyoutou.csv,,17,,,
,data-00000638,,,54633,active,2022-10-17T11:07:35,,,CSV,,,,,各区町丁目別・男女別・各歳別人口及び世帯数（鶴見区）,2022-10-17T11:07:35,https://www.city.osaka.lg.jp/contents/wdu290/opendata/dataset/data-00000638/02-18_jyu-ki_tsurumi.csv,,18,,,
,data-00000638,,,62174,active,2022-10-17T11:08:01,,,CSV,,,,,各区町丁目別・男女別・各歳別人口及び世帯数（阿倍野区）,2022-10-17T11:08:01,https://www.city.osaka.lg.jp/contents/wdu290/opendata/dataset/data-00000638/02-19_jyu-ki_abeno.csv,,19,,,
,data-00000638,,,85804,active,2022-10-17T11:11:58,,,CSV,,,,,各区町丁目別・男女別・各歳別人口及び世帯数（住之江区）,2022-10-17T11:11:58,https://www.city.osaka.lg.jp/contents/wdu290/opendata/dataset/data-00000638/02-20_jyu-ki_suminoe.csv,,20,,,
,data-00000638,,,92035,active,2022-10-17T11:14:45,,,CSV,,,,,各区町丁目別・男女別・各歳別人口及び世帯数（住吉区）,2022-10-17T11:14:45,https://www.city.osaka.lg.jp/contents/wdu290/opendata/dataset/data-00000638/02-21_jyu-ki_sumiyoshi.csv,,21,,,
,data-00000638,,,88820,active,2022-10-17T11:16:36,,,CSV,,,,,各区町丁目別・男女別・各歳別人口及び世帯数（東住吉区）,2022-10-17T11:16:36,https://www.city.osaka.lg.jp/contents/wdu290/opendata/dataset/data-00000638/02-22_jyu-ki_higashisumiyoshi.csv,,22,,,
,data-00000638,,,122183,active,2022-10-17T11:17:18,,,CSV,,,,,各区町丁目別・男女別・各歳別人口及び世帯数（平野区）,2022-10-17T11:17:18,https://www.city.osaka.lg.jp/contents/wdu290/opendata/dataset/data-00000638/02-23_jyu-ki_hirano.csv,,23,,,
,data-00000638,,,72644,active,2022-10-17T11:17:56,,,CSV,,,,,各区町丁目別・男女別・各歳別人口及び世帯数（西成区）,2022-10-17T11:17:56,https://www.city.osaka.lg.jp/contents/wdu290/opendata/dataset/data-00000638/02-24_jyu-ki_nishinari.csv,,24,,,
,data-00000638,,,9986,active,2023-01-10T10:58:29,,,CSV,,,,,行政区別・男女別・5歳階級別人口及び世帯数,2022-10-17T10:55:34,https://www.city.osaka.lg.jp/contents/wdu290/opendata/dataset/data-00000638/03_gyousei-danjyo-5sai_setai.csv,,25,,,
,data-00000638,,,856,active,2022-10-17T10:56:01,,,CSV,,,,,行政区別・男女別・外国人人口及び世帯数,2022-10-17T10:56:01,https://www.city.osaka.lg.jp/contents/wdu290/opendata/dataset/data-00000638/04_gyousei-danjo_gaikokujin-setai.csv,,26,,,
,data-00000638,,,7665,active,2022-10-17T10:56:25,,,CSV,,,,,行政区別・男女別・5歳階級別・外国人人口及び世帯数,2022-10-17T10:56:25,https://www.city.osaka.lg.jp/contents/wdu290/opendata/dataset/data-00000638/05_gyousei-danjo-5sai_gaikokujin-setai.csv,,27,,,
,data-00000638,,,3040,active,2022-10-17T10:56:49,,,CSV,,,,,外国人住民国籍別人口,2022-10-17T10:56:49,https://www.city.osaka.lg.jp/contents/wdu290/opendata/dataset/data-00000638/06_kokusekibetu.csv,,28,,,
,data-00000638,,,11583,active,2022-10-17T10:57:16,,,CSV,,,,,外国人住民区別国籍別人口,2022-10-17T10:57:16,https://www.city.osaka.lg.jp/contents/wdu290/opendata/dataset/data-00000638/07_kubetu-kokusekibetu_gaikokujin.csv,,29,,,
,data-00000638,,,9947,active,2022-10-17T10:57:38,,,CSV,,,,,外国人住民区別在留資格別人口,2022-10-17T10:57:38,https://www.city.osaka.lg.jp/contents/wdu290/opendata/dataset/data-00000638/08_kubetu-shikakubetu_gaikokujin.csv,,30,,,
,data-00000639,,,1466305,active,2024-12-10T17:04:25,,,CSV,,,,,分類コード_01_03_財務3,2024-12-10T17:04:25,https://www.city.osaka.lg.jp/contents/wdu290/opendata/dataset/data-00000639/2401_3.csv,,0,,,
,data-00000639,,,1906149,active,2024-12-10T17:04:25,,,CSV,,,,,分類コード_00_03_総務3,2024-12-10T17:04:25,https://www.city.osaka.lg.jp/contents/wdu290/opendata/dataset/data-00000639/2400_3.csv,,1,,,
,data-00000639,,,100036,active,2024-06-26T13:16:26,,,CSV,,,,,「南区役所文書」,2024-06-26T13:16:26,https://www.city.osaka.lg.jp/contents/wdu290/opendata/dataset/data-00000639/minamikuyakusyo.csv,,2,,,
,data-00000639,,,1723281,active,2024-12-10T17:04:25,,,CSV,,,,,分類コード_00_02_総務2,2024-12-10T17:04:25,https://www.city.osaka.lg.jp/contents/wdu290/opendata/dataset/data-00000639/2400_2.csv,,3,,,
,data-00000639,,,1977855,active,2024-12-10T17:04:25,,,CSV,,,,,分類コード_07_3_都市施設,2024-12-10T17:04:25,https://www.city.osaka.lg.jp/contents/wdu290/opendata/dataset/data-00000639/2407_3.csv,,4,,,
,data-00000639,,,1761149,active,2024-12-10T17:04:25,,,CSV,,,,,分類コード_07_2_都市施設,2024-12-10T17:04:25,https://www.city.osaka.lg.jp/contents/wdu290/opendata/dataset/data-00000639/2407_2.csv,,5,,,
,data-00000639,,,1989803,active,2024-12-10T17:04:25,,,CSV,,,,,分類コード_07_1_都市施設,2024-12-10T17:04:25,https://www.city.osaka.lg.jp/contents/wdu290/opendata/dataset/data-00000639/2407_1.csv,,6,,,
,data-00000639,,,1829734,active,2024-12-10T17:04:25,,,CSV,,,,,分類コード_09_教育,2024-12-10T17:04:25,https://www.city.osaka.lg.jp/contents/wdu290/opendata/dataset/data-00000639/2409.csv,,7,,,
,data-00000639,,,1874593,active,2024-12-10T17:04:25,,,CSV,,,,,分類コード_08_運輸,2024-12-10T17:04:25,https://www.city.osaka.lg.jp/contents/wdu290/opendata/dataset/data-00000639/2408.csv,,8,,,
,data-00000639,,,1683051,active,2024-12-10T17:04:25,,,CSV,,,,,分類コード_06_環境,2024-12-10T17:04:25,https://www.city.osaka.lg.jp/contents/wdu290/opendata/dataset/data-00000639/2406.csv,,9,,,
,data-00000639,,,1691872,active,2024-12-10T17:04:25,,,CSV,,,,,分類コード_05_衛生,2024-12-10T17:04:25,https://www.city.osaka.lg.jp/contents/wdu290/opendata/dataset/data-00000639/2405.csv,,10,,,
,data-00000639,,,1009190,active,2024-12-10T17:04:25,,,CSV,,,,,分類コード_04_経済,2024-12-10T17:04:25,https://www.city.osaka.lg.jp/contents/wdu290/opendata/dataset/data-00000639/2404.csv,,11,,,
,data-00000639,,,1780001,active,2024-12-10T17:04:25,,,CSV,,,,,分類コード_03_社会福祉,2024-12-10T17:04:25,https://www.city.osaka.lg.jp/contents/wdu290/opendata/dataset/data-00000639/2403.csv,,12,,,
,data-00000639,,,1625437,active,2024-12-10T17:04:25,,,CSV,,,,,分類コード_02_市民,2024-12-10T17:04:25,https://www.city.osaka.lg.jp/contents/wdu290/opendata/dataset/data-00000639/2402.csv,,13,,,
,data-00000639,,,1856286,active,2024-12-10T17:04:25,,,CSV,,,,,分類コード_01_02_財務2,2024-12-10T17:04:25,https://www.city.osaka.lg.jp/contents/wdu290/opendata/dataset/data-00000639/2401_2.csv,,14,,,
,data-00000639,,,1783536,active,2024-12-10T17:04:25,,,CSV,,,,,分類コード_01_01_財務1,2024-12-10T17:04:25,https://www.city.osaka.lg.jp/contents/wdu290/opendata/dataset/data-00000639/2401_1.csv,,15,,,
,data-00000639,,,1784000,active,2024-12-10T17:04:25,,,CSV,,,,,分類コード_00_01_総務1,2024-12-10T17:04:25,https://www.city.osaka.lg.jp/contents/wdu290/opendata/dataset/data-00000639/2400_1.csv,,16,,,
,data-00000640,,,2431,active,2023-02-22T15:27:19,,,CSV,,,,,1‐1　測定局別環境基準及び環境保全目標達成状況,2023-02-22T15:27:19,https://www.city.osaka.lg.jp/contents/wdu290/opendata/dataset/data-00000642/R3_1-1-01.csv,,0,,,
,data-00000640,,,3271,active,2023-02-22T15:27:26,,,CSV,,,,,1‐2　二酸化窒素（NO2）濃度経年変化,2023-02-22T15:27:26,https://www.city.osaka.lg.jp/contents/wdu290/opendata/dataset/data-00000642/R3_1-1-02.csv,,1,,,
,data-00000640,,,2424,active,2023-02-22T15:27:34,,,CSV,,,,,1‐3　二酸化窒素（NO2）の年間測定結果,2023-02-22T15:27:34,https://www.city.osaka.lg.jp/contents/wdu290/opendata/dataset/data-00000642/R3_1-1-03.csv,,2,,,
,data-00000640,,,2291,active,2023-02-22T15:27:40,,,CSV,,,,,1‐4　一酸化窒素及び窒素酸化物の年間測定結果,2023-02-22T15:27:40,https://www.city.osaka.lg.jp/contents/wdu290/opendata/dataset/data-00000642/R3_1-1-04.csv,,3,,,
,data-00000640,,,4053,active,2023-02-22T15:27:44,,,CSV,,,,,1‐5　浮遊粒子状物質（SPM）濃度経年変化,2023-02-22T15:27:44,https://www.city.osaka.lg.jp/contents/wdu290/opendata/dataset/data-00000642/R3_1-1-05.csv,,4,,,
,data-00000640,,,2257,active,2023-02-22T15:27:50,,,CSV,,,,,1‐6　浮遊粒子状物質（SPM）の年間測定結果,2023-02-22T15:27:50,https://www.city.osaka.lg.jp/contents/wdu290/opendata/dataset/data-00000642/R3_1-1-06.csv,,5,,,
,data-00000640,,,1395,active,2023-02-22T15:29:32,,,CSV,,,,,1‐7　（1）微小粒子状物質（PM2.5）の年間測定結果,2023-02-22T15:29:32,https://www.city.osaka.lg.jp/contents/wdu290/opendata/dataset/data-00000642/R3_1-1-07_1.csv,,6,,,
,data-00000640,,,3620,active,2023-02-22T15:29:37,,,CSV,,,,,1-7　（2）微小粒子状物質（PM2.5）質量濃度及び各種成分濃度の分析結果,2023-02-22T15:29:37,https://www.city.osaka.lg.jp/contents/wdu290/opendata/dataset/data-00000642/R3_1-1-07_2.csv,,7,,,
,data-00000640,,,3007,active,2023-02-22T15:29:42,,,CSV,,,,,1‐8　光化学オキシダント（Ox）測定結果,2023-02-22T15:29:42,https://www.city.osaka.lg.jp/contents/wdu290/opendata/dataset/data-00000642/R3_1-1-08.csv,,8,,,
,data-00000640,,,1637,active,2023-02-22T15:29:46,,,CSV,,,,,1‐9　非メタン炭化水素の年間測定結果,2023-02-22T15:29:46,https://www.city.osaka.lg.jp/contents/wdu290/opendata/dataset/data-00000642/R3_1-1-09.csv,,9,,,
,data-00000640,,,965,active,2023-02-22T15:29:51,,,CSV,,,,,"1‐10　年度別・地域別光化学スモッグ注意報等発令回数	",2023-02-22T15:29:51,https://www.city.osaka.lg.jp/contents/wdu290/opendata/dataset/data-00000642/R3_1-1-10.csv,,10,,,
,data-00000640,,,973,active,2023-02-22T15:29:56,,,CSV,,,,,1‐11　年度別・地域別光化学スモッグ被害の訴え状況,2023-02-22T15:29:56,https://www.city.osaka.lg.jp/contents/wdu290/opendata/dataset/data-00000642/R3_1-1-11.csv,,11,,,
,data-00000640,,,2365,active,2023-02-22T15:30:04,,,CSV,,,,,1‐12　二酸化硫黄（SO2）濃度経年変化,2023-02-22T15:30:04,https://www.city.osaka.lg.jp/contents/wdu290/opendata/dataset/data-00000642/R3_1-1-12.csv,,12,,,
,data-00000640,,,623,active,2023-02-22T15:30:57,,,CSV,,,,,1‐13　一酸化炭素（CO）濃度経年変化,2023-02-22T15:30:57,https://www.city.osaka.lg.jp/contents/wdu290/opendata/dataset/data-00000642/R3_1-1-13.csv,,13,,,
,data-00000640,,,537,active,2023-02-22T15:30:13,,,CSV,,,,,1‐14　短期測定による二酸化窒素（NO2）、一酸化窒素（NO）の測定結果,2023-02-22T15:30:13,https://www.city.osaka.lg.jp/contents/wdu290/opendata/dataset/data-00000642/R3_1-1-14.csv,,14,,,
,data-00000640,,,603,active,2023-02-22T15:31:10,,,CSV,,,,,1‐15　短期測定による浮遊粒子状物質（SPM）、二酸化硫黄（SO2）の測定結果,2023-02-22T15:31:10,https://www.city.osaka.lg.jp/contents/wdu290/opendata/dataset/data-00000642/R3_1-1-15.csv,,15,,,
,data-00000640,,,415,active,2023-02-22T15:31:16,,,CSV,,,,,1‐16　固定発生源からの窒素酸化物排出量の推移,2023-02-22T15:31:16,https://www.city.osaka.lg.jp/contents/wdu290/opendata/dataset/data-00000642/R3_1-1-16.csv,,16,,,
,data-00000640,,,219,active,2023-02-22T15:31:21,,,CSV,,,,,1‐17　窒素酸化物・硫黄酸化物総量規制対象工場・事業場数,2023-02-22T15:31:21,https://www.city.osaka.lg.jp/contents/wdu290/opendata/dataset/data-00000642/R3_1-1-17.csv,,17,,,
,data-00000640,,,243,active,2023-02-22T15:31:27,,,CSV,,,,,1‐18　立入指導等の状況（大気）,2023-02-22T15:31:27,https://www.city.osaka.lg.jp/contents/wdu290/opendata/dataset/data-00000642/R3_1-1-18.csv,,18,,,
,data-00000640,,,226,active,2023-02-22T15:31:33,,,CSV,,,,,1‐19　環境月間に係る立入検査結果,2023-02-22T15:31:33,https://www.city.osaka.lg.jp/contents/wdu290/opendata/dataset/data-00000642/R3_1-1-19.csv,,19,,,
,data-00000640,,,238,active,2023-02-22T15:39:08,,,CSV,,,,,1‐20　大気汚染防止推進月間に係る立入検査結果,2023-02-22T15:39:08,https://www.city.osaka.lg.jp/contents/wdu290/opendata/dataset/data-00000642/R3_1-1-20.csv,,20,,,
,data-00000640,,,75,active,2023-02-22T15:39:14,,,CSV,,,,,1‐21　悪臭に係る検査件数,2023-02-22T15:39:14,https://www.city.osaka.lg.jp/contents/wdu290/opendata/dataset/data-00000642/R3_1-1-21.csv,,21,,,
,data-00000640,,,1015,active,2023-02-22T15:39:19,,,CSV,,,,,1‐22　届出工場・事業場数（大気汚染防止法）,2023-02-22T15:39:19,https://www.city.osaka.lg.jp/contents/wdu290/opendata/dataset/data-00000642/R3_1-1-22.csv,,22,,,
,data-00000640,,,1077,active,2023-02-22T15:39:24,,,CSV,,,,,1‐23　届出工場・事業場数（大阪府生活環境の保全等に関する条例）,2023-02-22T15:39:24,https://www.city.osaka.lg.jp/contents/wdu290/opendata/dataset/data-00000642/R3_1-1-23.csv,,23,,,
,data-00000640,,,389,active,2023-02-22T15:39:30,,,CSV,,,,,1‐24　大気汚染防止法・大阪府生活環境の保全等に関する条例(大気)に基づく届出件数,2023-02-22T15:39:30,https://www.city.osaka.lg.jp/contents/wdu290/opendata/dataset/data-00000642/R3_1-1-24.csv,,24,,,
,data-00000640,,,330,active,2023-02-22T15:39:36,,,CSV,,,,,1‐25　特定工場における公害防止組織の整備に関する法律に基づく届出件数,2023-02-22T15:39:36,https://www.city.osaka.lg.jp/contents/wdu290/opendata/dataset/data-00000642/R3_1-1-25.csv,,25,,,
,data-00000640,,,367,active,2023-02-22T15:39:41,,,CSV,,,,,1‐26　特定粉じん（石綿）排出等作業に係る届出件数,2023-02-22T15:39:41,https://www.city.osaka.lg.jp/contents/wdu290/opendata/dataset/data-00000642/R3_1-1-26.csv,,26,,,
,data-00000640,,,174,active,2023-02-22T15:39:47,,,CSV,,,,,1‐27　石綿（アスベスト）環境濃度測定実施件数,2023-02-22T15:39:47,https://www.city.osaka.lg.jp/contents/wdu290/opendata/dataset/data-00000642/R3_1-1-27.csv,,27,,,
,data-00000640,,,118,active,2023-02-22T15:39:52,,,CSV,,,,,1‐28　石綿（アスベスト）現場立入検査件数,2023-02-22T15:39:52,https://www.city.osaka.lg.jp/contents/wdu290/opendata/dataset/data-00000642/R3_1-1-28.csv,,28,,,
,data-00000640,,,517,active,2023-02-22T15:39:58,,,CSV,,,,,1‐29　一般環境大気中のアスベスト濃度調査結果,2023-02-22T15:39:58,https://www.city.osaka.lg.jp/contents/wdu290/opendata/dataset/data-00000642/R3_1-1-29.csv,,29,,,
,data-00000640,,,3305,active,2023-02-22T15:51:09,,,CSV,,,,,2‐1　自動車騒音・道路交通振動測定,2023-02-22T15:51:09,https://www.city.osaka.lg.jp/contents/wdu290/opendata/dataset/data-00000642/R3_1-2-01_2.csv,,30,,,
,data-00000640,,,175,active,2023-02-22T15:51:15,,,CSV,,,,,2‐2　過去5年の自動車騒音・道路交通振動苦情発生件数の経年変化,2023-02-22T15:51:15,https://www.city.osaka.lg.jp/contents/wdu290/opendata/dataset/data-00000642/R3_1-2-02.csv,,31,,,
,data-00000640,,,407,active,2023-02-22T15:51:19,,,CSV,,,,,2‐3　大阪市域幹線道路における低騒音舗装の施工状況及び遮音壁の設置状況,2023-02-22T15:51:19,https://www.city.osaka.lg.jp/contents/wdu290/opendata/dataset/data-00000642/R3_1-2-03.csv,,32,,,
,data-00000640,,,461,active,2023-02-22T15:51:30,,,CSV,,,,,2‐4　自動車騒音の障害防止対策（民家防音工事助成）,2023-02-22T15:51:30,https://www.city.osaka.lg.jp/contents/wdu290/opendata/dataset/data-00000642/R3_1-2-04.csv,,33,,,
,data-00000640,,,324,active,2023-02-22T15:51:34,,,CSV,,,,,2‐5　自動車からの窒素酸化物排出量の推移,2023-02-22T15:51:34,https://www.city.osaka.lg.jp/contents/wdu290/opendata/dataset/data-00000642/R3_1-2-05.csv,,34,,,
,data-00000640,,,2083,active,2023-02-22T15:56:52,,,CSV,,,,,3‐1　環境基準項目に係る達成割合一覧,2023-02-22T15:56:52,https://www.city.osaka.lg.jp/contents/wdu290/opendata/dataset/data-00000642/R3_1-3-01.csv,,35,,,
,data-00000640,,,3593,active,2023-02-22T15:56:57,,,CSV,,,,,"3‐2　大阪市内公共用水域におけるBODの経年変化	",2023-02-22T15:56:57,https://www.city.osaka.lg.jp/contents/wdu290/opendata/dataset/data-00000642/R3_1-3-02.csv,,36,,,
,data-00000640,,,1551,active,2023-02-22T15:57:04,,,CSV,,,,,3‐3　大阪港湾水域におけるCODの経年変化,2023-02-22T15:57:04,https://www.city.osaka.lg.jp/contents/wdu290/opendata/dataset/data-00000642/R3_1-3-03.csv,,37,,,
,data-00000640,,,3269,active,2023-02-22T15:57:55,,,CSV,,,,,3‐4　大阪市内公共用水域における水質調査結果①河川,2023-02-22T15:57:55,https://www.city.osaka.lg.jp/contents/wdu290/opendata/dataset/data-00000642/R3_1-3-04_1.csv,,38,,,
,data-00000640,,,1480,active,2023-02-22T15:58:00,,,CSV,,,,,3‐4　大阪市内公共用水域における水質調査結果②海域,2023-02-22T15:58:00,https://www.city.osaka.lg.jp/contents/wdu290/opendata/dataset/data-00000642/R3_1-3-04_2.csv,,39,,,
,data-00000640,,,1330,active,2023-02-22T15:58:05,,,CSV,,,,,3‐5　大阪市内河川底質調査結果,2023-02-22T15:58:05,https://www.city.osaka.lg.jp/contents/wdu290/opendata/dataset/data-00000642/R3_1-3-05.csv,,40,,,
,data-00000640,,,2867,active,2023-02-22T16:03:53,,,CSV,,,,,4‐1　各区主要地点における水準点高さ変動量,2023-02-22T16:03:53,https://www.city.osaka.lg.jp/contents/wdu290/opendata/dataset/data-00000642/R3_1-4-01.csv,,41,,,
,data-00000640,,,3789,active,2023-02-22T16:03:58,,,CSV,,,,,4‐2　地下水位観測井の概要及び地下水位観測結果,2023-02-22T16:03:58,https://www.city.osaka.lg.jp/contents/wdu290/opendata/dataset/data-00000642/R3_1-4-02.csv,,42,,,
,data-00000640,,,2148,active,2023-02-22T16:04:03,,,CSV,,,,,4‐3　地下水概況調査結果,2023-02-22T16:04:03,https://www.city.osaka.lg.jp/contents/wdu290/opendata/dataset/data-00000642/R3_1-4-03.csv,,43,,,
,data-00000640,,,1476,active,2023-02-22T16:04:07,,,CSV,,,,,4‐4　地下水継続監視調査結,2023-02-22T16:04:07,https://www.city.osaka.lg.jp/contents/wdu290/opendata/dataset/data-00000642/R3_1-4-04.csv,,44,,,
,data-00000640,,,916,active,2023-02-22T16:04:11,,,CSV,,,,,4‐5　PFOS及びPFOA地下水調査結果,2023-02-22T16:04:11,https://www.city.osaka.lg.jp/contents/wdu290/opendata/dataset/data-00000642/R3_1-4-05.csv,,45,,,
,data-00000640,,,3229,active,2023-02-22T16:07:02,,,CSV,,,,,5‐1　ダイオキシン類環境調査結果,2023-02-22T16:07:02,https://www.city.osaka.lg.jp/contents/wdu290/opendata/dataset/data-00000642/R3_1-5-01.csv,,46,,,
,data-00000640,,,249,active,2023-02-22T16:07:06,,,CSV,,,,,5‐2　ダイオキシン類対策特別措置法に基づく届出件数,2023-02-22T16:07:06,https://www.city.osaka.lg.jp/contents/wdu290/opendata/dataset/data-00000642/R3_1-5-02.csv,,47,,,
,data-00000640,,,2330,active,2023-02-22T16:07:11,,,CSV,,,,,5‐3　有害大気汚染物質の環境モニタリング結果,2023-02-22T16:07:11,https://www.city.osaka.lg.jp/contents/wdu290/opendata/dataset/data-00000642/R3_1-5-03.csv,,48,,,
,data-00000640,,,359,active,2023-02-22T16:07:15,,,CSV,,,,,5‐4　PRTR法及び府条例に基づく排出量等の届出件数,2023-02-22T16:07:15,https://www.city.osaka.lg.jp/contents/wdu290/opendata/dataset/data-00000642/R3_1-5-04.csv,,49,,,
,data-00000640,,,402,active,2023-02-22T16:07:22,,,CSV,,,,,5‐5　PRTR法及び府条例に基づく届出排出量・移動量・取扱量,2023-02-22T16:07:22,https://www.city.osaka.lg.jp/contents/wdu290/opendata/dataset/data-00000642/R3_1-5-05.csv,,50,,,
,data-00000640,,,460,active,2023-02-22T16:07:27,,,CSV,,,,,5‐6　ダイオキシン類の排出量（推計）,2023-02-22T16:07:27,https://www.city.osaka.lg.jp/contents/wdu290/opendata/dataset/data-00000642/R3_1-5-06.csv,,51,,,
,data-00000640,,,732,active,2023-02-22T16:12:27,,,CSV,,,,,6‐1　特定（届出）工場・事業場数（騒音関係）,2023-02-22T16:12:27,https://www.city.osaka.lg.jp/contents/wdu290/opendata/dataset/data-00000642/R3_1-6-01.csv,,52,,,
,data-00000640,,,320,active,2023-02-22T16:12:37,,,CSV,,,,,6‐2　騒音規制法・大阪府生活環境の保全等に関する条例（騒音）に基づく特定（届出）施設の届出件数,2023-02-22T16:12:37,https://www.city.osaka.lg.jp/contents/wdu290/opendata/dataset/data-00000642/R3_1-6-02.csv,,53,,,
,data-00000640,,,583,active,2023-02-22T16:12:42,,,CSV,,,,,6‐3　特定建設作業実施届出件数（騒音）,2023-02-22T16:12:42,https://www.city.osaka.lg.jp/contents/wdu290/opendata/dataset/data-00000642/R3_1-6-03.csv,,54,,,
,data-00000640,,,225,active,2023-02-22T16:12:47,,,CSV,,,,,6‐4　立入指導等の状況（騒音）,2023-02-22T16:12:47,https://www.city.osaka.lg.jp/contents/wdu290/opendata/dataset/data-00000642/R3_1-6-04.csv,,55,,,
,data-00000640,,,662,active,2023-02-22T16:12:52,,,CSV,,,,,6‐5　特定（届出）工場・事業場数（振動関係）,2023-02-22T16:12:52,https://www.city.osaka.lg.jp/contents/wdu290/opendata/dataset/data-00000642/R3_1-6-05.csv,,56,,,
,data-00000640,,,325,active,2023-02-22T16:12:57,,,CSV,,,,,6‐6　振動規制法・大阪府生活環境の保全等に関する条例（振動）に基づく特定（届出）施設の届出件数,2023-02-22T16:12:57,https://www.city.osaka.lg.jp/contents/wdu290/opendata/dataset/data-00000642/R3_1-6-06.csv,,57,,,
,data-00000640,,,347,active,2023-02-22T16:13:01,,,CSV,,,,,6‐7　特定建設作業実施届出件数（振動）,2023-02-22T16:13:01,https://www.city.osaka.lg.jp/contents/wdu290/opendata/dataset/data-00000642/R3_1-6-07.csv,,58,,,
,data-00000640,,,210,active,2023-02-22T16:13:06,,,CSV,,,,,6‐8　立入指導等の状況（振動）,2023-02-22T16:13:06,https://www.city.osaka.lg.jp/contents/wdu290/opendata/dataset/data-00000642/R3_1-6-08.csv,,59,,,
,data-00000640,,,660,active,2023-02-22T16:13:22,,,CSV,,,,,6‐9　新幹線鉄道騒音・振動測定結果,2023-02-22T16:13:22,https://www.city.osaka.lg.jp/contents/wdu290/opendata/dataset/data-00000642/R3_1-6-09.csv,,60,,,
,data-00000640,,,402,active,2023-02-22T16:13:27,,,CSV,,,,,6‐10　新幹線鉄道騒音・振動に係る発生源対策の状況,2023-02-22T16:13:27,https://www.city.osaka.lg.jp/contents/wdu290/opendata/dataset/data-00000642/R3_1-6-10.csv,,61,,,
,data-00000640,,,247,active,2023-02-22T16:13:31,,,CSV,,,,,6‐11　大阪国際空港着陸航路下における航空機騒音測定結果,2023-02-22T16:13:31,https://www.city.osaka.lg.jp/contents/wdu290/opendata/dataset/data-00000642/R3_1-6-11.csv,,62,,,
,data-00000640,,,432,active,2023-02-22T16:18:25,,,CSV,,,,,"7‐1　公害苦情の種類別件数の経年変化	",2023-02-22T16:18:25,https://www.city.osaka.lg.jp/contents/wdu290/opendata/dataset/data-00000642/R3_1-7-01.csv,,63,,,
,data-00000640,,,824,active,2023-02-22T16:18:30,,,CSV,,,,,7‐2　行政区別苦情件数集計表,2023-02-22T16:18:30,https://www.city.osaka.lg.jp/contents/wdu290/opendata/dataset/data-00000642/R3_1-7-02.csv,,64,,,
,data-00000640,,,6436,active,2023-02-22T16:18:37,,,CSV,,,,,8‐1　本市環境影響評価条例施行後に手続きが行われた事業一覧,2023-02-22T16:18:37,https://www.city.osaka.lg.jp/contents/wdu290/opendata/dataset/data-00000642/R3_1-8-01.csv,,65,,,
,data-00000640,,,331,active,2023-02-22T16:18:42,,,CSV,,,,,8‐2　大規模小売店舗立地法等に基づく環境面の協議件数,2023-02-22T16:18:42,https://www.city.osaka.lg.jp/contents/wdu290/opendata/dataset/data-00000642/R3_1-8-02.csv,,66,,,
,data-00000641,,,1066,active,2023-02-13T13:51:01,,,CSV,,,,,第1表　開設時からの推移,2023-02-13T13:51:01,https://www.city.osaka.lg.jp/contents/wdu290/opendata/dataset/data-00000641/1R4.csv,,0,,,
,data-00000641,,,1472,active,2023-02-13T13:51:25,,,CSV,,,,,第2表　市町村別受付種別別件数,2023-02-13T13:51:25,https://www.city.osaka.lg.jp/contents/wdu290/opendata/dataset/data-00000641/2R4.csv,,1,,,
,data-00000641,,,532,active,2023-02-13T13:51:41,,,CSV,,,,,第3表　月別受付種別別件数,2023-02-13T13:51:41,https://www.city.osaka.lg.jp/contents/wdu290/opendata/dataset/data-00000641/3R4.csv,,2,,,
,data-00000641,,,2134,active,2023-02-13T13:51:52,,,CSV,,,,,第4表　日別着信件数,2023-02-13T13:51:52,https://www.city.osaka.lg.jp/contents/wdu290/opendata/dataset/data-00000641/4R4.csv,,3,,,
,data-00000641,,,724,active,2023-02-13T13:52:06,,,CSV,,,,,第5表　時間別着信件数（1日あたり）,2023-02-13T13:52:06,https://www.city.osaka.lg.jp/contents/wdu290/opendata/dataset/data-00000641/5R4.csv,,4,,,
,data-00000641,,,567,active,2023-02-13T13:52:14,,,CSV,,,,,第6表　医療機関案内科目別案内数,2023-02-13T13:52:14,https://www.city.osaka.lg.jp/contents/wdu290/opendata/dataset/data-00000641/6R4.csv,,5,,,
,data-00000641,,,606,active,2023-02-13T13:52:22,,,CSV,,,,,第7表　年齢区分別救急医療相談件数,2023-02-13T13:52:22,https://www.city.osaka.lg.jp/contents/wdu290/opendata/dataset/data-00000641/7R4.csv,,6,,,
,data-00000641,,,1885,active,2023-02-13T13:52:30,,,CSV,,,,,第8表　症候別プロトコル使用件数,2023-02-13T13:52:30,https://www.city.osaka.lg.jp/contents/wdu290/opendata/dataset/data-00000641/8R4.csv,,7,,,
,data-00000641,,,397,active,2023-02-13T13:52:39,,,CSV,,,,,第9表　プロトコル判定結果と平均相談時間,2023-02-13T13:52:39,https://www.city.osaka.lg.jp/contents/wdu290/opendata/dataset/data-00000641/9R4.csv,,8,,,
,data-00000641,,,4323,active,2023-02-13T13:52:53,,,CSV,,,,,第10表　市町村別医療機関案内科目別案内数,2023-02-13T13:52:53,https://www.city.osaka.lg.jp/contents/wdu290/opendata/dataset/data-00000641/10R4.csv,,9,,,
,data-00000641,,,892,active,2023-02-13T13:53:02,,,CSV,,,,,第11表　大阪市内行政区別受付種別別件数,2023-02-13T13:53:02,https://www.city.osaka.lg.jp/contents/wdu290/opendata/dataset/data-00000641/11R4.csv,,10,,,
,data-00000642,,,187233,active,2026-06-04T13:47:06,,,CSV,,,,,年齢別推計人口【年齢各歳別】（令和4年以降　毎年10月1日現在）,2026-06-04T13:47:06,https://www.city.osaka.lg.jp/contents/wdu290/opendata/dataset/data-00000642/kakusai202210.csv,,0,,,
,data-00000643,,,3627,active,2023-02-22T16:29:06,,,CSV,,,,,1　ごみ等収集・処理処分状況,2023-02-22T16:29:06,https://www.city.osaka.lg.jp/contents/wdu290/opendata/dataset/data-00000643/R3_2-1.csv,,67,,,
,data-00000643,,,28012,active,2023-02-22T16:29:14,,,CSV,,,,,2‐1　直営及び委託収集状況,2023-02-22T16:29:14,https://www.city.osaka.lg.jp/contents/wdu290/opendata/dataset/data-00000643/R3_2-2-01.csv,,68,,,
,data-00000643,,,566,active,2023-02-22T16:29:19,,,CSV,,,,,2‐2　真空式輸送稼動状況,2023-02-22T16:29:19,https://www.city.osaka.lg.jp/contents/wdu290/opendata/dataset/data-00000643/R3_2-2-02.csv,,69,,,
,data-00000643,,,6849,active,2023-02-22T16:29:44,,,CSV,,,,,2‐3　普通ごみ収集状況,2023-02-22T16:29:44,https://www.city.osaka.lg.jp/contents/wdu290/opendata/dataset/data-00000643/R3_2-2-03.csv,,70,,,
,data-00000643,,,6527,active,2023-02-22T16:29:49,,,CSV,,,,,2‐4　資源ごみ収集状況,2023-02-22T16:29:49,https://www.city.osaka.lg.jp/contents/wdu290/opendata/dataset/data-00000643/R3_2-2-04.csv,,71,,,
,data-00000643,,,5624,active,2023-02-22T16:29:55,,,CSV,,,,,2‐5　容器包装プラスチック収集状況,2023-02-22T16:29:55,https://www.city.osaka.lg.jp/contents/wdu290/opendata/dataset/data-00000643/R3_2-2-05.csv,,72,,,
,data-00000643,,,5477,active,2023-02-22T16:30:39,,,CSV,,,,,2‐6　古紙・衣類収集状況,2023-02-22T16:30:39,https://www.city.osaka.lg.jp/contents/wdu290/opendata/dataset/data-00000643/R3_2-2-06.csv,,73,,,
,data-00000643,,,4786,active,2023-02-22T16:30:45,,,CSV,,,,,2‐7　行政区別ごみ収集状況,2023-02-22T16:30:45,https://www.city.osaka.lg.jp/contents/wdu290/opendata/dataset/data-00000643/R3_2-2-07.csv,,74,,,
,data-00000643,,,832,active,2023-02-22T16:30:52,,,CSV,,,,,2‐8　水面清掃作業状況,2023-02-22T16:30:52,https://www.city.osaka.lg.jp/contents/wdu290/opendata/dataset/data-00000643/R3_2-2-08.csv,,75,,,
,data-00000643,,,12981,active,2023-02-22T16:31:54,,,CSV,,,,,"3‐1　工場別処理状況	",2023-02-22T16:31:54,https://www.city.osaka.lg.jp/contents/wdu290/opendata/dataset/data-00000643/R3_2-3-01.csv,,76,,,
,data-00000643,,,1254,active,2023-02-22T16:32:12,,,CSV,,,,,3‐2　破砕施設処理状況,2023-02-22T16:32:12,https://www.city.osaka.lg.jp/contents/wdu290/opendata/dataset/data-00000643/R3_2-3-02.csv,,77,,,
,data-00000643,,,1134,active,2023-02-22T16:32:16,,,CSV,,,,,3‐3　最終処分状況,2023-02-22T16:32:16,https://www.city.osaka.lg.jp/contents/wdu290/opendata/dataset/data-00000643/R3_2-3-03.csv,,78,,,
,data-00000643,,,33094,active,2023-02-22T16:33:10,,,CSV,,,,,3‐4　直営及び委託収集処理処分状況,2023-02-22T16:33:10,https://www.city.osaka.lg.jp/contents/wdu290/opendata/dataset/data-00000643/R3_2-3-04.csv,,79,,,
,data-00000643,,,19408,active,2023-02-22T16:32:31,,,CSV,,,,,3‐5　拠点回収受付実績（乾電池・蛍光灯管・水銀体温計・水銀血圧計）,2023-02-22T16:32:31,https://www.city.osaka.lg.jp/contents/wdu290/opendata/dataset/data-00000643/R3_2-3-05.csv,,80,,,
,data-00000643,,,13214,active,2023-02-22T16:32:36,,,CSV,,,,,3‐6　拠点回収受付実績 （マタニティウェア・ベビー服・子ども服）,2023-02-22T16:32:36,https://www.city.osaka.lg.jp/contents/wdu290/opendata/dataset/data-00000643/R3_2-3-06.csv,,81,,,
,data-00000643,,,1269,active,2023-02-22T16:32:40,,,CSV,,,,,3‐7　拠点回収受付実績 （インクカートリッジ・使用済小型家電・絵本）,2023-02-22T16:32:40,https://www.city.osaka.lg.jp/contents/wdu290/opendata/dataset/data-00000643/R3_2-3-07.csv,,82,,,
,data-00000643,,,3616,active,2023-02-22T16:32:45,,,CSV,,,,,3‐8　資源集団回収活動実績,2023-02-22T16:32:45,https://www.city.osaka.lg.jp/contents/wdu290/opendata/dataset/data-00000643/R3_2-3-08.csv,,83,,,
,data-00000643,,,442,active,2023-02-22T16:32:49,,,CSV,,,,,3‐9　コミュニティ回収活動実績,2023-02-22T16:32:49,https://www.city.osaka.lg.jp/contents/wdu290/opendata/dataset/data-00000643/R3_2-3-09.csv,,84,,,
,data-00000644,,,669,active,2023-02-22T16:40:00,,,CSV,,,,,1　し尿収集処分状況,2023-02-22T16:40:00,https://www.city.osaka.lg.jp/contents/wdu290/opendata/dataset/data-00000644/R3_3-3-01.csv,,85,,,
,data-00000644,,,569,active,2023-02-22T16:40:04,,,CSV,,,,,2　し尿収集家屋の推移,2023-02-22T16:40:04,https://www.city.osaka.lg.jp/contents/wdu290/opendata/dataset/data-00000644/R3_3-3-02.csv,,86,,,
,data-00000645,,,586,active,2023-02-22T16:41:23,,,CSV,,,,,1　犬・猫等の死体処理状況（家庭で飼われていたペットの死体）,2023-02-22T16:41:23,https://www.city.osaka.lg.jp/contents/wdu290/opendata/dataset/data-00000645/R3_4-4-01.csv,,87,,,
,data-00000645,,,1312,active,2023-02-22T16:41:27,,,CSV,,,,,2　犬・猫等の死体処理状況（道路上のへい死動物）,2023-02-22T16:41:27,https://www.city.osaka.lg.jp/contents/wdu290/opendata/dataset/data-00000645/R3_4-4-02.csv,,88,,,
,data-00000646,,,788,active,2023-02-22T16:42:39,,,CSV,,,,,1　市立斎場火葬取扱件数,2023-02-22T16:42:39,https://www.city.osaka.lg.jp/contents/wdu290/opendata/dataset/data-00000646/R3_5-5-01.csv,,89,,,
,data-00000646,,,2027,active,2023-02-22T16:42:43,,,CSV,,,,,2　市立斎場式場使用件数,2023-02-22T16:42:43,https://www.city.osaka.lg.jp/contents/wdu290/opendata/dataset/data-00000646/R3_5-5-02.csv,,90,,,
,data-00000647,,,3135,active,2023-02-22T16:43:43,,,CSV,,,,,1　人口・世帯数・市域面積の変遷,2023-02-22T16:43:43,https://www.city.osaka.lg.jp/contents/wdu290/opendata/dataset/data-00000647/R3_refrence_1.csv,,91,,,
,data-00000647,,,11563,active,2023-02-22T16:43:47,,,CSV,,,,,2　（1）ごみの収集状況,2023-02-22T16:43:47,https://www.city.osaka.lg.jp/contents/wdu290/opendata/dataset/data-00000647/R3_refrence_2-1.csv,,92,,,
,data-00000647,,,13314,active,2023-02-22T16:43:52,,,CSV,,,,,2　（2）ごみの処分状況,2023-02-22T16:43:52,https://www.city.osaka.lg.jp/contents/wdu290/opendata/dataset/data-00000647/R3_refrence_2-2.csv,,93,,,
,data-00000647,,,7448,active,2023-02-22T16:43:58,,,CSV,,,,,2　（3）し尿の処理状況,2023-02-22T16:43:58,https://www.city.osaka.lg.jp/contents/wdu290/opendata/dataset/data-00000647/R3_refrence_2-3.csv,,94,,,
,data-00000647,,,6237,active,2023-02-22T16:44:04,,,CSV,,,,,3　胞衣汚物等処理状況の推移,2023-02-22T16:44:04,https://www.city.osaka.lg.jp/contents/wdu290/opendata/dataset/data-00000647/R3_refrence_3.csv,,95,,,
,data-00000647,,,4378,active,2023-02-22T16:44:08,,,CSV,,,,,4　（1）市立斎場火葬取扱状況,2023-02-22T16:44:08,https://www.city.osaka.lg.jp/contents/wdu290/opendata/dataset/data-00000647/R3_refrence_4-1.csv,,96,,,
,data-00000647,,,3348,active,2023-02-22T16:44:13,,,CSV,,,,,4　（2）市立斎場式場使用状況,2023-02-22T16:44:13,https://www.city.osaka.lg.jp/contents/wdu290/opendata/dataset/data-00000647/R3_refrence_4-2.csv,,97,,,
,data-00000648,,,3076270,active,2026-05-13T11:03:36,,地域ごとの検針日・口座振替日・納入通知書お支払い期限のデータをオープンデータとして提供しています。（文字コード：UTF-8（BOM付き）、改行コード：CR＋LF）,CSV,,,,,検針日オープンデータ（令和8年度）,2026-05-13T11:03:36,https://www.city.osaka.lg.jp/contents/wdu290/opendata/dataset/data-00000648/kensinbiopendata1.csv,,0,,,
,data-00000648,,,3029837,active,2025-05-27T16:27:35,,地域ごとの検針日・口座振替日・納入通知書お支払い期限のデータをオープンデータとして提供しています。（文字コード：UTF-8（BOM付き）、改行コード：CR＋LF）,CSV,,,,,検針日オープンデータ（令和7年度）,2025-05-27T16:27:35,https://www.city.osaka.lg.jp/contents/wdu290/opendata/dataset/data-00000648/kensinbiopendata.csv,,1,,,
,data-00000673,,,112071,active,2026-05-14T15:00:21,,,CSV,,,,,1_気象・水源,2026-05-14T15:00:21,https://www.city.osaka.lg.jp/contents/wdu290/opendata/dataset/data-00000673/1_kisyosuigen.csv,,0,,,
,data-00000673,,,60740,active,2026-05-14T15:01:10,,,CSV,,,,,2_取水量,2026-05-14T15:01:10,https://www.city.osaka.lg.jp/contents/wdu290/opendata/dataset/data-00000673/2_syusuiryo.csv,,1,,,
,data-00000673,,,66935,active,2026-05-14T15:01:31,,,CSV,,,,,3_ろ過量,2026-05-14T15:01:31,https://www.city.osaka.lg.jp/contents/wdu290/opendata/dataset/data-00000673/3_rokaryo.csv,,2,,,
,data-00000673,,,86144,active,2026-05-14T15:01:50,,,CSV,,,,,4_給水量,2026-05-14T15:01:50,https://www.city.osaka.lg.jp/contents/wdu290/opendata/dataset/data-00000673/4_kyusuiryo.csv,,3,,,
,data-00000673,,,66305,active,2026-05-14T15:02:05,,,CSV,,,,,5_電力使用量,2026-05-14T15:02:05,https://www.city.osaka.lg.jp/contents/wdu290/opendata/dataset/data-00000673/5_denryokuryo.csv,,4,,,
,data-00000673,,,5097,active,2026-05-14T15:02:22,,,CSV,,,,,6-1_薬品使用状況（凝集剤（硫酸ばんど））,2026-05-14T15:02:22,https://www.city.osaka.lg.jp/contents/wdu290/opendata/dataset/data-00000673/6_1_gyosyo.csv,,5,,,
,data-00000673,,,18380,active,2026-05-14T15:03:11,,,CSV,,,,,6-2_薬品使用状況（アルカリ剤（かせいソーダ））,2026-05-14T15:03:11,https://www.city.osaka.lg.jp/contents/wdu290/opendata/dataset/data-00000673/6_2_arukari.csv,,6,,,
,data-00000673,,,4121,active,2026-05-14T15:03:34,,,CSV,,,,,6-3_薬品使用状況（酸性（濃硫酸））,2026-05-14T15:03:34,https://www.city.osaka.lg.jp/contents/wdu290/opendata/dataset/data-00000673/6_3_san.csv,,7,,,
,data-00000673,,,19027,active,2026-05-14T15:03:55,,,CSV,,,,,6-4_薬品使用状況（消毒剤（次亜塩素酸ナトリウム））,2026-05-14T15:03:55,https://www.city.osaka.lg.jp/contents/wdu290/opendata/dataset/data-00000673/6_4_syodoku.csv,,8,,,
,data-00000673,,,8908,active,2026-05-14T15:04:14,,,CSV,,,,,6-5_薬品使用状況（オゾン）,2026-05-14T15:04:14,https://www.city.osaka.lg.jp/contents/wdu290/opendata/dataset/data-00000673/6_5_ozon.csv,,9,,,
,data-00000673,,,4295,active,2026-05-14T15:04:33,,,CSV,,,,,6-6_薬品使用状況（粒状活性炭）,2026-05-14T15:04:33,https://www.city.osaka.lg.jp/contents/wdu290/opendata/dataset/data-00000673/6_6_kasseitan.csv,,10,,,
,data-00000673,,,3454,active,2026-05-14T15:04:50,,,CSV,,,,,7-1_スラッジ処理状況（沈殿池排泥量及びシックナー引抜濃度）,2026-05-14T15:04:50,https://www.city.osaka.lg.jp/contents/wdu290/opendata/dataset/data-00000673/7_1_haideiryo.csv,,11,,,
,data-00000673,,,2299,active,2026-05-14T15:05:11,,,CSV,,,,,7-2_スラッジ処理状況（脱水処理状況）,2026-05-14T15:05:11,https://www.city.osaka.lg.jp/contents/wdu290/opendata/dataset/data-00000673/7_2_dassui.csv,,12,,,
,data-00000673,,,2458,active,2026-05-14T15:05:39,,,CSV,,,,,7-3_スラッジ処理状況（脱水ケーキ搬出量）,2026-05-14T15:05:39,https://www.city.osaka.lg.jp/contents/wdu290/opendata/dataset/data-00000673/7_3_hansyuryo.csv,,13,,,
,data-00000673,,,21997,active,2026-05-14T15:06:02,,,CSV,,,,,7-4_スラッジ処理状況（脱水ケーキ処分量）,2026-05-14T15:06:02,https://www.city.osaka.lg.jp/contents/wdu290/opendata/dataset/data-00000673/7_4_syobunryo.csv,,14,,,
,data-00000673,,,4448,active,2025-10-24T15:20:14,,,CSV,,,,,9-1_導送配水管,2025-10-24T15:20:14,https://www.city.osaka.lg.jp/contents/wdu290/opendata/dataset/data-00000673/9_kanroentyou.csv,,15,,,
,data-00000673,,,355,active,2025-10-24T15:20:14,,,CSV,,,,,9-2_制水弁・消火栓,2025-10-24T15:20:14,https://www.city.osaka.lg.jp/contents/wdu290/opendata/dataset/data-00000673/9_seisuibenn_syoukasenn_kisuu.csv,,16,,,
,data-00000674,,,8182,active,2026-05-25T11:21:08,,,CSV,,,,,工業用水道事業会計［R8.4.1～R8.4.30］,2026-05-25T11:21:08,https://www.city.osaka.lg.jp/contents/wdu290/opendata/dataset/data-00000674/kougyouyousuidoujigyoukaikei3.csv,,0,,,
,data-00000674,,,42136,active,2026-04-27T09:19:56,,,CSV,,,,,工業用水道事業会計［R7.4.1～R8.3.31］,2026-04-27T09:19:56,https://www.city.osaka.lg.jp/contents/wdu290/opendata/dataset/data-00000674/kougyouyousuidoujigyoukaikei2.csv,,1,,,
,data-00000674,,,45443,active,2025-04-25T17:06:57,,,CSV,,,,,工業用水道事業会計［R6.4.1～R7.3.31］,2025-04-25T17:06:57,https://www.city.osaka.lg.jp/contents/wdu290/opendata/dataset/data-00000674/kougyouyousuidoujigyoukaikei.csv,,2,,,
,data-00000674,,,185654,active,2026-05-25T11:07:42,,,CSV,,,,,水道事業会計［R8.4.1～R8.4.30］,2026-05-25T11:07:42,https://www.city.osaka.lg.jp/contents/wdu290/opendata/dataset/data-00000674/suidoujigyoukaikei3.csv,,3,,,
,data-00000674,,,702574,active,2026-04-27T09:19:56,,,CSV,,,,,水道事業会計［R7.10.1～R8.3.31］,2026-04-27T09:19:56,https://www.city.osaka.lg.jp/contents/wdu290/opendata/dataset/data-00000674/suidoujigyoukaikei2.csv,,4,,,
,data-00000674,,,1430069,active,2025-04-25T17:06:15,,,CSV,,,,,水道事業会計［R6.10.1～R7.3.31］,2025-04-25T17:06:15,https://www.city.osaka.lg.jp/contents/wdu290/opendata/dataset/data-00000674/suidoujigyoukaikei.csv,,5,,,
,data-00000675,,,12830,active,2024-03-04T15:36:25,,,CSV,,,,,一般世帯数・一般世帯人員（10月1日現在）,2024-03-04T15:36:25,https://www.city.osaka.lg.jp/contents/wdu290/opendata/dataset/data-00000675/08_Setai.csv,,0,,,
,data-00000675,,,74629,active,2024-03-19T15:54:50,,,CSV,,,,,家族類型別一般世帯数・世帯割合（10月1日現在）,2024-03-19T15:54:50,https://www.city.osaka.lg.jp/contents/wdu290/opendata/dataset/data-00000675/09_Setai_Kazokuruikei.csv,,1,,,
,data-00000675,,,140186,active,2024-03-19T15:54:50,,,CSV,,,,,世帯主の年齢別単独世帯数・割合（10月1日現在）,2024-03-19T15:54:50,https://www.city.osaka.lg.jp/contents/wdu290/opendata/dataset/data-00000675/10_TandokuSetai_Nenreibetsu.csv,,2,,,
,data-00000675,,,139643,active,2024-03-21T15:42:58,,,CSV,,,,,年齢3区分別人口（10月1日現在）,2024-03-21T15:42:58,https://www.city.osaka.lg.jp/contents/wdu290/opendata/dataset/data-00000675/01_Jinkou_3kubun.csv,,3,,,
,data-00000675,,,130479,active,2024-03-21T15:42:58,,,CSV,,,,,年齢3区分別人口割合（10月1日現在）,2024-03-21T15:42:58,https://www.city.osaka.lg.jp/contents/wdu290/opendata/dataset/data-00000675/02_Jinkou_3kubun_wariai.csv,,4,,,
,data-00000675,,,602145,active,2024-03-21T15:42:58,,,CSV,,,,,"年齢5歳階級別人口（人口ピラミッド作成用,10月1日現在）",2024-03-21T15:42:58,https://www.city.osaka.lg.jp/contents/wdu290/opendata/dataset/data-00000675/03_Jinkou_5saikaikyuu.csv,,5,,,
,data-00000675,,,88486,active,2026-07-16T12:16:10,,,CSV,,,,,人口異動（暦年）,2026-07-16T12:16:10,https://www.city.osaka.lg.jp/contents/wdu290/opendata/dataset/data-00000675/07_JinkouIdou.csv,,6,,,
,data-00000675,,,148738,active,2026-07-16T12:16:10,,,CSV,,,,,男女別人口（10月1日現在）,2026-07-16T12:16:10,https://www.city.osaka.lg.jp/contents/wdu290/opendata/dataset/data-00000675/04_Jinkou.csv,,7,,,
,data-00000675,,,15519,active,2024-03-04T15:36:25,,,CSV,,,,,昼間人口・昼夜間人口比率（10月1日現在）,2024-03-04T15:36:25,https://www.city.osaka.lg.jp/contents/wdu290/opendata/dataset/data-00000675/05_TyuukanJinkou.csv,,8,,,
,data-00000675,,,50570,active,2026-07-16T12:16:10,,,CSV,,,,,外国人人口（3月31日現在）,2026-07-16T12:16:10,https://www.city.osaka.lg.jp/contents/wdu290/opendata/dataset/data-00000675/06_GaikokujinJinkou.csv,,9,,,
,data-00000676,,,11277,active,2026-06-09T13:15:19,,,CSV,,,,,津波避難ビル,2026-06-09T13:15:19,https://www.city.osaka.lg.jp/contents/wdu290/opendata/dataset/data-00000676/tunami.csv,,0,,,
,data-00000677,,,937,active,2024-04-12T12:05:18,,行政区別・男女別人口及び世帯数,CSV,,,,,行政区別・男女別人口及び世帯数,2024-04-12T12:05:18,https://www.city.osaka.lg.jp/contents/wdu290/opendata/dataset/data-00000677/01_gyousei-danjyo-setai.csv,,0,,,
,data-00000677,,,1818475,active,2024-04-12T12:07:17,,各区町丁目別・男女別・各歳別人口及び世帯数,CSV,,,,,各区町丁目別・男女別・各歳別人口及び世帯数（北区）,2024-04-12T12:07:17,https://www.city.osaka.lg.jp/contents/wdu290/opendata/dataset/data-00000677/02-01_jyu-ki.csv,,1,,,
,data-00000677,,,9986,active,2024-04-12T13:20:52,,行政区別・男女別・5歳階級別人口及び世帯数,CSV,,,,,行政区別・男女別・5歳階級別人口及び世帯数,2024-04-12T13:20:52,https://www.city.osaka.lg.jp/contents/wdu290/opendata/dataset/data-00000677/03_gyousei-danjyo-5sai_setai.csv,,2,,,
,data-00000677,,,862,active,2024-04-12T13:20:52,,行政区別・男女別・外国人人口及び世帯数,CSV,,,,,行政区別・男女別・外国人人口及び世帯数,2024-04-12T13:20:52,https://www.city.osaka.lg.jp/contents/wdu290/opendata/dataset/data-00000677/04_gyousei-danjo_gaikokujin-setai.csv,,3,,,
,data-00000677,,,7756,active,2024-04-12T13:20:52,,行政区別・男女別・5歳階級別・外国人人口及び世帯数,CSV,,,,,行政区別・男女別・5歳階級別・外国人人口及び世帯数,2024-04-12T13:20:52,https://www.city.osaka.lg.jp/contents/wdu290/opendata/dataset/data-00000677/05_gyousei-danjo-5sai_gaikokujin-setai.csv,,4,,,
,data-00000677,,,3065,active,2024-04-12T13:20:52,,外国人住民国籍別人口,CSV,,,,,外国人住民国籍別人口,2024-04-12T13:20:52,https://www.city.osaka.lg.jp/contents/wdu290/opendata/dataset/data-00000677/06_kokusekibetu.csv,,5,,,
,data-00000677,,,11669,active,2024-04-12T13:20:52,,外国人住民区別国籍別人口,CSV,,,,,外国人住民区別国籍別人口,2024-04-12T13:20:52,https://www.city.osaka.lg.jp/contents/wdu290/opendata/dataset/data-00000677/07_kubetu-kokusekibetu_gaikokujin.csv,,6,,,
,data-00000677,,,9695,active,2024-04-12T13:20:52,,外国人住民区別在留資格別人口,CSV,,,,,外国人住民区別在留資格別人口,2024-04-12T13:20:52,https://www.city.osaka.lg.jp/contents/wdu290/opendata/dataset/data-00000677/08_kubetu-shikakubetu_gaikokujin.csv,,7,,,
,data-00000678,,,299,active,2026-07-22T17:04:51,,,CSV,,,,,東淀川区の統計（令和8年4月1日現在）,2026-07-07T12:14:36,https://www.city.osaka.lg.jp/contents/wdu290/opendata/dataset/data-00000678/higashiyodogawakunotoukei.csv,,0,,,
,data-00000679,,,8496,active,2024-06-05T11:26:43,,,CSV,,,,,大阪市上水道　需要予測データ,2024-06-05T11:26:43,https://www.city.osaka.lg.jp/contents/wdu290/opendata/dataset/data-00000679/yosoku.csv,,0,,,
,data-00000680,,,937,active,2025-04-08T11:37:12,,行政区別・男女別人口及び世帯数,CSV,,,,,行政区別・男女別人口及び世帯数,2025-04-08T11:37:12,https://www.city.osaka.lg.jp/contents/wdu290/opendata/dataset/data-00000680/01_gyousei-danjyo-setai.csv,,0,,,
,data-00000680,,,1814048,active,2025-04-08T11:37:54,,各区町丁目別・男女別・各歳別人口及び世帯数,CSV,,,,,各区町丁目別・男女別・各歳別人口及び世帯数,2025-04-08T11:37:54,https://www.city.osaka.lg.jp/contents/wdu290/opendata/dataset/data-00000680/02_jyu-ki.csv,,1,,,
,data-00000680,,,863,active,2025-04-08T11:39:24,,行政区別・男女別・外国人人口及び世帯数,CSV,,,,,行政区別・男女別・外国人人口及び世帯数,2025-04-08T11:39:24,https://www.city.osaka.lg.jp/contents/wdu290/opendata/dataset/data-00000680/04_gyousei-danjo_gaikokujin-setai.csv,,2,,,
,data-00000680,,,7833,active,2025-04-08T11:39:24,,行政区別・男女別・5歳階級別・外国人人口及び世帯数,CSV,,,,,行政区別・男女別・5歳階級別・外国人人口及び世帯数,2025-04-08T11:39:24,https://www.city.osaka.lg.jp/contents/wdu290/opendata/dataset/data-00000680/05_gyousei-danjo-5sai_gaikokujin-setai.csv,,3,,,
,data-00000680,,,3238,active,2025-04-08T11:39:24,,外国人住民国籍別人口,CSV,,,,,外国人住民国籍別人口,2025-04-08T11:39:24,https://www.city.osaka.lg.jp/contents/wdu290/opendata/dataset/data-00000680/06_kokusekibetu.csv,,4,,,
,data-00000680,,,12140,active,2025-04-08T11:39:41,,外国人住民区別国籍別人口,CSV,,,,,外国人住民区別国籍別人口,2025-04-08T11:39:41,https://www.city.osaka.lg.jp/contents/wdu290/opendata/dataset/data-00000680/07_kubetu-kokusekibetu_gaikokujin.csv,,5,,,
,data-00000680,,,9894,active,2025-04-08T11:39:41,,外国人住民区別在留資格別人口,CSV,,,,,外国人住民区別在留資格別人口,2025-04-08T11:39:41,https://www.city.osaka.lg.jp/contents/wdu290/opendata/dataset/data-00000680/08_kubetu-shikakubetu_gaikokujin.csv,,6,,,
,data-00000680,,,9988,active,2025-07-15T15:07:28,,行政区別・男女別・5歳階級別人口及び世帯数,CSV,,,,,行政区別・男女別・5歳階級別人口及び世帯数,2025-07-15T15:07:28,https://www.city.osaka.lg.jp/contents/wdu290/opendata/dataset/data-00000680/03_gyousei-danjyo-5sai_setai.csv,,7,,,
,data-00000681,,,46497,active,2024-09-05T11:05:17,,,CSV,,,,,特定歴史公文書等燻蒸等簿冊目録,2024-09-05T11:05:17,https://www.city.osaka.lg.jp/contents/wdu290/opendata/dataset/data-00000681/R6_tokuteirekibun.csv,,0,,,
,data-00000681,,,2787,active,2024-09-05T11:05:17,,,CSV,,,,,南区役所文書燻蒸等簿冊目録,2024-09-05T11:05:17,https://www.city.osaka.lg.jp/contents/wdu290/opendata/dataset/data-00000681/R6_minamikuyakusyo.csv,,1,,,
,data-00000682,,,2099,active,2024-10-16T11:55:59,,市民税（個人3）です。 令和6年10月23日に調定額の単位を（千円）に修正しました。,CSV,,,,,4-1-1-3　市民税（個人3）,2023-06-23T13:57:40,https://www.city.osaka.lg.jp/contents/wdu290/opendata/dataset/data-00000682/utf8_4-1-1-3.csv,,0,,,
,data-00000682,,,2181,active,2024-10-16T11:56:46,,事業所税です。 令和6年10月23日に課税標準_資産割の単位を（㎡）に修正しました。,CSV,,,,,4-6-1　事業所税,2023-06-23T15:21:07,https://www.city.osaka.lg.jp/contents/wdu290/opendata/dataset/data-00000682/utf8_4-6-1.csv,,1,,,
,data-00000683,,,1445,active,2024-10-16T00:00:00,,一般会計歳入予算決算額です。,CSV,,,,,1-1-1　一般会計歳入予算決算額,2024-06-19T00:00:00,https://www.city.osaka.lg.jp/contents/wdu290/opendata/dataset/data-00000683/utf8_1-1-1.csv,,0,,,
,data-00000683,,,986,active,2024-10-16T00:00:00,,一般会計歳出予算決算額です。,CSV,,,,,1-1-2　一般会計歳出予算決算額,2024-06-19T00:00:00,https://www.city.osaka.lg.jp/contents/wdu290/opendata/dataset/data-00000683/utf8_1-1-2.csv,,1,,,
,data-00000683,,,879,active,2024-10-16T00:00:00,,特別会計予算歳入決算額です。,CSV,,,,,1-1-3　特別会計歳入予算決算額,2024-06-19T00:00:00,https://www.city.osaka.lg.jp/contents/wdu290/opendata/dataset/data-00000683/utf8_1-1-3.csv,,2,,,
,data-00000683,,,878,active,2024-10-16T00:00:00,,特別会計歳出予算決算額です。,CSV,,,,,1-1-4　特別会計歳出予算決算額,2024-06-19T00:00:00,https://www.city.osaka.lg.jp/contents/wdu290/opendata/dataset/data-00000683/utf8_1-1-4.csv,,3,,,
,data-00000683,,,2363,active,2024-10-16T00:00:00,,一般会計歳入決算額累年比較です。,CSV,,,,,1-2-1　一般会計歳入決算額累年比1,2024-06-19T00:00:00,https://www.city.osaka.lg.jp/contents/wdu290/opendata/dataset/data-00000683/utf8_1-2-1.csv,,4,,,
,data-00000683,,,1667,active,2024-10-16T00:00:00,,一般会計歳出決算額累年比較です。,CSV,,,,,1-2-2　一般会計歳出決算額累年比較,2024-06-19T00:00:00,https://www.city.osaka.lg.jp/contents/wdu290/opendata/dataset/data-00000683/utf8_1-2-2.csv,,5,,,
,data-00000683,,,8677,active,2024-10-16T00:00:00,,令和4年度市税予算額補正推移です。,CSV,,,,,2-1-1　令和4年度市税予算額補正推移,2024-06-19T00:00:00,https://www.city.osaka.lg.jp/contents/wdu290/opendata/dataset/data-00000683/utf8_2-1-1.csv,,6,,,
,data-00000683,,,13913,active,2024-10-16T00:00:00,,当初予算額累年比較です。,CSV,,,,,2-2-1　当初予算額累年比較,2024-06-19T00:00:00,https://www.city.osaka.lg.jp/contents/wdu290/opendata/dataset/data-00000683/utf8_2-2-1.csv,,7,,,
,data-00000683,,,13911,active,2024-10-16T00:00:00,,最終予算額累年比較です。,CSV,,,,,2-2-2　最終予算額累年比較,2024-06-19T00:00:00,https://www.city.osaka.lg.jp/contents/wdu290/opendata/dataset/data-00000683/utf8_2-2-2.csv,,8,,,
,data-00000683,,,5869,active,2024-10-16T00:00:00,,市税予算、決算額等累年比較です。,CSV,,,,,2-2-3　市税予算、決算額等累年比較,2024-06-19T00:00:00,https://www.city.osaka.lg.jp/contents/wdu290/opendata/dataset/data-00000683/utf8_2-2-3.csv,,9,,,
,data-00000683,,,3620,active,2024-10-16T00:00:00,,市税決算額累年比較（昭和20年度～昭和24年度）です。,CSV,,,,,3-1-1-1　市税決算額累年比較（昭和20年度～昭和24年度）,2024-06-19T00:00:00,https://www.city.osaka.lg.jp/contents/wdu290/opendata/dataset/data-00000683/utf8_3-1-1-1.csv,,10,,,
,data-00000683,,,10382,active,2024-10-16T00:00:00,,市税決算額累年比較（昭和25年度～昭和29年度）です。,CSV,,,,,3-1-1-2　市税決算額累年比較（昭和25年度～昭和29年度）,2024-06-19T00:00:00,https://www.city.osaka.lg.jp/contents/wdu290/opendata/dataset/data-00000683/utf8_3-1-1-2.csv,,11,,,
,data-00000683,,,13007,active,2024-10-16T00:00:00,,市税決算額累年比較（昭和30年度～昭和34年度）です。,CSV,,,,,3-1-1-3　市税決算額累年比較（昭和30年度～昭和34年度）,2024-06-19T00:00:00,https://www.city.osaka.lg.jp/contents/wdu290/opendata/dataset/data-00000683/utf8_3-1-1-3.csv,,12,,,
,data-00000683,,,12852,active,2024-10-16T00:00:00,,市税決算額累年比較（昭和35年度～昭和39年度）です。,CSV,,,,,3-1-1-4　市税決算額累年比較（昭和35年度～昭和39年度）,2024-06-19T00:00:00,https://www.city.osaka.lg.jp/contents/wdu290/opendata/dataset/data-00000683/utf8_3-1-1-4.csv,,13,,,
,data-00000683,,,13698,active,2024-10-16T00:00:00,,市税決算額累年比較（昭和40年度～昭和44年度）です。,CSV,,,,,3-1-1-5　市税決算額累年比較（昭和40年度～昭和44年度）,2024-06-19T00:00:00,https://www.city.osaka.lg.jp/contents/wdu290/opendata/dataset/data-00000683/utf8_3-1-1-5.csv,,14,,,
,data-00000683,,,13993,active,2024-10-16T00:00:00,,市税決算額累年比較（昭和45年度～昭和49年度）です。,CSV,,,,,3-1-1-6　市税決算額累年比較（昭和45年度～昭和49年度）,2024-06-19T00:00:00,https://www.city.osaka.lg.jp/contents/wdu290/opendata/dataset/data-00000683/utf8_3-1-1-6.csv,,15,,,
,data-00000683,,,14855,active,2024-10-16T00:00:00,,市税決算額累年比較（昭和50年度～昭和54年度）です。,CSV,,,,,3-1-1-7　市税決算額累年比較（昭和50年度～昭和54年度）,2024-06-19T00:00:00,https://www.city.osaka.lg.jp/contents/wdu290/opendata/dataset/data-00000683/utf8_3-1-1-7.csv,,16,,,
,data-00000683,,,15055,active,2024-10-16T00:00:00,,市税決算額累年比較（昭和55年度～昭和59年度）です。,CSV,,,,,3-1-1-8　市税決算額累年比較（昭和55年度～昭和59年度）,2024-06-19T00:00:00,https://www.city.osaka.lg.jp/contents/wdu290/opendata/dataset/data-00000683/utf8_3-1-1-8.csv,,17,,,
,data-00000683,,,12948,active,2024-10-16T00:00:00,,市税決算額累年比較（昭和60年度～昭和63年度）です。,CSV,,,,,3-1-1-9　市税決算額累年比較（昭和60年度～昭和63年度）,2024-06-19T00:00:00,https://www.city.osaka.lg.jp/contents/wdu290/opendata/dataset/data-00000683/utf8_3-1-1-9.csv,,18,,,
,data-00000683,,,13130,active,2024-10-16T00:00:00,,市税決算額累年比較（平成元年度～平成4年度）です。,CSV,,,,,3-1-1-10　市税決算額累年比較（平成元年度～平成4年度）,2024-06-19T00:00:00,https://www.city.osaka.lg.jp/contents/wdu290/opendata/dataset/data-00000683/utf8_3-1-1-10.csv,,19,,,
,data-00000683,,,12320,active,2024-10-16T00:00:00,,市税決算額累年比較（平成5年度～平成8年度）です。,CSV,,,,,3-1-1-11　市税決算額累年比較（平成5年度～平成8年度）,2024-06-19T00:00:00,https://www.city.osaka.lg.jp/contents/wdu290/opendata/dataset/data-00000683/utf8_3-1-1-11.csv,,20,,,
,data-00000683,,,11433,active,2024-10-16T00:00:00,,市税決算額累年比較（平成9年度～平成12年度）です。,CSV,,,,,3-1-1-12　市税決算額累年比較（平成9年度～平成12年度）,2024-06-19T00:00:00,https://www.city.osaka.lg.jp/contents/wdu290/opendata/dataset/data-00000683/utf8_3-1-1-12.csv,,21,,,
,data-00000683,,,11559,active,2024-10-16T00:00:00,,市税決算額累年比較（平成13年度～平成16年度）です。,CSV,,,,,3-1-1-13　市税決算額累年比較（平成13年度～平成16年度）,2024-06-19T00:00:00,https://www.city.osaka.lg.jp/contents/wdu290/opendata/dataset/data-00000683/utf8_3-1-1-13.csv,,22,,,
,data-00000683,,,11693,active,2024-10-16T00:00:00,,市税決算額累年比較（平成17年度～平成20年度）です。,CSV,,,,,3-1-1-14　市税決算額累年比較（平成17年度～平成20年度）,2024-06-19T00:00:00,https://www.city.osaka.lg.jp/contents/wdu290/opendata/dataset/data-00000683/utf8_3-1-1-14.csv,,23,,,
,data-00000683,,,11267,active,2024-10-16T00:00:00,,市税決算額累年比較（平成21年度～平成24年度）です。,CSV,,,,,3-1-1-15　市税決算額累年比較（平成21年度～平成24年度）,2024-06-19T00:00:00,https://www.city.osaka.lg.jp/contents/wdu290/opendata/dataset/data-00000683/utf8_3-1-1-15.csv,,24,,,
,data-00000683,,,11026,active,2024-10-16T00:00:00,,市税決算額累年比較（平成25年度～平成28年度）です。,CSV,,,,,3-1-1-16　市税決算額累年比較（平成25年度～平成28年度）,2024-06-19T00:00:00,https://www.city.osaka.lg.jp/contents/wdu290/opendata/dataset/data-00000683/utf8_3-1-1-16.csv,,25,,,
,data-00000683,,,11918,active,2024-10-16T00:00:00,,市税決算額累年比較（平成29年度～令和2年度）です。,CSV,,,,,3-1-1-17　市税決算額累年比較（平成29年度～令和2年度）,2024-06-19T00:00:00,https://www.city.osaka.lg.jp/contents/wdu290/opendata/dataset/data-00000683/utf8_3-1-1-17.csv,,26,,,
,data-00000683,,,8643,active,2024-10-16T00:00:00,,市税決算額累年比較（令和3年度～令和4年度）です。,CSV,,,,,3-1-1-18　市税決算額累年比較（令和3年度～令和4年度）,2024-06-19T00:00:00,https://www.city.osaka.lg.jp/contents/wdu290/opendata/dataset/data-00000683/utf8_3-1-1-18.csv,,27,,,
,data-00000683,,,4427,active,2024-10-16T00:00:00,,市税決算額累年比較（各区別明細）です。,CSV,,,,,3-1-2　市税決算額累年比較（各区別明細）,2024-06-19T00:00:00,https://www.city.osaka.lg.jp/contents/wdu290/opendata/dataset/data-00000683/utf8_3-1-2.csv,,28,,,
,data-00000683,,,23213,active,2024-10-16T00:00:00,,令和4年度月別調定額及び収入額です。,CSV,,,,,3-2-1　令和4年度月別調定額及び収入額,2024-06-19T00:00:00,https://www.city.osaka.lg.jp/contents/wdu290/opendata/dataset/data-00000683/utf8_3-2-1.csv,,29,,,
,data-00000683,,,4077,active,2024-10-16T00:00:00,,市税徴収整理状況等（納付状況累年比較）です。,CSV,,,,,3-3-1　市税徴収整理状況等（納付状況累年比較）,2024-06-19T00:00:00,https://www.city.osaka.lg.jp/contents/wdu290/opendata/dataset/data-00000683/utf8_3-3-1.csv,,30,,,
,data-00000683,,,6700,active,2024-10-16T00:00:00,,市税徴収整理状況等（納付状況調）です。,CSV,,,,,3-3-2　市税徴収整理状況等（納付状況調）,2024-06-19T00:00:00,https://www.city.osaka.lg.jp/contents/wdu290/opendata/dataset/data-00000683/utf8_3-3-2.csv,,31,,,
,data-00000683,,,3014,active,2024-10-16T00:00:00,,税目別増減収寄与率（昭和26年～昭和33年）です。,CSV,,,,,3-4-1　税目別増減収寄与率（昭和26年～昭和33年）,2024-06-19T00:00:00,https://www.city.osaka.lg.jp/contents/wdu290/opendata/dataset/data-00000683/utf8_3-4-1.csv,,32,,,
,data-00000683,,,3130,active,2024-10-16T00:00:00,,税目別増減収寄与率（昭和34年～昭和41年）です。,CSV,,,,,3-4-2　税目別増減収寄与率（昭和34年～昭和41年）,2024-06-19T00:00:00,https://www.city.osaka.lg.jp/contents/wdu290/opendata/dataset/data-00000683/utf8_3-4-2.csv,,33,,,
,data-00000683,,,3319,active,2024-10-16T00:00:00,,税目別増減収寄与率（昭和42年～昭和49年）です。,CSV,,,,,3-4-3　税目別増減収寄与率（昭和42年～昭和49年）,2024-06-19T00:00:00,https://www.city.osaka.lg.jp/contents/wdu290/opendata/dataset/data-00000683/utf8_3-4-3.csv,,34,,,
,data-00000683,,,3340,active,2024-10-16T00:00:00,,税目別増減収寄与率（昭和50年～昭和57年）です。,CSV,,,,,3-4-4　税目別増減収寄与率（昭和50年～昭和57年）,2024-06-19T00:00:00,https://www.city.osaka.lg.jp/contents/wdu290/opendata/dataset/data-00000683/utf8_3-4-4.csv,,35,,,
,data-00000683,,,3412,active,2024-10-16T00:00:00,,税目別増減収寄与率（昭和58年～平成2年）です。,CSV,,,,,3-4-5　税目別増減収寄与率（昭和58年～平成2年）,2024-06-19T00:00:00,https://www.city.osaka.lg.jp/contents/wdu290/opendata/dataset/data-00000683/utf8_3-4-5.csv,,36,,,
,data-00000683,,,3295,active,2024-10-16T00:00:00,,税目別増減収寄与率（平成3年～平成10年）です。,CSV,,,,,3-4-6　税目別増減収寄与率（平成3年～平成10年）,2024-06-19T00:00:00,https://www.city.osaka.lg.jp/contents/wdu290/opendata/dataset/data-00000683/utf8_3-4-6.csv,,37,,,
,data-00000683,,,3319,active,2024-10-16T00:00:00,,税目別増減収寄与率（平成11年～平成18年）です。,CSV,,,,,3-4-7　税目別増減収寄与率（平成11年～平成18年）,2024-06-19T00:00:00,https://www.city.osaka.lg.jp/contents/wdu290/opendata/dataset/data-00000683/utf8_3-4-7.csv,,38,,,
,data-00000683,,,3147,active,2024-10-16T00:00:00,,税目別増減収寄与率（平成19年～平成26年）です。,CSV,,,,,3-4-8　税目別増減収寄与率（平成19年～平成26年）,2024-06-19T00:00:00,https://www.city.osaka.lg.jp/contents/wdu290/opendata/dataset/data-00000683/utf8_3-4-8.csv,,39,,,
,data-00000683,,,3114,active,2024-10-16T00:00:00,,税目別増減収寄与率（平成27年～令和4年）です。,CSV,,,,,3-4-9　税目別増減収寄与率（平成27年～令和4年）,2024-06-19T00:00:00,https://www.city.osaka.lg.jp/contents/wdu290/opendata/dataset/data-00000683/utf8_3-4-9.csv,,40,,,
,data-00000683,,,2024,active,2024-10-16T00:00:00,,市民税（個人1）です。,CSV,,,,,4-1-1-1　市民税（個人1）,2024-06-19T00:00:00,https://www.city.osaka.lg.jp/contents/wdu290/opendata/dataset/data-00000683/utf8_4-1-1-1.csv,,41,,,
,data-00000683,,,1870,active,2024-10-16T00:00:00,,市民税（個人2）です。,CSV,,,,,4-1-1-2　市民税（個人2）,2024-06-19T00:00:00,https://www.city.osaka.lg.jp/contents/wdu290/opendata/dataset/data-00000683/utf8_4-1-1-2.csv,,42,,,
,data-00000683,,,2100,active,2024-10-16T11:33:19,,市民税（個人3）です。 令和6年10月23日に調定額の単位を（千円）に修正しました。,CSV,,,,,4-1-1-3　市民税（個人3）,2024-06-19T11:22:57,https://www.city.osaka.lg.jp/contents/wdu290/opendata/dataset/data-00000683/utf8_4-1-1-3.csv,,43,,,
,data-00000683,,,709,active,2024-10-16T00:00:00,,市民税（法人1）です。,CSV,,,,,4-1-2-1　市民税（法人1）,2024-06-19T00:00:00,https://www.city.osaka.lg.jp/contents/wdu290/opendata/dataset/data-00000683/utf8_4-1-2-1.csv,,44,,,
,data-00000683,,,636,active,2024-10-16T00:00:00,,市民税（法人2）です。,CSV,,,,,4-1-2-2　市民税（法人2）,2024-06-19T00:00:00,https://www.city.osaka.lg.jp/contents/wdu290/opendata/dataset/data-00000683/utf8_4-1-2-2.csv,,45,,,
,data-00000683,,,1238,active,2024-10-16T00:00:00,,市民税（法人3）です。,CSV,,,,,4-1-2-3　市民税（法人3）,2024-06-19T00:00:00,https://www.city.osaka.lg.jp/contents/wdu290/opendata/dataset/data-00000683/utf8_4-1-2-3.csv,,46,,,
,data-00000683,,,3893,active,2024-10-16T00:00:00,,市民税（法人4）です。,CSV,,,,,4-1-2-4　市民税（法人4）,2024-06-19T00:00:00,https://www.city.osaka.lg.jp/contents/wdu290/opendata/dataset/data-00000683/utf8_4-1-2-4.csv,,47,,,
,data-00000683,,,3206,active,2024-10-16T00:00:00,,市民税（法人5）です。,CSV,,,,,4-1-2-5　市民税（法人5）,2024-06-19T00:00:00,https://www.city.osaka.lg.jp/contents/wdu290/opendata/dataset/data-00000683/utf8_4-1-2-5.csv,,48,,,
,data-00000683,,,4165,active,2024-10-16T00:00:00,,市民税（法人6）です。,CSV,,,,,4-1-2-6　市民税（法人6）,2024-06-19T00:00:00,https://www.city.osaka.lg.jp/contents/wdu290/opendata/dataset/data-00000683/utf8_4-1-2-6.csv,,49,,,
,data-00000683,,,1365,active,2024-10-16T00:00:00,,市民税（法人7）です。,CSV,,,,,4-1-2-7　市民税（法人7）,2024-06-19T00:00:00,https://www.city.osaka.lg.jp/contents/wdu290/opendata/dataset/data-00000683/utf8_4-1-2-7.csv,,50,,,
,data-00000683,,,942,active,2024-10-16T00:00:00,,市民税（法人8）です。,CSV,,,,,4-1-2-8　市民税（法人8）,2024-06-19T00:00:00,https://www.city.osaka.lg.jp/contents/wdu290/opendata/dataset/data-00000683/utf8_4-1-2-8.csv,,51,,,
,data-00000683,,,1418,active,2024-10-16T00:00:00,,市民税（法人9）です。,CSV,,,,,4-1-2-9　市民税（法人9）,2024-06-19T00:00:00,https://www.city.osaka.lg.jp/contents/wdu290/opendata/dataset/data-00000683/utf8_4-1-2-9.csv,,52,,,
,data-00000683,,,1114,active,2024-10-16T00:00:00,,市民税（法人10）です。,CSV,,,,,4-1-2-10　市民税（法人10）,2024-06-19T00:00:00,https://www.city.osaka.lg.jp/contents/wdu290/opendata/dataset/data-00000683/utf8_4-1-2-10.csv,,53,,,
,data-00000683,,,1093,active,2024-10-16T00:00:00,,市民税（法人11）です。,CSV,,,,,4-1-2-11　市民税（法人11）,2024-06-19T00:00:00,https://www.city.osaka.lg.jp/contents/wdu290/opendata/dataset/data-00000683/utf8_4-1-2-11.csv,,54,,,
,data-00000683,,,1129,active,2024-10-16T00:00:00,,固定資産税（1）アです。,CSV,,,,,4-2-1-1　固定資産税（1）ア,2024-06-19T00:00:00,https://www.city.osaka.lg.jp/contents/wdu290/opendata/dataset/data-00000683/utf8_4-2-1-1.csv,,55,,,
,data-00000683,,,1024,active,2024-10-16T00:00:00,,固定資産税（1）イです。,CSV,,,,,4-2-1-2　固定資産税（1）イ,2024-06-19T00:00:00,https://www.city.osaka.lg.jp/contents/wdu290/opendata/dataset/data-00000683/utf8_4-2-1-2.csv,,56,,,
,data-00000683,,,771,active,2024-10-16T00:00:00,,固定資産税（1）ウです。,CSV,,,,,4-2-1-3　固定資産税（1）ウ,2024-06-19T00:00:00,https://www.city.osaka.lg.jp/contents/wdu290/opendata/dataset/data-00000683/utf8_4-2-1-3.csv,,57,,,
,data-00000683,,,4753,active,2024-10-16T00:00:00,,固定資産税（2）土地です。,CSV,,,,,4-2-2-1　固定資産税（2）土地,2024-06-19T00:00:00,https://www.city.osaka.lg.jp/contents/wdu290/opendata/dataset/data-00000683/utf8_4-2-2-1.csv,,58,,,
,data-00000683,,,1244,active,2024-10-16T00:00:00,,固定資産税（2）家屋です。,CSV,,,,,4-2-2-2　固定資産税（2）家屋,2024-06-19T00:00:00,https://www.city.osaka.lg.jp/contents/wdu290/opendata/dataset/data-00000683/utf8_4-2-2-2.csv,,59,,,
,data-00000683,,,2141,active,2024-10-16T00:00:00,,固定資産税（2）償却資産です。,CSV,,,,,4-2-2-3　固定資産税（2）償却資産,2024-06-19T00:00:00,https://www.city.osaka.lg.jp/contents/wdu290/opendata/dataset/data-00000683/utf8_4-2-2-3.csv,,60,,,
,data-00000683,,,2563,active,2024-10-16T00:00:00,,固定資産税（3）土地・家屋です。,CSV,,,,,4-2-3-1　固定資産税（3）土地・家屋,2024-06-19T00:00:00,https://www.city.osaka.lg.jp/contents/wdu290/opendata/dataset/data-00000683/utf8_4-2-3-1.csv,,61,,,
,data-00000683,,,1309,active,2024-10-16T00:00:00,,固定資産税（3）償却資産です。,CSV,,,,,4-2-3-2　固定資産税（3）償却資産,2024-06-19T00:00:00,https://www.city.osaka.lg.jp/contents/wdu290/opendata/dataset/data-00000683/utf8_4-2-3-2.csv,,62,,,
,data-00000683,,,2757,active,2024-10-16T00:00:00,,固定資産税（4）土地です。,CSV,,,,,4-2-4-1　固定資産税（4）土地,2024-06-19T00:00:00,https://www.city.osaka.lg.jp/contents/wdu290/opendata/dataset/data-00000683/utf8_4-2-4-1.csv,,63,,,
,data-00000683,,,1151,active,2024-10-16T00:00:00,,固定資産税（4）土地　附表です。,CSV,,,,,4-2-4-2　固定資産税（4）土地　附表,2024-06-19T00:00:00,https://www.city.osaka.lg.jp/contents/wdu290/opendata/dataset/data-00000683/utf8_4-2-4-2.csv,,64,,,
,data-00000683,,,2407,active,2024-10-16T00:00:00,,固定資産税（4）家屋です。,CSV,,,,,4-2-4-3　固定資産税（4）家屋,2024-06-19T00:00:00,https://www.city.osaka.lg.jp/contents/wdu290/opendata/dataset/data-00000683/utf8_4-2-4-3.csv,,65,,,
,data-00000683,,,1396,active,2024-10-16T00:00:00,,固定資産税（4）償却資産です。,CSV,,,,,4-2-4-4　固定資産税（4）償却資産,2024-06-19T00:00:00,https://www.city.osaka.lg.jp/contents/wdu290/opendata/dataset/data-00000683/utf8_4-2-4-4.csv,,66,,,
,data-00000683,,,1713,active,2024-10-16T00:00:00,,固定資産税（5）です。,CSV,,,,,4-2-5-1　固定資産税（5）,2024-06-19T00:00:00,https://www.city.osaka.lg.jp/contents/wdu290/opendata/dataset/data-00000683/utf8_4-2-5-1.csv,,67,,,
,data-00000683,,,3283,active,2024-10-16T00:00:00,,軽自動車税1です。,CSV,,,,,4-3-1　軽自動車税1,2024-06-19T00:00:00,https://www.city.osaka.lg.jp/contents/wdu290/opendata/dataset/data-00000683/utf8_4-3-1.csv,,68,,,
,data-00000683,,,6253,active,2024-10-16T00:00:00,,軽自動車税2です。,CSV,,,,,4-3-2　軽自動車税2,2024-06-19T00:00:00,https://www.city.osaka.lg.jp/contents/wdu290/opendata/dataset/data-00000683/utf8_4-3-2.csv,,69,,,
,data-00000683,,,603,active,2024-10-16T00:00:00,,市たばこ消費税です。,CSV,,,,,4-4-1　市たばこ消費税,2024-06-19T00:00:00,https://www.city.osaka.lg.jp/contents/wdu290/opendata/dataset/data-00000683/utf8_4-4-1.csv,,70,,,
,data-00000683,,,1124,active,2024-10-16T00:00:00,,市たばこ税です。,CSV,,,,,4-4-2　市たばこ税,2024-06-19T00:00:00,https://www.city.osaka.lg.jp/contents/wdu290/opendata/dataset/data-00000683/utf8_4-4-2.csv,,71,,,
,data-00000683,,,1460,active,2024-10-16T00:00:00,,入湯税です。,CSV,,,,,4-5-1　入湯税,2024-06-19T00:00:00,https://www.city.osaka.lg.jp/contents/wdu290/opendata/dataset/data-00000683/utf8_4-5-1.csv,,72,,,
,data-00000683,,,2182,active,2024-10-16T11:37:26,,事業所税です。 令和6年10月23日に課税標準_資産割の単位を（㎡）に修正しました。,CSV,,,,,4-6-1　事業所税,2024-06-19T11:36:31,https://www.city.osaka.lg.jp/contents/wdu290/opendata/dataset/data-00000683/utf8_4-6-1.csv,,73,,,
,data-00000683,,,990,active,2024-10-16T00:00:00,,都市計画税1です。,CSV,,,,,4-7-1　都市計画税1,2024-06-19T00:00:00,https://www.city.osaka.lg.jp/contents/wdu290/opendata/dataset/data-00000683/utf8_4-7-1.csv,,74,,,
,data-00000683,,,1010,active,2024-10-16T00:00:00,,都市計画税2です。,CSV,,,,,4-7-2　都市計画税2,2024-06-19T00:00:00,https://www.city.osaka.lg.jp/contents/wdu290/opendata/dataset/data-00000683/utf8_4-7-2.csv,,75,,,
,data-00000683,,,2485,active,2024-10-16T00:00:00,,都市計画税3です。,CSV,,,,,4-7-3　都市計画税3,2024-06-19T00:00:00,https://www.city.osaka.lg.jp/contents/wdu290/opendata/dataset/data-00000683/utf8_4-7-3.csv,,76,,,
,data-00000683,,,1381,active,2024-10-16T00:00:00,,滞納繰越賦課年度別収入状況です。,CSV,,,,,5-1-1　滞納繰越賦課年度別収入状況,2024-06-19T00:00:00,https://www.city.osaka.lg.jp/contents/wdu290/opendata/dataset/data-00000683/utf8_5-1-1.csv,,77,,,
,data-00000683,,,1738,active,2024-10-16T00:00:00,,不能欠損処理状況です。,CSV,,,,,5-2-1　不能欠損処理状況,2024-06-19T00:00:00,https://www.city.osaka.lg.jp/contents/wdu290/opendata/dataset/data-00000683/utf8_5-2-1.csv,,78,,,
,data-00000683,,,1174,active,2024-10-16T00:00:00,,滞納処分の停止事由内訳です。,CSV,,,,,5-3-1　滞納処分の停止事由内訳,2024-06-19T00:00:00,https://www.city.osaka.lg.jp/contents/wdu290/opendata/dataset/data-00000683/utf8_5-3-1.csv,,79,,,
,data-00000683,,,2514,active,2024-10-16T00:00:00,,国税・地方税負担額累年比較です。,CSV,,,,,6-1-1　国税・地方税負担額累年比較,2024-06-19T00:00:00,https://www.city.osaka.lg.jp/contents/wdu290/opendata/dataset/data-00000683/utf8_6-1-1.csv,,80,,,
,data-00000683,,,2673,active,2024-10-16T00:00:00,,市税負担額累年比較です。,CSV,,,,,6-2-1　市税負担額累年比較,2024-06-19T00:00:00,https://www.city.osaka.lg.jp/contents/wdu290/opendata/dataset/data-00000683/utf8_6-2-1.csv,,81,,,
,data-00000683,,,1023,active,2024-10-16T00:00:00,,決算額調です。,CSV,,,,,7-1-1　決算額調,2024-06-19T00:00:00,https://www.city.osaka.lg.jp/contents/wdu290/opendata/dataset/data-00000683/utf8_7-1-1.csv,,82,,,
,data-00000683,,,1292,active,2024-10-16T00:00:00,,微税費です。,CSV,,,,,9-3-1　微税費,2024-06-19T00:00:00,https://www.city.osaka.lg.jp/contents/wdu290/opendata/dataset/data-00000683/utf8_9-3-1.csv,,83,,,
,data-00000683,,,2190,active,2024-10-16T00:00:00,,市税口座振替利用状況調です。,CSV,,,,,9-5-1　市税口座振替利用状況調,2024-06-19T00:00:00,https://www.city.osaka.lg.jp/contents/wdu290/opendata/dataset/data-00000683/utf8_9-5-1.csv,,84,,,
,data-00000684,,,59100,active,2026-05-19T09:27:57,,,CSV,,,,,1_水道メータ取付数,2026-05-19T09:27:57,https://www.city.osaka.lg.jp/contents/wdu290/opendata/dataset/data-00000684/1_meter_torituke.csv,,0,,,
,data-00000684,,,32130,active,2026-05-19T09:28:13,,,CSV,,,,,2_水道メータ故障取替数,2026-05-19T09:28:13,https://www.city.osaka.lg.jp/contents/wdu290/opendata/dataset/data-00000684/2_meter_kosyou.csv,,1,,,
,data-00000684,,,288967,active,2026-05-19T09:28:29,,,CSV,,,,,3_給水管布設延長状況表_道路部分,2026-05-19T09:28:29,https://www.city.osaka.lg.jp/contents/wdu290/opendata/dataset/data-00000684/3_fusetsu_douro.csv,,2,,,
,data-00000684,,,164460,active,2026-05-19T09:28:51,,,CSV,,,,,4_給水管布設延長状況表_宅地内部分（布設のみ）,2026-05-19T09:28:51,https://www.city.osaka.lg.jp/contents/wdu290/opendata/dataset/data-00000684/4_fusetsu_takuchi.csv,,3,,,
,data-00000684,,,144842,active,2026-05-19T09:29:05,,,CSV,,,,,5_給水装置工事・修繕処理状況,2026-05-19T09:29:05,https://www.city.osaka.lg.jp/contents/wdu290/opendata/dataset/data-00000684/5_kyuusuisouchi.csv,,4,,,
,data-00000684,,,63196,active,2024-10-11T12:07:06,,,CSV,,,,,1_配水設備維持作業状況、漏水修繕状況,2024-10-23T08:44:04,https://www.city.osaka.lg.jp/contents/wdu290/opendata/dataset/data-00000684/1_ijisagyou.csv,,5,,,
,data-00000685,,,758,active,2025-02-17T00:00:00.000000,,大阪市の年次別・区別・産業大分類別の事業所数及び従業員数に関するダッシュボードです。,CSV,,,,,事業所数・従業員数一覧,2025-02-17T00:00:00.000000,https://www.city.osaka.lg.jp/contents/wdu290/opendata/dataset/data-00000685/Office_employee_1960-2021.csv,,0,,,
,data-00000686,,,1166,active,2026-04-13T19:01:47,,行政区別・男女別人口及び世帯数,CSV,,,,,行政区別・男女別人口及び世帯数,2026-04-13T19:01:47,https://www.city.osaka.lg.jp/contents/wdu290/opendata/dataset/data-00000686/01_gyousei-danjyo-setai.csv,,0,,,
,data-00000686,,,1786863,active,2026-04-13T19:03:34,,各区町丁目別・男女別・各歳別人口及び世帯数,CSV,,,,,各区町丁目別・男女別・各歳別人口及び世帯数,2026-04-13T19:03:34,https://www.city.osaka.lg.jp/contents/wdu290/opendata/dataset/data-00000686/02_jyu-ki.csv,,1,,,
,data-00000686,,,1133,active,2026-04-13T19:27:10,,行政区別・男女別・外国人人口及び世帯数,CSV,,,,,行政区別・男女別・外国人人口及び世帯数,2026-04-13T19:27:10,https://www.city.osaka.lg.jp/contents/wdu290/opendata/dataset/data-00000686/04_gyousei-danjo_gaikokujin-setai.csv,,2,,,
,data-00000686,,,8799,active,2026-04-13T19:27:10,,行政区別・男女別・5歳階級別・外国人人口及び世帯数,CSV,,,,,行政区別・男女別・5歳階級別・外国人人口及び世帯数,2026-04-13T19:27:10,https://www.city.osaka.lg.jp/contents/wdu290/opendata/dataset/data-00000686/05_gyousei-danjo-5sai_gaikokujin-setai.csv,,3,,,
,data-00000686,,,3466,active,2026-04-13T19:27:10,,外国人住民国籍別人口,CSV,,,,,外国人住民国籍別人口,2026-04-13T19:27:10,https://www.city.osaka.lg.jp/contents/wdu290/opendata/dataset/data-00000686/06_kokusekibetu.csv,,4,,,
,data-00000686,,,12097,active,2026-04-13T19:27:10,,外国人住民区別国籍別人口,CSV,,,,,外国人住民区別国籍別人口,2026-04-13T19:27:10,https://www.city.osaka.lg.jp/contents/wdu290/opendata/dataset/data-00000686/07_kubetu-kokusekibetu_gaikokujin.csv,,5,,,
,data-00000686,,,11366,active,2026-04-13T19:27:10,,外国人住民区別在留資格別人口,CSV,,,,,外国人住民区別在留資格別人口,2026-04-13T19:27:10,https://www.city.osaka.lg.jp/contents/wdu290/opendata/dataset/data-00000686/08_kubetu-shikakubetu_gaikokujin.csv,,6,,,
,data-00000686,,,10809,active,2026-04-13T19:27:10,,行政区別・男女別・5歳階級別人口及び世帯数,CSV,,,,,行政区別・男女別・5歳階級別人口及び世帯数,2026-04-13T19:27:10,https://www.city.osaka.lg.jp/contents/wdu290/opendata/dataset/data-00000686/03_gyousei-danjyo-5sai_setai.csv,,7,,,
,data-00000687,,,1633168,active,2026-09-01T00:00:00,,,CSV,,,,,オープンデータセット一覧,2026-09-01T00:00:00,https://www.city.osaka.lg.jp/contents/wdu290/opendata/dataset/data-00000687/opendata.csv,,0,,,
,data-00000688,,,111996,active,2026-05-18T13:40:43,,,CSV,,,,,1_配水設備維持作業状況、漏水修繕状況,2026-05-18T13:40:43,https://www.city.osaka.lg.jp/contents/wdu290/opendata/dataset/data-00000688/1_ijisagyou.csv,,0,,,
,data-00000688,,,1228944,active,2026-05-18T13:40:43,,,CSV,,,,,7_テレメータ,2026-05-18T13:40:43,https://www.city.osaka.lg.jp/contents/wdu290/opendata/dataset/data-00000688/7_telemeter.csv,,1,,,
,data-00000689,,,10002,active,2026-07-23T16:33:14,,行政区別・男女別・5歳階級別人口及び世帯数,CSV,,,,,行政区別・男女別・5歳階級別人口及び世帯数,2026-07-23T16:33:14,https://www.city.osaka.lg.jp/contents/wdu290/opendata/dataset/data-00000689/03_gyousei-danjo-5sai_setai.csv,,0,,,
